mic;symbol;isin;date;open_value;high_value;low_value;last_value;change_prev_close_percentage;turnover
XZAG;C10TR;HRZB00ICB103;2026-09-03;3369,89;3371,44;3361,07;3371,44;0,05;659604,88
XZAG;C10TR;HRZB00ICB103;2026-09-02;3358,43;3374,58;3357,54;3369,89;0,34;675915,02
XZAG;C10TR;HRZB00ICB103;2026-09-01;3368,77;3369,45;3355,38;3358,43;-0,41;976499,40
XZAG;C10TR;HRZB00ICB103;2026-08-31;3391,18;3391,18;3372,36;3372,36;-0,55;1065447,88
XZAG;C10TR;HRZB00ICB103;2026-08-28;3352,80;3391,01;3348,23;3391,01;1,14;1137409,90
XZAG;C10TR;HRZB00ICB103;2026-08-27;3371,41;3376,74;3349,41;3352,80;-0,55;979010,86
XZAG;C10TR;HRZB00ICB103;2026-08-26;3371,19;3372,98;3365,49;3371,41;0,19;661150,24
XZAG;C10TR;HRZB00ICB103;2026-08-25;3361,99;3372,40;3355,28;3365,13;0,09;590517,08
XZAG;C10TR;HRZB00ICB103;2026-08-24;3373,73;3376,16;3354,70;3361,99;-0,35;1000331,36
XZAG;C10TR;HRZB00ICB103;2026-08-21;3392,99;3396,13;3369,33;3373,73;-0,57;736474,78
XZAG;C10TR;HRZB00ICB103;2026-08-20;3391,91;3397,91;3383,28;3392,99;0,07;421507,72
XZAG;C10TR;HRZB00ICB103;2026-08-19;3404,08;3409,52;3387,84;3390,69;-0,36;1413163,16
XZAG;C10TR;HRZB00ICB103;2026-08-18;3370,71;3402,86;3364,62;3402,86;0,93;800797,86
XZAG;C10TR;HRZB00ICB103;2026-08-17;3378,85;3378,85;3369,54;3371,53;-0,11;236354,00
XZAG;C10TR;HRZB00ICB103;2026-08-14;3386,03;3391,16;3369,75;3375,21;-0,32;1070380,10
XZAG;C10TR;HRZB00ICB103;2026-08-13;3369,74;3386,06;3369,74;3386,03;0,56;454029,58
XZAG;C10TR;HRZB00ICB103;2026-08-12;3382,48;3388,54;3362,42;3367,27;-0,50;1474068,94
XZAG;C10TR;HRZB00ICB103;2026-08-11;3371,55;3384,06;3359,75;3384,06;0,37;1273142,62
XZAG;C10TR;HRZB00ICB103;2026-08-10;3395,69;3406,07;3371,55;3371,55;-0,57;2327211,30
XZAG;C10TR;HRZB00ICB103;2026-08-07;3397,96;3403,57;3383,74;3390,97;-0,13;3694307,10
XZAG;C10TR;HRZB00ICB103;2026-08-06;3391,76;3404,75;3388,47;3395,53;0,18;1605489,84
XZAG;C10TR;HRZB00ICB103;2026-08-04;3394,08;3397,72;3385,41;3389,34;-0,14;1584479,12
XZAG;C10TR;HRZB00ICB103;2026-08-03;3388,98;3401,47;3379,29;3394,08;0,15;1558988,36
XZAG;C10TR;HRZB00ICB103;2026-07-31;3392,18;3398,29;3381,33;3388,98;-0,09;1533460,44
XZAG;C10TR;HRZB00ICB103;2026-07-30;3388,96;3405,67;3374,88;3392,18;0,15;2250117,74
XZAG;C10TR;HRZB00ICB103;2026-07-29;3397,11;3405,58;3383,01;3387,18;-0,29;1616527,56
XZAG;C10TR;HRZB00ICB103;2026-07-28;3409,58;3432,89;3393,28;3397,11;-0,37;2790621,88
XZAG;C10TR;HRZB00ICB103;2026-07-27;3421,30;3425,67;3398,42;3409,58;-0,27;3407031,84
XZAG;C10TR;HRZB00ICB103;2026-07-24;3379,16;3418,88;3379,16;3418,88;1,12;3378356,58
XZAG;C10TR;HRZB00ICB103;2026-07-23;3353,03;3393,19;3351,12;3380,95;1,03;1255523,64
XZAG;C10TR;HRZB00ICB103;2026-07-22;3368,90;3374,50;3336,14;3346,36;-0,63;3524064,18
XZAG;C10TR;HRZB00ICB103;2026-07-21;3378,09;3384,15;3354,17;3367,69;-0,31;2572444,12
XZAG;C10TR;HRZB00ICB103;2026-07-20;3389,19;3399,25;3373,54;3378,09;-0,19;1188075,22
XZAG;C10TR;HRZB00ICB103;2026-07-17;3411,04;3423,23;3384,46;3384,46;-0,80;1536528,80
XZAG;C10TR;HRZB00ICB103;2026-07-16;3431,75;3431,75;3402,69;3411,86;-0,51;1009273,48
XZAG;C10TR;HRZB00ICB103;2026-07-15;3406,93;3429,33;3406,93;3429,33;0,68;1826148,38
XZAG;C10TR;HRZB00ICB103;2026-07-14;3363,18;3409,05;3363,18;3406,11;1,22;1400935,38
XZAG;C10TR;HRZB00ICB103;2026-07-13;3399,21;3406,28;3360,94;3365,09;-0,98;5311655,04
XZAG;C10TR;HRZB00ICB103;2026-07-10;3399,66;3422,93;3388,18;3398,49;-0,03;1759221,78
XZAG;C10TR;HRZB00ICB103;2026-07-09;3395,85;3420,87;3389,69;3399,66;0,16;1325976,24
XZAG;C10TR;HRZB00ICB103;2026-07-08;3407,17;3420,53;3382,42;3394,07;-0,61;2071613,60
XZAG;C10TR;HRZB00ICB103;2026-07-07;3414,25;3428,75;3401,55;3415,05;0,04;3751647,08
XZAG;C10TR;HRZB00ICB103;2026-07-06;3388,60;3416,41;3385,87;3413,53;0,74;1307742,68
XZAG;C10TR;HRZB00ICB103;2026-07-03;3369,94;3395,86;3364,58;3388,60;0,55;2956045,36
XZAG;C10TR;HRZB00ICB103;2026-07-02;3368,90;3384,03;3364,62;3369,94;0,20;2571196,78
XZAG;C10TR;HRZB00ICB103;2026-07-01;3404,73;3404,73;3363,17;3363,17;-1,12;2089256,78
XZAG;C10TR;HRZB00ICB103;2026-06-30;3382,32;3411,28;3373,71;3401,10;0,51;1487318,82
XZAG;C10TR;HRZB00ICB103;2026-06-29;3392,63;3415,68;3381,52;3383,89;-0,35;2056720,88
XZAG;C10TR;HRZB00ICB103;2026-06-26;3395,33;3411,17;3376,45;3395,92;0,01;1478365,18
XZAG;C10TR;HRZB00ICB103;2026-06-25;3371,86;3395,68;3370,53;3395,68;0,84;1138887,52
XZAG;C10TR;HRZB00ICB103;2026-06-24;3394,20;3398,83;3357,75;3367,41;-0,79;2086308,22
XZAG;C10TR;HRZB00ICB103;2026-06-23;3424,66;3435,26;3339,20;3394,20;0,29;2139139,96
XZAG;C10TR;HRZB00ICB103;2026-06-19;3350,39;3388,28;3335,53;3384,52;1,02;3867803,26
XZAG;C10TR;HRZB00ICB103;2026-06-18;3357,33;3362,76;3327,86;3350,39;-0,04;2807610,52
XZAG;C10TR;HRZB00ICB103;2026-06-17;3332,49;3362,38;3325,82;3351,78;0,58;2900652,52
XZAG;C10TR;HRZB00ICB103;2026-06-16;3308,21;3332,49;3306,17;3332,49;0,73;2463944,90
XZAG;C10TR;HRZB00ICB103;2026-06-15;3294,92;3327,93;3294,92;3308,21;0,54;2215570,62
XZAG;C10TR;HRZB00ICB103;2026-06-12;3255,81;3295,96;3255,81;3290,59;1,07;1952625,72
XZAG;C10TR;HRZB00ICB103;2026-06-11;3256,64;3264,26;3252,73;3255,81;-0,02;756546,02
XZAG;C10TR;HRZB00ICB103;2026-06-10;3283,83;3288,31;3248,14;3256,47;-0,88;1240779,76
XZAG;C10TR;HRZB00ICB103;2026-06-09;3244,26;3285,48;3244,26;3285,31;1,27;1817039,56
XZAG;C10TR;HRZB00ICB103;2026-06-08;3257,60;3257,60;3225,14;3244,26;-0,49;2201371,20
XZAG;C10TR;HRZB00ICB103;2026-06-05;3260,54;3284,41;3253,52;3260,29;0,04;4029375,54
XZAG;C10TR;HRZB00ICB103;2026-06-03;3263,03;3281,95;3258,97;3258,97;-0,12;4332332,58
XZAG;C10TR;HRZB00ICB103;2026-06-02;3211,00;3276,97;3204,85;3263,03;1,62;5554180,28
XZAG;C10TR;HRZB00ICB103;2026-06-01;3171,39;3215,58;3171,39;3211,00;1,20;5013963,68
XZAG;C10TR;HRZB00ICB103;2026-05-29;3130,61;3172,98;3129,27;3172,98;1,40;3262969,68
XZAG;C10TR;HRZB00ICB103;2026-05-28;3127,75;3134,76;3119,72;3129,13;0,04;1917723,18
XZAG;C10TR;HRZB00ICB103;2026-05-27;3123,97;3136,43;3123,97;3127,75;0,14;1989414,50
XZAG;C10TR;HRZB00ICB103;2026-05-26;3114,67;3126,20;3114,16;3123,25;0,28;1146490,66
XZAG;C10TR;HRZB00ICB103;2026-05-25;3104,18;3125,76;3104,18;3114,67;0,50;2148331,02
XZAG;C10TR;HRZB00ICB103;2026-05-22;3086,10;3101,48;3083,26;3099,13;0,47;1356517,88
XZAG;C10TR;HRZB00ICB103;2026-05-21;3080,41;3090,30;3073,21;3084,61;0,35;2123028,98
XZAG;C10TR;HRZB00ICB103;2026-05-20;3072,68;3079,11;3065,81;3073,70;0,03;1073051,68
XZAG;C10TR;HRZB00ICB103;2026-05-19;3071,23;3078,06;3063,77;3072,68;0,06;1834788,12
XZAG;C10TR;HRZB00ICB103;2026-05-18;3075,51;3088,00;3070,64;3070,79;-0,15;3083186,52
XZAG;C10TR;HRZB00ICB103;2026-05-15;3069,35;3085,57;3064,49;3075,51;0,32;4022935,40
XZAG;C10TR;HRZB00ICB103;2026-05-14;3071,67;3080,15;3062,57;3065,64;-0,17;3036668,12
XZAG;C10TR;HRZB00ICB103;2026-05-13;3037,96;3070,88;3037,16;3070,88;1,01;3315176,42
XZAG;C10TR;HRZB00ICB103;2026-05-12;3050,40;3050,40;3025,54;3040,30;-0,33;3094986,68
XZAG;C10TR;HRZB00ICB103;2026-05-11;3056,79;3059,12;3044,52;3050,40;-0,11;936121,72
XZAG;C10TR;HRZB00ICB103;2026-05-08;3039,72;3053,98;3038,27;3053,66;0,41;1299485,98
XZAG;C10TR;HRZB00ICB103;2026-05-07;3038,63;3047,77;3037,21;3041,06;0,10;2663318,24
XZAG;C10TR;HRZB00ICB103;2026-05-06;3023,91;3040,15;3023,91;3037,88;0,55;1812037,88
XZAG;C10TR;HRZB00ICB103;2026-05-05;3011,89;3024,43;3011,89;3021,23;0,25;1159561,42
XZAG;C10TR;HRZB00ICB103;2026-05-04;3019,36;3024,99;3006,14;3013,61;-0,19;930486,70
XZAG;C10TR;HRZB00ICB103;2026-04-30;3001,47;3028,91;2996,66;3019,36;0,60;1793442,40
XZAG;C10TR;HRZB00ICB103;2026-04-29;3006,08;3007,14;2981,88;3001,47;-0,18;2202360,02
XZAG;C10TR;HRZB00ICB103;2026-04-28;2969,33;3025,24;2969,33;3006,88;1,28;2505621,50
XZAG;C10TR;HRZB00ICB103;2026-04-27;2950,82;2976,44;2942,34;2968,82;0,56;1949064,36
XZAG;C10TR;HRZB00ICB103;2026-04-24;2943,93;2957,55;2934,77;2952,17;0,27;814878,40
XZAG;C10TR;HRZB00ICB103;2026-04-23;2939,73;2951,88;2937,84;2944,10;0,15;1064479,88
XZAG;C10TR;HRZB00ICB103;2026-04-22;2937,31;2945,58;2934,13;2939,73;0,11;1235787,34
XZAG;C10TR;HRZB00ICB103;2026-04-21;2924,12;2941,83;2923,68;2936,57;0,43;1483174,58
XZAG;C10TR;HRZB00ICB103;2026-04-20;2943,94;2945,50;2919,36;2924,12;-0,57;1378286,64
XZAG;C10TR;HRZB00ICB103;2026-04-17;2911,05;2940,98;2911,05;2940,98;1,03;1904084,94
XZAG;C10TR;HRZB00ICB103;2026-04-16;2886,21;2921,80;2884,87;2911,05;0,83;950269,68
XZAG;C10TR;HRZB00ICB103;2026-04-15;2891,75;2904,65;2884,49;2887,01;-0,16;1562251,50
XZAG;C10TR;HRZB00ICB103;2026-04-14;2865,91;2898,11;2865,91;2891,75;0,90;1056416,20
XZAG;C10TR;HRZB00ICB103;2026-04-13;2881,19;2881,19;2859,17;2865,91;-0,43;427320,58
XZAG;C10TR;HRZB00ICB103;2026-04-10;2876,22;2887,40;2875,95;2878,30;0,07;485051,00
XZAG;C10TR;HRZB00ICB103;2026-04-09;2900,62;2900,62;2873,08;2876,22;-1,01;690167,84
XZAG;C10TR;HRZB00ICB103;2026-04-08;2813,75;2922,45;2813,75;2905,67;3,58;2942245,54
XZAG;C10TR;HRZB00ICB103;2026-04-07;2825,91;2835,89;2805,16;2805,16;-0,73;1126999,72
XZAG;C10TR;HRZB00ICB103;2026-04-02;2836,50;2836,50;2813,21;2825,91;-0,38;1361714,30
XZAG;C10TR;HRZB00ICB103;2026-04-01;2788,04;2846,98;2788,04;2836,72;2,06;1545394,64
XZAG;C10TR;HRZB00ICB103;2026-03-31;2831,93;2831,93;2779,37;2779,37;-1,86;1824216,62
XZAG;C10TR;HRZB00ICB103;2026-03-30;2858,97;2858,97;2831,93;2831,93;-0,92;1011527,64
XZAG;C10TR;HRZB00ICB103;2026-03-27;2863,09;2864,61;2846,88;2858,27;0,11;595073,90
XZAG;C10TR;HRZB00ICB103;2026-03-26;2883,92;2888,63;2854,93;2855,03;-1,01;937087,72
XZAG;C10TR;HRZB00ICB103;2026-03-25;2858,29;2891,21;2858,29;2884,14;1,18;1095379,18
XZAG;C10TR;HRZB00ICB103;2026-03-24;2874,26;2885,26;2847,45;2850,49;-0,63;801766,24
XZAG;C10TR;HRZB00ICB103;2026-03-23;2895,65;2895,65;2764,53;2868,49;-0,94;3764491,76
XZAG;C10TR;HRZB00ICB103;2026-03-20;2868,70;2901,29;2868,70;2895,65;0,94;2453294,24
XZAG;C10TR;HRZB00ICB103;2026-03-19;2921,77;2921,77;2848,49;2868,70;-1,82;1527476,82
XZAG;C10TR;HRZB00ICB103;2026-03-18;2908,03;2923,06;2908,03;2921,77;0,47;1808968,30
XZAG;C10TR;HRZB00ICB103;2026-03-17;2909,86;2914,51;2903,56;2908,03;-0,06;688087,16
XZAG;C10TR;HRZB00ICB103;2026-03-16;2915,22;2915,22;2895,08;2909,86;-0,18;566708,74
XZAG;C10TR;HRZB00ICB103;2026-03-13;2914,34;2920,83;2895,83;2915,22;0,03;992038,04
XZAG;C10TR;HRZB00ICB103;2026-03-12;2905,20;2918,50;2886,39;2914,34;0,26;1043355,60
XZAG;C10TR;HRZB00ICB103;2026-03-11;2900,07;2914,74;2888,94;2906,70;0,23;949087,92
XZAG;C10TR;HRZB00ICB103;2026-03-10;2841,53;2905,02;2841,53;2900,07;2,57;1678841,28
XZAG;C10TR;HRZB00ICB103;2026-03-09;2900,02;2900,02;2796,64;2827,54;-2,55;1928811,48
XZAG;C10TR;HRZB00ICB103;2026-03-06;2928,35;2928,35;2890,90;2901,62;-0,86;1288931,98
XZAG;C10TR;HRZB00ICB103;2026-03-05;2883,51;2929,97;2881,94;2926,80;1,53;2260518,82
XZAG;C10TR;HRZB00ICB103;2026-03-04;2805,76;2911,88;2790,63;2882,73;2,75;3171007,64
XZAG;C10TR;HRZB00ICB103;2026-03-03;2869,74;2869,74;2794,45;2805,60;-2,32;4476794,80
XZAG;C10TR;HRZB00ICB103;2026-03-02;2969,13;2969,13;2870,50;2872,10;-3,27;4505243,66
XZAG;C10TR;HRZB00ICB103;2026-02-27;2956,18;2973,80;2951,94;2969,13;0,44;5871120,58
XZAG;C10TR;HRZB00ICB103;2026-02-26;2995,35;3009,46;2953,83;2956,18;-1,31;3843514,16
XZAG;C10TR;HRZB00ICB103;2026-02-25;3006,63;3014,36;2990,70;2995,35;-0,32;1140217,44
XZAG;C10TR;HRZB00ICB103;2026-02-24;2993,42;3025,32;2984,84;3005,07;0,26;1270915,04
XZAG;C10TR;HRZB00ICB103;2026-02-23;2998,67;3004,48;2984,26;2997,35;-0,07;1075126,84
XZAG;C10TR;HRZB00ICB103;2026-02-20;3021,00;3022,21;2987,05;2999,38;-0,72;2146803,10
XZAG;C10TR;HRZB00ICB103;2026-02-19;3022,54;3031,88;3013,11;3021,00;-0,05;848715,00
XZAG;C10TR;HRZB00ICB103;2026-02-18;3029,86;3037,40;3022,54;3022,54;-0,24;711409,88
XZAG;C10TR;HRZB00ICB103;2026-02-17;3037,13;3037,13;3027,15;3029,86;-0,24;882122,78
XZAG;C10TR;HRZB00ICB103;2026-02-16;3045,39;3050,34;3030,25;3037,13;-0,27;1737977,26
XZAG;C10TR;HRZB00ICB103;2026-02-13;3038,20;3046,68;3028,49;3045,39;0,23;1000220,74
XZAG;C10TR;HRZB00ICB103;2026-02-12;3031,46;3040,44;3022,28;3038,39;0,26;674636,14
XZAG;C10TR;HRZB00ICB103;2026-02-11;3025,05;3034,39;3012,08;3030,65;0,27;1649574,02
XZAG;C10TR;HRZB00ICB103;2026-02-10;3032,33;3036,16;3016,50;3022,46;-0,27;961401,28
XZAG;C10TR;HRZB00ICB103;2026-02-09;2988,90;3030,77;2988,58;3030,77;1,40;2554355,06
XZAG;C10TR;HRZB00ICB103;2026-02-06;2978,99;2988,90;2957,05;2988,90;0,46;1538670,46
XZAG;C10TR;HRZB00ICB103;2026-02-05;2976,54;2990,36;2973,55;2975,10;0,06;1154752,12
XZAG;C10TR;HRZB00ICB103;2026-02-04;2968,70;2984,21;2959,34;2973,39;0,38;1136950,74
XZAG;C10TR;HRZB00ICB103;2026-02-03;2952,27;2974,11;2951,50;2962,23;0,36;854874,92
XZAG;C10TR;HRZB00ICB103;2026-02-02;2946,41;2959,29;2927,12;2951,53;0,05;615070,08
XZAG;C10TR;HRZB00ICB103;2026-01-30;2963,64;2964,77;2934,22;2950,14;-0,35;942638,76
XZAG;C10TR;HRZB00ICB103;2026-01-29;2949,71;2968,16;2944,89;2960,53;0,34;1637019,94
XZAG;C10TR;HRZB00ICB103;2026-01-28;2957,28;2957,54;2941,70;2950,50;0,03;1324822,74
XZAG;C10TR;HRZB00ICB103;2026-01-27;2932,06;2964,72;2930,56;2949,50;0,59;2215362,66
XZAG;C10TR;HRZB00ICB103;2026-01-26;2937,96;2946,35;2929,71;2932,06;-0,33;2642658,10
XZAG;C10TR;HRZB00ICB103;2026-01-23;2950,54;2952,09;2926,96;2941,70;-0,30;1823286,92
XZAG;C10TR;HRZB00ICB103;2026-01-22;2881,64;2950,54;2881,64;2950,54;2,39;1475338,54
XZAG;C10TR;HRZB00ICB103;2026-01-21;2901,86;2901,86;2866,33;2881,64;-0,91;1387150,96
XZAG;C10TR;HRZB00ICB103;2026-01-20;2923,28;2924,50;2891,05;2908,08;-0,54;1201929,06
XZAG;C10TR;HRZB00ICB103;2026-01-19;2937,93;2937,93;2894,65;2923,98;-0,47;1223160,64
XZAG;C10TR;HRZB00ICB103;2026-01-16;2941,05;2945,76;2923,38;2937,93;-0,05;1705056,50
XZAG;C10TR;HRZB00ICB103;2026-01-15;2930,66;2945,00;2921,69;2939,50;0,33;2045364,00
XZAG;C10TR;HRZB00ICB103;2026-01-14;2902,82;2929,96;2900,02;2929,96;0,84;1793956,28
XZAG;C10TR;HRZB00ICB103;2026-01-13;2880,24;2906,20;2876,25;2905,41;0,77;1383847,36
XZAG;C10TR;HRZB00ICB103;2026-01-12;2874,92;2887,22;2874,92;2883,23;0,23;1444497,60
XZAG;C10TR;HRZB00ICB103;2026-01-09;2873,02;2879,25;2860,79;2876,53;0,08;1697119,20
XZAG;C10TR;HRZB00ICB103;2026-01-08;2855,62;2874,37;2854,56;2874,37;0,71;1400966,62
XZAG;C10TR;HRZB00ICB103;2026-01-07;2846,55;2855,57;2842,28;2854,06;0,45;1474595,30
XZAG;C10TR;HRZB00ICB103;2026-01-05;2856,49;2862,87;2839,16;2841,37;-0,36;1046036,26
XZAG;C10TR;HRZB00ICB103;2026-01-02;2831,46;2853,85;2831,46;2851,54;0,71;1137951,06
XZAG;C10TR;HRZB00ICB103;2025-12-30;2836,89;2857,66;2828,20;2831,46;-0,19;2919714,90
XZAG;C10TR;HRZB00ICB103;2025-12-29;2814,17;2836,99;2814,17;2836,89;0,79;1489287,40
XZAG;C10TR;HRZB00ICB103;2025-12-23;2801,11;2816,81;2796,50;2814,55;0,49;2317842,46
XZAG;C10TR;HRZB00ICB103;2025-12-22;2797,49;2820,21;2793,48;2800,72;0,12;1470739,96
XZAG;C10TR;HRZB00ICB103;2025-12-19;2826,45;2830,28;2797,49;2797,49;-0,93;3085475,40
XZAG;C10TR;HRZB00ICB103;2025-12-18;2810,81;2824,77;2810,32;2823,88;0,57;1677810,14
XZAG;C10TR;HRZB00ICB103;2025-12-17;2805,53;2818,79;2796,95;2807,82;0,08;1457247,46
XZAG;C10TR;HRZB00ICB103;2025-12-16;2810,78;2811,45;2797,91;2805,53;-0,24;809669,82
XZAG;C10TR;HRZB00ICB103;2025-12-15;2812,07;2823,00;2807,83;2812,37;0,01;1270136,60
XZAG;C10TR;HRZB00ICB103;2025-12-12;2816,90;2823,24;2808,37;2812,07;-0,12;1622199,66
XZAG;C10TR;HRZB00ICB103;2025-12-11;2824,86;2838,25;2814,60;2815,41;-0,33;1735022,80
XZAG;C10TR;HRZB00ICB103;2025-12-10;2800,58;2830,59;2799,08;2824,86;0,87;1105788,84
XZAG;C10TR;HRZB00ICB103;2025-12-09;2805,68;2813,70;2796,17;2800,58;-0,18;2585260,68
XZAG;C10TR;HRZB00ICB103;2025-12-08;2813,46;2815,65;2798,38;2805,68;-0,28;956408,74
XZAG;C10TR;HRZB00ICB103;2025-12-05;2800,74;2813,46;2798,81;2813,46;0,45;754821,88
XZAG;C10TR;HRZB00ICB103;2025-12-04;2800,78;2809,06;2787,99;2800,74;0,11;1292389,72
XZAG;C10TR;HRZB00ICB103;2025-12-03;2794,19;2800,87;2788,51;2797,79;0,13;1332596,76
XZAG;C10TR;HRZB00ICB103;2025-12-02;2784,48;2800,67;2781,57;2794,19;0,35;2023189,02
XZAG;C10TR;HRZB00ICB103;2025-12-01;2777,22;2795,62;2777,22;2784,48;0,26;1056548,56
XZAG;C10TR;HRZB00ICB103;2025-11-28;2772,63;2779,76;2772,63;2777,22;0,14;560472,24
XZAG;C10TR;HRZB00ICB103;2025-11-27;2766,80;2779,00;2765,18;2773,44;0,19;758684,06
XZAG;C10TR;HRZB00ICB103;2025-11-26;2764,58;2769,63;2752,67;2768,08;0,29;725684,48
XZAG;C10TR;HRZB00ICB103;2025-11-25;2765,01;2774,75;2754,91;2760,10;-0,15;1389134,48
XZAG;C10TR;HRZB00ICB103;2025-11-24;2739,65;2764,30;2739,65;2764,30;0,90;967371,26
XZAG;C10TR;HRZB00ICB103;2025-11-21;2754,63;2757,55;2731,13;2739,65;-0,68;1756117,54
XZAG;C10TR;HRZB00ICB103;2025-11-20;2760,92;2763,03;2753,10;2758,49;0,02;889925,14
XZAG;C10TR;HRZB00ICB103;2025-11-19;2761,60;2762,41;2745,32;2757,94;-0,29;1045375,44
XZAG;C10TR;HRZB00ICB103;2025-11-17;2763,55;2767,82;2749,82;2766,08;0,08;654135,90
XZAG;C10TR;HRZB00ICB103;2025-11-14;2772,12;2779,60;2762,26;2763,87;-0,11;826760,80
XZAG;C10TR;HRZB00ICB103;2025-11-13;2772,36;2781,03;2761,67;2766,98;-0,17;845215,60
XZAG;C10TR;HRZB00ICB103;2025-11-12;2764,26;2774,69;2756,27;2771,56;0,26;854163,76
XZAG;C10TR;HRZB00ICB103;2025-11-11;2769,78;2776,55;2760,81;2764,26;-0,21;1331392,26
XZAG;C10TR;HRZB00ICB103;2025-11-10;2746,52;2770,11;2745,88;2770,11;0,86;1038321,70
XZAG;C10TR;HRZB00ICB103;2025-11-07;2760,09;2762,42;2741,19;2746,52;-0,49;2335475,48
XZAG;C10TR;HRZB00ICB103;2025-11-06;2760,38;2765,85;2752,47;2760,09;-0,13;850776,50
XZAG;C10TR;HRZB00ICB103;2025-11-05;2775,49;2775,49;2752,88;2763,62;-0,37;796925,38
XZAG;C10TR;HRZB00ICB103;2025-11-04;2786,46;2786,46;2765,49;2773,82;-0,47;1558083,40
XZAG;C10TR;HRZB00ICB103;2025-11-03;2797,02;2804,91;2786,79;2786,79;-0,37;1344568,10
XZAG;C10TR;HRZB00ICB103;2025-10-31;2791,61;2799,67;2780,32;2797,02;0,17;1347445,76
XZAG;C10TR;HRZB00ICB103;2025-10-30;2807,55;2818,70;2789,89;2792,25;-0,54;1341023,76
XZAG;C10TR;HRZB00ICB103;2025-10-29;2825,77;2829,63;2788,08;2807,55;-0,64;3330925,50
XZAG;C10TR;HRZB00ICB103;2025-10-28;2837,54;2843,20;2817,74;2825,77;-0,52;1948969,62
XZAG;C10TR;HRZB00ICB103;2025-10-27;2847,46;2870,90;2827,99;2840,52;-0,24;2785884,28
XZAG;C10TR;HRZB00ICB103;2025-10-24;2846,95;2857,91;2837,39;2847,46;-0,03;1641266,78
XZAG;C10TR;HRZB00ICB103;2025-10-23;2821,72;2856,65;2818,56;2848,36;1,03;1475527,84
XZAG;C10TR;HRZB00ICB103;2025-10-22;2812,28;2834,31;2812,07;2819,28;0,49;865417,68
XZAG;C10TR;HRZB00ICB103;2025-10-21;2798,38;2812,30;2795,35;2805,61;0,30;1739101,60
XZAG;C10TR;HRZB00ICB103;2025-10-20;2788,88;2798,59;2780,52;2797,10;0,40;908806,22
XZAG;C10TR;HRZB00ICB103;2025-10-17;2784,95;2785,89;2763,03;2785,89;0,03;1174279,86
XZAG;C10TR;HRZB00ICB103;2025-10-16;2752,75;2784,95;2752,75;2784,95;1,05;924329,16
XZAG;C10TR;HRZB00ICB103;2025-10-15;2747,23;2759,86;2746,89;2756,08;0,27;693653,84
XZAG;C10TR;HRZB00ICB103;2025-10-14;2756,02;2774,78;2739,89;2748,74;-0,45;2938453,68
XZAG;C10TR;HRZB00ICB103;2025-10-13;2752,13;2763,11;2749,05;2761,16;0,39;829111,84
XZAG;C10TR;HRZB00ICB103;2025-10-10;2756,41;2769,19;2743,57;2750,47;-0,11;3032633,88
XZAG;C10TR;HRZB00ICB103;2025-10-09;2769,96;2771,46;2746,07;2753,42;-0,60;1574405,96
XZAG;C10TR;HRZB00ICB103;2025-10-08;2777,35;2784,61;2749,18;2769,96;-0,50;1903165,50
XZAG;C10TR;HRZB00ICB103;2025-10-07;2797,57;2806,40;2780,53;2783,77;-0,54;2732590,74
XZAG;C10TR;HRZB00ICB103;2025-10-06;2814,81;2821,83;2791,66;2798,86;-0,58;2308228,64
XZAG;C10TR;HRZB00ICB103;2025-10-03;2822,87;2839,40;2809,23;2815,14;-0,12;2615640,82
XZAG;C10TR;HRZB00ICB103;2025-10-02;2803,96;2822,98;2801,15;2818,39;0,53;1322472,36
XZAG;C10TR;HRZB00ICB103;2025-10-01;2780,79;2807,38;2770,90;2803,53;0,84;2063579,76
XZAG;C10TR;HRZB00ICB103;2025-09-30;2778,66;2782,61;2768,52;2780,04;0,24;1720019,44
XZAG;C10TR;HRZB00ICB103;2025-09-29;2774,00;2785,01;2764,96;2773,52;-0,02;2264465,84
XZAG;C10TR;HRZB00ICB103;2025-09-26;2764,52;2777,02;2754,93;2774,00;0,34;2788871,50
XZAG;C10TR;HRZB00ICB103;2025-09-25;2763,02;2769,00;2732,49;2764,52;-0,04;2342309,98
XZAG;C10TR;HRZB00ICB103;2025-09-24;2770,81;2771,40;2760,15;2765,59;-0,24;1165767,94
XZAG;C10TR;HRZB00ICB103;2025-09-23;2790,86;2797,57;2750,19;2772,30;-0,67;2184149,64
XZAG;C10TR;HRZB00ICB103;2025-09-22;2801,99;2802,65;2787,58;2790,86;-0,40;1864631,54
XZAG;C10TR;HRZB00ICB103;2025-09-19;2794,45;2825,51;2794,45;2801,99;0,33;3711763,30
XZAG;C10TR;HRZB00ICB103;2025-09-18;2809,52;2819,19;2788,00;2792,64;-0,41;1913636,16
XZAG;C10TR;HRZB00ICB103;2025-09-17;2811,67;2819,46;2800,16;2804,10;-0,27;1547082,54
XZAG;C10TR;HRZB00ICB103;2025-09-16;2850,21;2850,21;2811,06;2811,67;-1,35;1518315,88
XZAG;C10TR;HRZB00ICB103;2025-09-15;2845,09;2870,73;2833,48;2850,21;0,24;2123415,40
XZAG;C10TR;HRZB00ICB103;2025-09-12;2819,58;2855,91;2819,07;2843,51;0,85;2746460,70
XZAG;C10TR;HRZB00ICB103;2025-09-11;2810,12;2822,23;2807,02;2819,58;0,36;1762992,84
XZAG;C10TR;HRZB00ICB103;2025-09-10;2786,60;2809,35;2786,60;2809,35;0,95;2433253,40
XZAG;C10TR;HRZB00ICB103;2025-09-09;2773,17;2797,83;2770,55;2782,98;0,30;2736025,56
XZAG;C10TR;HRZB00ICB103;2025-09-08;2749,27;2786,60;2739,45;2774,76;1,86;3821125,62
XZAG;C10TR;HRZB00ICB103;2025-09-05;2696,23;2727,57;2686,53;2723,96;1,16;2563334,60
XZAG;C10TR;HRZB00ICB103;2025-09-04;2689,55;2698,74;2686,91;2692,61;0,09;3021567,36
XZAG;C10TR;HRZB00ICB103;2025-09-03;2681,00;2690,32;2669,49;2690,32;0,35;2453293,46
XZAG;C10TR;HRZB00ICB103;2025-09-02;2686,90;2696,73;2673,27;2681,00;-0,22;1827678,12
XZAG;C10TR;HRZB00ICB103;2025-09-01;2670,62;2686,90;2661,84;2686,90;0,61;1099298,60
XZAG;C10TR;HRZB00ICB103;2025-08-29;2669,02;2672,95;2660,81;2670,62;0,06;876249,58
XZAG;C10TR;HRZB00ICB103;2025-08-28;2666,85;2669,75;2658,48;2669,02;0,29;881163,36
XZAG;C10TR;HRZB00ICB103;2025-08-27;2651,23;2667,21;2651,23;2661,43;0,32;1310017,96
XZAG;C10TR;HRZB00ICB103;2025-08-26;2669,82;2669,82;2652,13;2653,04;-0,63;1409205,50
XZAG;C10TR;HRZB00ICB103;2025-08-25;2660,08;2669,82;2653,91;2669,82;0,43;1388284,54
XZAG;C10TR;HRZB00ICB103;2025-08-22;2653,14;2658,27;2645,29;2658,27;0,20;641661,54
XZAG;C10TR;HRZB00ICB103;2025-08-21;2660,18;2668,85;2644,99;2652,94;-0,28;1770773,02
XZAG;C10TR;HRZB00ICB103;2025-08-20;2659,66;2668,08;2657,11;2660,33;0,03;1002983,98
XZAG;C10TR;HRZB00ICB103;2025-08-19;2673,40;2677,39;2659,16;2659,66;-0,24;1272574,86
XZAG;C10TR;HRZB00ICB103;2025-08-18;2685,17;2693,57;2666,17;2666,17;-0,70;1257368,00
XZAG;C10TR;HRZB00ICB103;2025-08-14;2678,52;2692,27;2675,10;2684,87;0,19;1692603,90
XZAG;C10TR;HRZB00ICB103;2025-08-13;2672,01;2681,29;2663,61;2679,69;0,29;1203481,66
XZAG;C10TR;HRZB00ICB103;2025-08-12;2669,42;2673,98;2655,74;2672,01;0,10;859618,72
XZAG;C10TR;HRZB00ICB103;2025-08-11;2672,34;2678,34;2666,16;2669,42;-0,11;575700,86
XZAG;C10TR;HRZB00ICB103;2025-08-08;2675,84;2686,20;2672,34;2672,34;-0,13;667304,12
XZAG;C10TR;HRZB00ICB103;2025-08-07;2684,74;2691,26;2674,16;2675,84;-0,33;733427,26
XZAG;C10TR;HRZB00ICB103;2025-08-06;2684,54;2685,58;2669,41;2684,74;0,01;1128862,32
XZAG;C10TR;HRZB00ICB103;2025-08-04;2688,98;2688,98;2680,22;2684,54;-0,14;1546958,12
XZAG;C10TR;HRZB00ICB103;2025-08-01;2702,25;2705,71;2682,46;2688,21;-0,52;1576803,06
XZAG;C10TR;HRZB00ICB103;2025-07-31;2715,12;2718,86;2694,62;2702,25;-0,50;1615524,86
XZAG;C10TR;HRZB00ICB103;2025-07-30;2718,51;2726,10;2704,77;2715,88;0,10;2431831,22
XZAG;C10TR;HRZB00ICB103;2025-07-29;2718,86;2734,97;2710,06;2713,09;-0,13;1599333,06
XZAG;C10TR;HRZB00ICB103;2025-07-28;2702,62;2723,35;2702,62;2716,53;0,52;837008,66
XZAG;C10TR;HRZB00ICB103;2025-07-25;2739,47;2741,06;2697,34;2702,47;-1,49;1900898,94
XZAG;C10TR;HRZB00ICB103;2025-07-24;2724,41;2756,72;2724,41;2743,25;0,75;3244952,34
XZAG;C10TR;HRZB00ICB103;2025-07-23;2722,21;2730,49;2703,05;2722,83;0,28;1211609,56
XZAG;C10TR;HRZB00ICB103;2025-07-22;2684,16;2741,12;2684,16;2715,23;1,16;2297620,28
XZAG;C10TR;HRZB00ICB103;2025-07-21;2669,40;2688,84;2663,85;2684,00;0,55;1687976,54
XZAG;C10TR;HRZB00ICB103;2025-07-18;2678,85;2687,98;2660,52;2669,40;-0,30;2671571,62
XZAG;C10TR;HRZB00ICB103;2025-07-17;2681,57;2706,39;2671,53;2677,34;-0,16;2553997,94
XZAG;C10TR;HRZB00ICB103;2025-07-16;2667,16;2689,93;2664,84;2681,57;0,54;2357210,34
XZAG;C10TR;HRZB00ICB103;2025-07-15;2651,94;2672,72;2643,53;2667,16;0,54;1700876,26
XZAG;C10TR;HRZB00ICB103;2025-07-14;2617,65;2653,47;2610,56;2652,71;1,28;1716491,00
XZAG;C10TR;HRZB00ICB103;2025-07-11;2586,54;2619,19;2584,73;2619,19;1,31;1616367,90
XZAG;C10TR;HRZB00ICB103;2025-07-10;2582,13;2587,59;2577,72;2585,38;0,16;454711,98
XZAG;C10TR;HRZB00ICB103;2025-07-09;2581,12;2584,03;2575,45;2581,36;0,01;896816,26
XZAG;C10TR;HRZB00ICB103;2025-07-08;2578,97;2582,16;2566,77;2581,12;0,08;378827,20
XZAG;C10TR;HRZB00ICB103;2025-07-07;2579,01;2588,72;2576,30;2578,97;0,14;949553,28
XZAG;C10TR;HRZB00ICB103;2025-07-04;2570,62;2581,04;2570,62;2575,40;0,24;819157,82
XZAG;C10TR;HRZB00ICB103;2025-07-03;2548,90;2570,44;2548,90;2569,11;0,79;689122,36
XZAG;C10TR;HRZB00ICB103;2025-07-02;2570,77;2571,53;2548,90;2548,90;-0,94;1072685,84
XZAG;C10TR;HRZB00ICB103;2025-07-01;2578,74;2586,14;2569,79;2573,04;0,02;1163463,10
XZAG;C10TR;HRZB00ICB103;2025-06-30;2569,28;2578,40;2560,39;2572,40;0,06;1418731,90
XZAG;C10TR;HRZB00ICB103;2025-06-27;2587,74;2594,83;2570,52;2570,87;-0,65;889415,24
XZAG;C10TR;HRZB00ICB103;2025-06-26;2568,16;2590,04;2564,89;2587,74;0,76;1463454,90
XZAG;C10TR;HRZB00ICB103;2025-06-25;2548,60;2570,10;2546,60;2568,16;0,77;1031046,16
XZAG;C10TR;HRZB00ICB103;2025-06-24;2523,87;2549,86;2523,87;2548,60;1,20;1238091,14
XZAG;C10TR;HRZB00ICB103;2025-06-23;2536,68;2536,68;2508,72;2518,45;-0,95;645900,60
XZAG;C10TR;HRZB00ICB103;2025-06-20;2497,67;2542,96;2495,54;2542,49;1,89;2956166,80
XZAG;C10TR;HRZB00ICB103;2025-06-18;2493,30;2499,18;2478,05;2495,42;0,09;3832464,76
XZAG;C10TR;HRZB00ICB103;2025-06-17;2488,50;2496,20;2485,58;2493,30;0,44;943683,88
XZAG;C10TR;HRZB00ICB103;2025-06-16;2449,35;2482,46;2447,46;2482,46;1,36;1206828,16
XZAG;C10TR;HRZB00ICB103;2025-06-13;2465,94;2468,28;2446,11;2449,05;-0,66;1335295,24
XZAG;C10TR;HRZB00ICB103;2025-06-12;2476,78;2476,78;2461,97;2465,24;-0,47;695233,74
XZAG;C10TR;HRZB00ICB103;2025-06-11;2473,48;2480,42;2470,30;2476,78;0,10;330302,44
XZAG;C10TR;HRZB00ICB103;2025-06-10;2477,96;2486,35;2461,74;2474,19;-0,18;946006,12
XZAG;C10TR;HRZB00ICB103;2025-06-09;2489,81;2489,81;2473,09;2478,66;-0,45;660903,58
XZAG;C10TR;HRZB00ICB103;2025-06-06;2480,49;2491,21;2474,39;2489,81;0,62;1211717,30
XZAG;C10TR;HRZB00ICB103;2025-06-05;2473,56;2479,37;2471,86;2474,40;0,03;535008,94
XZAG;C10TR;HRZB00ICB103;2025-06-04;2480,60;2486,19;2466,54;2473,56;-0,28;1586253,42
XZAG;C10TR;HRZB00ICB103;2025-06-03;2451,48;2480,60;2451,48;2480,60;1,19;670852,82
XZAG;C10TR;HRZB00ICB103;2025-06-02;2436,21;2451,33;2428,58;2451,33;0,43;1562017,00
XZAG;C10TR;HRZB00ICB103;2025-05-29;2437,72;2444,07;2429,77;2440,72;0,19;867527,70
XZAG;C10TR;HRZB00ICB103;2025-05-28;2444,47;2451,11;2434,70;2436,21;-0,31;778915,96
XZAG;C10TR;HRZB00ICB103;2025-05-27;2436,33;2445,60;2431,44;2443,88;0,36;353996,72
XZAG;C10TR;HRZB00ICB103;2025-05-26;2416,53;2438,05;2412,87;2435,20;0,80;843916,20
XZAG;C10TR;HRZB00ICB103;2025-05-23;2458,63;2467,20;2410,10;2415,78;-1,77;1327810,24
XZAG;C10TR;HRZB00ICB103;2025-05-22;2450,56;2466,36;2450,56;2459,29;0,51;475897,60
XZAG;C10TR;HRZB00ICB103;2025-05-21;2465,88;2465,88;2443,07;2446,77;-0,78;793978,00
XZAG;C10TR;HRZB00ICB103;2025-05-20;2472,38;2476,93;2459,20;2466,03;-0,21;1492118,70
XZAG;C10TR;HRZB00ICB103;2025-05-19;2472,86;2482,22;2467,31;2471,25;-0,07;1947435,56
XZAG;C10TR;HRZB00ICB103;2025-05-16;2451,27;2484,37;2451,27;2472,86;0,96;1973567,58
XZAG;C10TR;HRZB00ICB103;2025-05-15;2430,70;2449,38;2426,04;2449,38;0,72;1435509,52
XZAG;C10TR;HRZB00ICB103;2025-05-14;2433,27;2439,30;2423,22;2431,82;0,02;1874829,96
XZAG;C10TR;HRZB00ICB103;2025-05-13;2420,91;2437,42;2417,81;2431,37;0,43;1186124,76
XZAG;C10TR;HRZB00ICB103;2025-05-12;2407,70;2424,42;2407,70;2420,91;0,60;2022797,96
XZAG;C10TR;HRZB00ICB103;2025-05-09;2393,71;2411,59;2393,71;2406,57;0,58;869669,32
XZAG;C10TR;HRZB00ICB103;2025-05-08;2369,58;2395,81;2369,58;2392,58;1,00;869443,74
XZAG;C10TR;HRZB00ICB103;2025-05-07;2338,29;2368,84;2338,29;2368,84;1,31;1309533,60
XZAG;C10TR;HRZB00ICB103;2025-05-06;2336,42;2341,83;2325,92;2338,29;0,07;997835,54
XZAG;C10TR;HRZB00ICB103;2025-05-05;2324,85;2341,35;2324,85;2336,62;0,55;1045279,90
XZAG;C10TR;HRZB00ICB103;2025-05-02;2317,22;2339,76;2317,22;2323,91;0,29;524872,28
XZAG;C10TR;HRZB00ICB103;2025-04-30;2337,78;2347,02;2316,47;2317,22;-0,88;1116480,28
XZAG;C10TR;HRZB00ICB103;2025-04-29;2292,74;2351,84;2292,74;2337,78;2,07;1332932,52
XZAG;C10TR;HRZB00ICB103;2025-04-28;2278,72;2294,13;2275,33;2290,48;0,52;1628110,60
XZAG;C10TR;HRZB00ICB103;2025-04-25;2289,38;2291,18;2273,80;2278,72;-0,22;1121263,58
XZAG;C10TR;HRZB00ICB103;2025-04-24;2282,82;2290,48;2276,60;2283,74;0,14;756255,00
XZAG;C10TR;HRZB00ICB103;2025-04-23;2261,94;2287,80;2261,94;2280,57;0,87;852458,26
XZAG;C10TR;HRZB00ICB103;2025-04-22;2249,91;2265,50;2246,70;2260,99;0,55;888011,68
XZAG;C10TR;HRZB00ICB103;2025-04-17;2273,10;2273,30;2244,75;2248,58;-1,16;1126137,74
XZAG;C10TR;HRZB00ICB103;2025-04-16;2299,12;2299,68;2274,99;2274,99;-1,05;865637,06
XZAG;C10TR;HRZB00ICB103;2025-04-15;2282,54;2304,34;2282,54;2299,12;0,79;943031,00
XZAG;C10TR;HRZB00ICB103;2025-04-14;2276,50;2284,86;2274,38;2281,06;0,20;544945,54
XZAG;C10TR;HRZB00ICB103;2025-04-11;2269,97;2286,67;2265,21;2276,42;0,25;633097,34
XZAG;C10TR;HRZB00ICB103;2025-04-10;2213,29;2325,31;2213,29;2270,73;2,95;2096588,12
XZAG;C10TR;HRZB00ICB103;2025-04-09;2239,57;2239,57;2193,16;2205,74;-1,61;1120259,48
XZAG;C10TR;HRZB00ICB103;2025-04-08;2162,38;2242,19;2162,38;2241,84;3,69;3949134,90
XZAG;C10TR;HRZB00ICB103;2025-04-07;2221,58;2221,58;2081,09;2162,15;-3,35;4836507,88
XZAG;C10TR;HRZB00ICB103;2025-04-04;2290,91;2291,86;2230,21;2237,08;-2,35;3142336,54
XZAG;C10TR;HRZB00ICB103;2025-04-03;2313,77;2313,77;2286,72;2290,91;-0,99;1077797,88
XZAG;C10TR;HRZB00ICB103;2025-04-02;2326,87;2334,62;2309,24;2313,77;-0,55;1011076,70
XZAG;C10TR;HRZB00ICB103;2025-04-01;2325,13;2326,57;2305,51;2326,57;0,06;435285,34
XZAG;C10TR;HRZB00ICB103;2025-03-31;2347,79;2347,79;2315,70;2325,13;-0,82;624814,02
XZAG;C10TR;HRZB00ICB103;2025-03-28;2354,52;2354,52;2344,41;2344,41;-0,33;570957,50
XZAG;C10TR;HRZB00ICB103;2025-03-27;2357,27;2358,71;2345,93;2352,26;-0,18;446603,32
XZAG;C10TR;HRZB00ICB103;2025-03-26;2361,07;2362,97;2345,88;2356,61;-0,25;966751,54
XZAG;C10TR;HRZB00ICB103;2025-03-25;2340,92;2364,73;2337,51;2362,63;0,93;464288,40
XZAG;C10TR;HRZB00ICB103;2025-03-24;2342,86;2351,16;2337,13;2340,92;-0,03;396828,10
XZAG;C10TR;HRZB00ICB103;2025-03-21;2344,24;2344,24;2324,73;2341,73;-0,11;1247384,72
XZAG;C10TR;HRZB00ICB103;2025-03-20;2357,59;2357,59;2342,14;2344,24;-0,67;375116,44
XZAG;C10TR;HRZB00ICB103;2025-03-19;2366,49;2371,36;2351,24;2360,01;-0,22;1098536,16
XZAG;C10TR;HRZB00ICB103;2025-03-18;2328,37;2365,11;2328,37;2365,11;1,45;979377,80
XZAG;C10TR;HRZB00ICB103;2025-03-17;2327,01;2338,90;2324,32;2331,40;0,17;537295,26
XZAG;C10TR;HRZB00ICB103;2025-03-14;2320,16;2331,42;2317,67;2327,42;0,25;567880,54
XZAG;C10TR;HRZB00ICB103;2025-03-13;2327,80;2330,93;2316,15;2321,53;-0,18;808400,58
XZAG;C10TR;HRZB00ICB103;2025-03-12;2291,04;2327,98;2291,04;2325,60;1,51;638588,04
XZAG;C10TR;HRZB00ICB103;2025-03-11;2307,07;2307,07;2291,04;2291,04;-0,69;1082674,84
XZAG;C10TR;HRZB00ICB103;2025-03-10;2332,27;2339,64;2298,03;2307,07;-1,14;578066,42
XZAG;C10TR;HRZB00ICB103;2025-03-07;2325,43;2334,22;2317,06;2333,56;0,32;534392,38
XZAG;C10TR;HRZB00ICB103;2025-03-06;2342,55;2351,49;2322,32;2326,13;-0,54;1104157,64
XZAG;C10TR;HRZB00ICB103;2025-03-05;2307,16;2345,21;2304,66;2338,67;1,59;930446,78
XZAG;C10TR;HRZB00ICB103;2025-03-04;2361,05;2362,34;2217,39;2301,99;-2,62;3566027,34
XZAG;C10TR;HRZB00ICB103;2025-03-03;2375,08;2381,54;2361,05;2363,85;-0,26;854096,82
XZAG;C10TR;HRZB00ICB103;2025-02-28;2401,13;2407,38;2369,26;2369,91;-1,41;1326190,84
XZAG;C10TR;HRZB00ICB103;2025-02-27;2399,76;2411,43;2392,53;2403,71;0,19;1472984,00
XZAG;C10TR;HRZB00ICB103;2025-02-26;2418,84;2431,75;2396,59;2399,07;-0,82;1900865,16
XZAG;C10TR;HRZB00ICB103;2025-02-25;2424,97;2438,50;2415,71;2418,84;-0,23;639627,80
XZAG;C10TR;HRZB00ICB103;2025-02-24;2466,03;2469,60;2420,43;2424,41;-1,58;1196018,70
XZAG;C10TR;HRZB00ICB103;2025-02-21;2457,09;2465,16;2445,06;2463,23;0,14;850922,28
XZAG;C10TR;HRZB00ICB103;2025-02-20;2458,28;2459,68;2440,37;2459,68;0,16;645068,28
XZAG;C10TR;HRZB00ICB103;2025-02-19;2443,45;2459,46;2443,45;2455,72;0,50;794822,66
XZAG;C10TR;HRZB00ICB103;2025-02-18;2430,25;2454,64;2430,25;2443,45;0,54;905262,50
XZAG;C10TR;HRZB00ICB103;2025-02-17;2444,98;2451,52;2428,19;2430,25;-0,60;1463177,54
XZAG;C10TR;HRZB00ICB103;2025-02-14;2443,49;2459,85;2432,84;2444,98;0,06;946095,82
XZAG;C10TR;HRZB00ICB103;2025-02-13;2442,35;2455,48;2427,93;2443,49;0,05;1332802,00
XZAG;C10TR;HRZB00ICB103;2025-02-12;2438,32;2448,22;2428,48;2442,35;0,22;1030163,54
XZAG;C10TR;HRZB00ICB103;2025-02-11;2445,44;2452,85;2434,91;2436,92;-0,35;1494926,30
XZAG;C10TR;HRZB00ICB103;2025-02-10;2435,66;2460,49;2434,96;2445,44;0,40;677050,76
XZAG;C10TR;HRZB00ICB103;2025-02-07;2454,09;2454,09;2435,66;2435,66;-0,53;932056,46
XZAG;C10TR;HRZB00ICB103;2025-02-06;2452,56;2454,10;2440,31;2448,60;-0,16;1119356,62
XZAG;C10TR;HRZB00ICB103;2025-02-05;2439,65;2452,56;2437,75;2452,56;0,54;707816,94
XZAG;C10TR;HRZB00ICB103;2025-02-04;2426,80;2440,70;2423,92;2439,47;0,47;846945,92
XZAG;C10TR;HRZB00ICB103;2025-02-03;2453,73;2453,73;2423,84;2428,09;-1,27;1094644,36
XZAG;C10TR;HRZB00ICB103;2025-01-31;2456,10;2460,09;2446,65;2459,22;0,13;651465,14
XZAG;C10TR;HRZB00ICB103;2025-01-30;2454,24;2459,41;2444,03;2456,10;0,08;631535,36
XZAG;C10TR;HRZB00ICB103;2025-01-29;2455,59;2461,17;2445,12;2454,24;0,15;752754,02
XZAG;C10TR;HRZB00ICB103;2025-01-28;2441,09;2456,22;2439,04;2450,49;0,33;991300,38
XZAG;C10TR;HRZB00ICB103;2025-01-27;2455,47;2459,69;2430,50;2442,38;-0,48;1154708,02
XZAG;C10TR;HRZB00ICB103;2025-01-24;2434,27;2455,66;2433,57;2454,18;0,82;1289279,98
XZAG;C10TR;HRZB00ICB103;2025-01-23;2412,34;2439,36;2411,50;2434,27;0,94;1292035,46
XZAG;C10TR;HRZB00ICB103;2025-01-22;2406,52;2419,10;2402,62;2411,69;0,27;1610542,38
XZAG;C10TR;HRZB00ICB103;2025-01-21;2396,99;2407,23;2396,68;2405,23;0,35;923991,12
XZAG;C10TR;HRZB00ICB103;2025-01-20;2387,66;2406,47;2387,66;2396,80;0,38;1149470,10
XZAG;C10TR;HRZB00ICB103;2025-01-17;2386,68;2400,23;2385,42;2387,66;-0,07;1012623,08
XZAG;C10TR;HRZB00ICB103;2025-01-16;2373,20;2395,10;2372,76;2389,26;0,71;1182709,66
XZAG;C10TR;HRZB00ICB103;2025-01-15;2388,79;2388,79;2371,48;2372,50;-0,45;1064239,72
XZAG;C10TR;HRZB00ICB103;2025-01-14;2378,33;2392,17;2367,40;2383,31;0,24;2419252,80
XZAG;C10TR;HRZB00ICB103;2025-01-13;2365,65;2385,41;2360,55;2377,63;0,27;2406149,08
XZAG;C10TR;HRZB00ICB103;2025-01-10;2352,15;2371,88;2342,65;2371,14;0,81;1618669,30
XZAG;C10TR;HRZB00ICB103;2025-01-09;2315,33;2352,15;2314,63;2352,15;1,48;1765410,38
XZAG;C10TR;HRZB00ICB103;2025-01-08;2287,31;2320,32;2286,61;2317,92;1,34;2907342,00
XZAG;C10TR;HRZB00ICB103;2025-01-07;2252,79;2287,31;2252,79;2287,31;1,65;827185,86
XZAG;C10TR;HRZB00ICB103;2025-01-03;2264,72;2264,72;2250,00;2250,20;-0,45;664636,76
XZAG;C10TR;HRZB00ICB103;2025-01-02;2246,76;2274,53;2240,31;2260,33;0,60;947198,70
XZAG;C10TR;HRZB00ICB103;2024-12-30;2248,30;2255,08;2227,04;2246,76;-0,07;1559112,50
XZAG;C10TR;HRZB00ICB103;2024-12-27;2248,82;2258,95;2245,11;2248,30;-0,02;1297244,12
XZAG;C10TR;HRZB00ICB103;2024-12-23;2224,57;2248,82;2224,57;2248,82;1,12;958322,52
XZAG;C10TR;HRZB00ICB103;2024-12-20;2237,99;2237,99;2223,19;2223,96;-0,62;797191,10
XZAG;C10TR;HRZB00ICB103;2024-12-19;2254,54;2261,22;2234,96;2237,81;-0,74;875576,42
XZAG;C10TR;HRZB00ICB103;2024-12-18;2253,81;2263,78;2246,10;2254,54;0,17;1260327,42
XZAG;C10TR;HRZB00ICB103;2024-12-17;2239,30;2257,06;2238,07;2250,78;0,51;1095551,70
XZAG;C10TR;HRZB00ICB103;2024-12-16;2235,25;2241,71;2230,77;2239,30;0,18;664676,02
XZAG;C10TR;HRZB00ICB103;2024-12-13;2246,83;2246,83;2231,70;2235,25;-0,29;643287,60
XZAG;C10TR;HRZB00ICB103;2024-12-12;2220,55;2244,13;2220,55;2241,73;0,95;1148726,18
XZAG;C10TR;HRZB00ICB103;2024-12-11;2203,70;2224,04;2203,70;2220,55;0,88;792144,10
XZAG;C10TR;HRZB00ICB103;2024-12-10;2189,23;2210,39;2189,23;2201,15;0,96;832168,36
XZAG;C10TR;HRZB00ICB103;2024-12-09;2176,92;2184,49;2170,74;2180,30;0,16;658967,40
XZAG;C10TR;HRZB00ICB103;2024-12-06;2189,87;2190,31;2171,62;2176,92;-0,59;867937,90
XZAG;C10TR;HRZB00ICB103;2024-12-05;2175,05;2189,87;2174,44;2189,87;0,56;414785,74
XZAG;C10TR;HRZB00ICB103;2024-12-04;2194,27;2197,17;2175,12;2177,60;-0,76;767172,86
XZAG;C10TR;HRZB00ICB103;2024-12-03;2201,45;2211,34;2189,71;2194,27;-0,21;851705,38
XZAG;C10TR;HRZB00ICB103;2024-12-02;2199,04;2212,13;2195,29;2198,90;-0,04;747135,66
XZAG;C10TR;HRZB00ICB103;2024-11-29;2202,97;2206,79;2167,57;2199,69;-0,15;729331,30
XZAG;C10TR;HRZB00ICB103;2024-11-28;2223,26;2228,24;2195,46;2202,97;-0,91;1168528,02
XZAG;C10TR;HRZB00ICB103;2024-11-27;2202,55;2238,02;2202,55;2223,26;1,17;951160,96
XZAG;C10TR;HRZB00ICB103;2024-11-26;2179,77;2199,39;2174,67;2197,45;0,81;796239,98
XZAG;C10TR;HRZB00ICB103;2024-11-25;2173,10;2181,07;2172,67;2179,77;0,19;571548,92
XZAG;C10TR;HRZB00ICB103;2024-11-22;2177,93;2177,93;2170,94;2175,65;-0,13;655794,36
XZAG;C10TR;HRZB00ICB103;2024-11-21;2188,45;2192,27;2166,93;2178,58;-0,45;926674,98
XZAG;C10TR;HRZB00ICB103;2024-11-20;2184,76;2191,69;2178,82;2188,45;0,17;534678,72
XZAG;C10TR;HRZB00ICB103;2024-11-19;2178,08;2186,55;2171,10;2184,76;0,28;637689,08
XZAG;C10TR;HRZB00ICB103;2024-11-15;2186,38;2186,38;2176,14;2178,69;-0,35;509844,42
XZAG;C10TR;HRZB00ICB103;2024-11-14;2162,78;2189,17;2162,78;2186,38;1,11;882111,52
XZAG;C10TR;HRZB00ICB103;2024-11-13;2153,11;2164,30;2153,11;2162,41;0,43;582724,62
XZAG;C10TR;HRZB00ICB103;2024-11-12;2153,23;2161,76;2153,11;2153,11;-0,04;736935,66
XZAG;C10TR;HRZB00ICB103;2024-11-11;2159,44;2160,63;2150,66;2153,88;-0,29;1010331,48
XZAG;C10TR;HRZB00ICB103;2024-11-08;2150,10;2160,06;2140,95;2160,06;0,46;1085080,74
XZAG;C10TR;HRZB00ICB103;2024-11-07;2150,62;2154,74;2145,58;2150,10;0,04;361029,18
XZAG;C10TR;HRZB00ICB103;2024-11-06;2146,46;2149,33;2139,43;2149,33;0,13;982647,90
XZAG;C10TR;HRZB00ICB103;2024-11-05;2141,43;2157,54;2141,43;2146,46;0,11;698712,76
XZAG;C10TR;HRZB00ICB103;2024-11-04;2161,60;2161,60;2140,04;2144,01;-0,87;912769,22
XZAG;C10TR;HRZB00ICB103;2024-10-31;2144,38;2167,49;2139,49;2162,89;0,86;1610773,48
XZAG;C10TR;HRZB00ICB103;2024-10-30;2129,25;2146,38;2129,25;2144,38;0,71;1076062,40
XZAG;C10TR;HRZB00ICB103;2024-10-29;2138,55;2147,14;2128,63;2129,25;-0,40;935821,06
XZAG;C10TR;HRZB00ICB103;2024-10-28;2141,30;2148,17;2131,05;2137,86;-0,06;1592136,56
XZAG;C10TR;HRZB00ICB103;2024-10-25;2144,10;2146,97;2136,18;2139,24;-0,17;694492,60
XZAG;C10TR;HRZB00ICB103;2024-10-24;2146,15;2152,57;2137,80;2142,83;-0,15;1066510,60
XZAG;C10TR;HRZB00ICB103;2024-10-23;2139,74;2151,35;2135,14;2146,15;0,24;944544,52
XZAG;C10TR;HRZB00ICB103;2024-10-22;2141,32;2146,89;2136,59;2141,03;0,08;1167201,10
XZAG;C10TR;HRZB00ICB103;2024-10-21;2143,25;2153,71;2134,33;2139,26;-0,16;898854,92
XZAG;C10TR;HRZB00ICB103;2024-10-18;2147,57;2154,73;2137,85;2142,59;-0,20;592141,52
XZAG;C10TR;HRZB00ICB103;2024-10-17;2121,60;2148,97;2120,31;2146,92;1,23;1901005,78
XZAG;C10TR;HRZB00ICB103;2024-10-16;2108,21;2127,03;2104,88;2120,90;0,60;3421427,18
XZAG;C10TR;HRZB00ICB103;2024-10-15;2102,58;2116,85;2101,66;2108,21;0,02;4167633,18
XZAG;C10TR;HRZB00ICB103;2024-10-14;2069,15;2107,75;2066,61;2107,75;1,87;3456801,48
XZAG;C10TR;HRZB00ICB103;2024-10-11;2063,03;2069,15;2058,94;2069,15;0,30;899215,58
XZAG;C10TR;HRZB00ICB103;2024-10-10;2052,57;2063,16;2052,57;2063,03;0,54;1189711,04
XZAG;C10TR;HRZB00ICB103;2024-10-09;2049,79;2054,34;2043,91;2051,92;0,10;577723,20
XZAG;C10TR;HRZB00ICB103;2024-10-08;2043,46;2050,64;2040,88;2049,79;0,31;443391,80
XZAG;C10TR;HRZB00ICB103;2024-10-07;2050,96;2052,67;2040,62;2043,46;-0,37;880835,36
XZAG;C10TR;HRZB00ICB103;2024-10-04;2049,21;2052,48;2048,08;2050,96;0,09;340591,18
XZAG;C10TR;HRZB00ICB103;2024-10-03;2045,80;2049,21;2041,24;2049,21;0,20;551611,30
XZAG;C10TR;HRZB00ICB103;2024-10-02;2043,10;2045,76;2039,51;2045,11;0,10;441502,04
XZAG;C10TR;HRZB00ICB103;2024-10-01;2040,49;2047,18;2040,29;2043,10;0,19;638258,76
XZAG;C10TR;HRZB00ICB103;2024-09-30;2044,79;2047,67;2038,26;2039,19;-0,31;458707,64
XZAG;C10TR;HRZB00ICB103;2024-09-27;2045,15;2047,81;2041,95;2045,49;0,02;366142,70
XZAG;C10TR;HRZB00ICB103;2024-09-26;2039,85;2047,74;2036,27;2045,15;0,20;985944,18
XZAG;C10TR;HRZB00ICB103;2024-09-25;2036,21;2042,77;2034,26;2041,13;0,24;444422,74
XZAG;C10TR;HRZB00ICB103;2024-09-24;2028,77;2038,82;2027,48;2036,21;0,37;533631,34
XZAG;C10TR;HRZB00ICB103;2024-09-23;2023,61;2033,67;2023,61;2028,77;0,25;517033,50
XZAG;C10TR;HRZB00ICB103;2024-09-20;2055,04;2055,04;2023,61;2023,61;-1,52;907040,32
XZAG;C10TR;HRZB00ICB103;2024-09-19;2050,71;2056,15;2048,57;2054,85;0,42;118216,60
XZAG;C10TR;HRZB00ICB103;2024-09-18;2041,10;2046,45;2035,74;2046,25;0,03;306374,98
XZAG;C10TR;HRZB00ICB103;2024-09-17;2040,09;2048,06;2039,42;2045,56;0,27;488874,58
XZAG;C10TR;HRZB00ICB103;2024-09-16;2040,08;2040,76;2034,49;2040,09;0,00;358833,66
XZAG;C10TR;HRZB00ICB103;2024-09-13;2047,91;2048,13;2038,80;2040,08;-0,45;405232,66
XZAG;C10TR;HRZB00ICB103;2024-09-12;2047,85;2050,09;2037,97;2049,20;0,07;547365,42
XZAG;C10TR;HRZB00ICB103;2024-09-11;2048,98;2052,11;2045,62;2047,85;-0,18;808688,22
XZAG;C10TR;HRZB00ICB103;2024-09-10;2045,34;2051,66;2045,30;2051,54;0,30;829507,02
XZAG;C10TR;HRZB00ICB103;2024-09-09;2045,58;2049,74;2037,50;2045,34;0,04;230924,44
XZAG;C10TR;HRZB00ICB103;2024-09-06;2047,36;2048,43;2043,56;2044,47;-0,14;243422,28
XZAG;C10TR;HRZB00ICB103;2024-09-05;2035,67;2047,30;2033,72;2047,30;0,57;357592,26
XZAG;C10TR;HRZB00ICB103;2024-09-04;2038,20;2039,46;2031,04;2035,67;-0,12;328270,66
XZAG;C10TR;HRZB00ICB103;2024-09-03;2038,55;2039,80;2027,89;2038,20;-0,01;551311,70
XZAG;C10TR;HRZB00ICB103;2024-09-02;2045,51;2045,51;2034,96;2038,36;-0,29;328043,70
XZAG;C10TR;HRZB00ICB103;2024-08-30;2043,39;2046,58;2036,01;2044,23;0,04;384788,22
XZAG;C10TR;HRZB00ICB103;2024-08-29;2042,37;2043,75;2028,95;2043,39;0,18;553329,44
XZAG;C10TR;HRZB00ICB103;2024-08-28;2035,62;2045,47;2035,62;2039,70;0,20;336925,90
XZAG;C10TR;HRZB00ICB103;2024-08-27;2036,48;2041,46;2033,64;2035,68;-0,04;387413,32
XZAG;C10TR;HRZB00ICB103;2024-08-26;2050,78;2050,78;2033,57;2036,48;-0,73;282524,88
XZAG;C10TR;HRZB00ICB103;2024-08-23;2061,90;2062,09;2048,88;2051,45;-0,52;392947,54
XZAG;C10TR;HRZB00ICB103;2024-08-22;2063,45;2066,01;2057,37;2062,09;-0,07;498175,32
XZAG;C10TR;HRZB00ICB103;2024-08-21;2063,71;2064,35;2053,64;2063,45;-0,01;185221,80
XZAG;C10TR;HRZB00ICB103;2024-08-20;2046,12;2063,71;2042,06;2063,71;0,88;793242,96
XZAG;C10TR;HRZB00ICB103;2024-08-19;2039,52;2055,45;2036,06;2045,78;0,31;348992,82
XZAG;C10TR;HRZB00ICB103;2024-08-16;2041,28;2042,28;2035,07;2039,52;-0,30;188407,84
XZAG;C10TR;HRZB00ICB103;2024-08-14;2048,90;2052,16;2045,64;2045,74;-0,15;200985,50
XZAG;C10TR;HRZB00ICB103;2024-08-13;2045,79;2051,00;2037,96;2048,90;0,15;492540,84
XZAG;C10TR;HRZB00ICB103;2024-08-12;2028,42;2045,79;2020,07;2045,79;0,86;430437,78
XZAG;C10TR;HRZB00ICB103;2024-08-09;2026,81;2036,34;2021,68;2028,42;0,08;419619,80
XZAG;C10TR;HRZB00ICB103;2024-08-08;2021,29;2026,81;2017,44;2026,81;0,27;385948,04
XZAG;C10TR;HRZB00ICB103;2024-08-07;2037,22;2037,22;2021,29;2021,29;-0,52;351387,90
XZAG;C10TR;HRZB00ICB103;2024-08-06;2058,34;2058,34;2011,09;2031,87;-1,50;930157,04
XZAG;C10TR;HRZB00ICB103;2024-08-02;2070,29;2070,29;2052,99;2062,80;-0,39;361774,70
XZAG;C10TR;HRZB00ICB103;2024-08-01;2066,64;2079,30;2059,17;2070,93;-0,04;920996,92
XZAG;C10TR;HRZB00ICB103;2024-07-31;2075,85;2076,67;2050,14;2071,77;-0,07;891640,30
XZAG;C10TR;HRZB00ICB103;2024-07-30;2081,37;2091,80;2068,61;2073,18;-0,38;1107998,18
XZAG;C10TR;HRZB00ICB103;2024-07-29;2045,26;2092,87;2045,26;2080,99;1,87;1344820,06
XZAG;C10TR;HRZB00ICB103;2024-07-26;2012,59;2049,58;2012,59;2042,69;1,50;1768184,96
XZAG;C10TR;HRZB00ICB103;2024-07-25;1987,38;2022,75;1987,38;2012,59;1,29;1149733,74
XZAG;C10TR;HRZB00ICB103;2024-07-24;1972,85;1990,65;1972,85;1987,00;0,72;1053447,00
XZAG;C10TR;HRZB00ICB103;2024-07-23;1968,92;1978,32;1967,41;1972,85;0,20;719272,96
XZAG;C10TR;HRZB00ICB103;2024-07-22;1975,17;1975,17;1967,24;1968,92;-0,32;341694,78
XZAG;C10TR;HRZB00ICB103;2024-07-19;1968,00;1989,15;1967,62;1975,17;0,38;903176,70
XZAG;C10TR;HRZB00ICB103;2024-07-18;1962,21;1969,73;1952,02;1967,62;0,28;1750543,66
XZAG;C10TR;HRZB00ICB103;2024-07-17;1962,74;1968,10;1960,37;1962,21;-0,03;975113,14
XZAG;C10TR;HRZB00ICB103;2024-07-16;1956,79;1979,81;1955,51;1962,74;0,30;1219486,30
XZAG;C10TR;HRZB00ICB103;2024-07-15;1933,31;1960,41;1926,11;1956,79;1,35;1080723,88
XZAG;C10TR;HRZB00ICB103;2024-07-12;1888,86;1930,63;1888,86;1930,63;2,19;803629,36
XZAG;C10TR;HRZB00ICB103;2024-07-11;1892,26;1894,10;1886,46;1889,31;-0,16;631105,84
XZAG;C10TR;HRZB00ICB103;2024-07-10;1890,23;1899,48;1885,30;1892,26;0,11;3637269,00
XZAG;C10TR;HRZB00ICB103;2024-07-09;1889,16;1892,46;1884,90;1890,23;0,04;148468,40
XZAG;C10TR;HRZB00ICB103;2024-07-08;1883,71;1893,87;1882,27;1889,38;0,31;694240,50
XZAG;C10TR;HRZB00ICB103;2024-07-05;1888,99;1891,12;1883,20;1883,48;-0,29;501132,12
XZAG;C10TR;HRZB00ICB103;2024-07-04;1875,74;1890,38;1875,63;1888,99;0,78;279103,96
XZAG;C10TR;HRZB00ICB103;2024-07-03;1873,78;1887,31;1872,67;1874,30;0,02;871181,18
XZAG;C10TR;HRZB00ICB103;2024-07-02;1872,63;1874,94;1868,23;1873,97;0,09;494950,00
XZAG;C10TR;HRZB00ICB103;2024-07-01;1882,39;1883,15;1869,20;1872,25;-0,54;993831,60
XZAG;C10TR;HRZB00ICB103;2024-06-28;1874,05;1882,39;1868,52;1882,39;0,45;546628,66
XZAG;C10TR;HRZB00ICB103;2024-06-27;1865,03;1874,05;1863,36;1874,05;0,48;317175,52
XZAG;C10TR;HRZB00ICB103;2024-06-26;1863,65;1875,30;1863,65;1865,03;0,07;529433,32
XZAG;C10TR;HRZB00ICB103;2024-06-25;1865,60;1871,90;1863,65;1863,65;0,18;622296,80
XZAG;C10TR;HRZB00ICB103;2024-06-24;1861,77;1870,02;1860,24;1860,24;-0,10;728804,04
XZAG;C10TR;HRZB00ICB103;2024-06-21;1870,29;1871,25;1862,15;1862,15;-0,44;776127,30
XZAG;C10TR;HRZB00ICB103;2024-06-20;1868,15;1871,77;1861,85;1870,29;0,11;574907,68
XZAG;C10TR;HRZB00ICB103;2024-06-19;1866,38;1871,33;1861,24;1868,15;0,09;524607,14
XZAG;C10TR;HRZB00ICB103;2024-06-18;1864,60;1873,69;1864,05;1866,38;0,10;346835,92
XZAG;C10TR;HRZB00ICB103;2024-06-17;1858,40;1871,57;1858,02;1864,60;0,33;982041,88
XZAG;C10TR;HRZB00ICB103;2024-06-14;1855,00;1871,84;1855,00;1858,40;0,18;973311,18
XZAG;C10TR;HRZB00ICB103;2024-06-13;1862,66;1865,40;1853,72;1855,00;-0,41;549393,40
XZAG;C10TR;HRZB00ICB103;2024-06-12;1855,27;1862,66;1849,02;1862,66;0,31;1093055,32
XZAG;C10TR;HRZB00ICB103;2024-06-11;1852,52;1861,83;1852,52;1856,83;0,23;231126,28
XZAG;C10TR;HRZB00ICB103;2024-06-10;1852,29;1856,75;1842,33;1852,52;0,01;506116,49
XZAG;C10TR;HRZB00ICB103;2024-06-07;1850,13;1852,34;1836,97;1852,29;0,12;423494,39
XZAG;C10TR;HRZB00ICB103;2024-06-06;1842,85;1851,70;1841,27;1850,06;0,39;1113865,72
XZAG;C10TR;HRZB00ICB103;2024-06-05;1862,08;1862,08;1842,85;1842,85;-1,03;513665,18
XZAG;C10TR;HRZB00ICB103;2024-06-04;1858,73;1865,08;1849,65;1862,08;0,18;530016,20
XZAG;C10TR;HRZB00ICB103;2024-06-03;1846,84;1860,09;1845,40;1858,73;0,63;319943,78
XZAG;C10TR;HRZB00ICB103;2024-05-31;1850,51;1852,87;1846,07;1847,07;-0,13;693171,78
XZAG;C10TR;HRZB00ICB103;2024-05-29;1862,43;1868,02;1846,83;1849,40;-0,97;631507,44
XZAG;C10TR;HRZB00ICB103;2024-05-28;1868,56;1868,56;1852,47;1867,57;0,08;439607,84
XZAG;C10TR;HRZB00ICB103;2024-05-27;1874,09;1874,48;1863,90;1866,00;-0,43;419182,92
XZAG;C10TR;HRZB00ICB103;2024-05-24;1875,65;1876,48;1870,22;1874,09;-0,08;301672,14
XZAG;C10TR;HRZB00ICB103;2024-05-23;1878,02;1879,72;1868,41;1875,65;-0,12;787208,88
XZAG;C10TR;HRZB00ICB103;2024-05-22;1875,62;1880,72;1869,45;1877,89;0,12;445559,60
XZAG;C10TR;HRZB00ICB103;2024-05-21;1881,64;1882,02;1867,60;1875,62;-0,39;537467,28
XZAG;C10TR;HRZB00ICB103;2024-05-20;1879,24;1886,98;1877,80;1882,93;0,20;825225,36
XZAG;C10TR;HRZB00ICB103;2024-05-17;1881,98;1887,32;1873,21;1879,24;-0,15;635058,00
XZAG;C10TR;HRZB00ICB103;2024-05-16;1875,75;1881,98;1874,34;1881,98;0,06;321746,18
XZAG;C10TR;HRZB00ICB103;2024-05-15;1869,86;1881,77;1861,83;1880,88;0,60;575727,40
XZAG;C10TR;HRZB00ICB103;2024-05-14;1864,64;1869,69;1857,56;1869,69;0,39;442674,52
XZAG;C10TR;HRZB00ICB103;2024-05-13;1862,55;1867,00;1851,85;1862,42;-0,01;742371,12
XZAG;C10TR;HRZB00ICB103;2024-05-10;1859,54;1863,78;1851,15;1862,55;0,39;567618,86
XZAG;C10TR;HRZB00ICB103;2024-05-09;1852,54;1856,16;1848,80;1855,31;0,22;1069924,56
XZAG;C10TR;HRZB00ICB103;2024-05-08;1859,71;1859,71;1851,26;1851,26;-0,45;622287,28
XZAG;C10TR;HRZB00ICB103;2024-05-07;1864,56;1864,61;1858,43;1859,71;-0,26;439139,80
XZAG;C10TR;HRZB00ICB103;2024-05-06;1860,15;1864,56;1855,53;1864,56;0,17;278142,70
XZAG;C10TR;HRZB00ICB103;2024-05-03;1860,15;1864,81;1857,97;1861,44;0,10;393188,88
XZAG;C10TR;HRZB00ICB103;2024-05-02;1858,15;1866,99;1854,89;1859,59;0,08;605776,02
XZAG;C10TR;HRZB00ICB103;2024-04-30;1858,78;1868,25;1856,53;1858,15;-0,03;876804,48
XZAG;C10TR;HRZB00ICB103;2024-04-29;1857,97;1859,41;1856,04;1858,78;-0,04;358813,90
XZAG;C10TR;HRZB00ICB103;2024-04-26;1853,86;1859,55;1848,33;1859,53;0,31;700048,78
XZAG;C10TR;HRZB00ICB103;2024-04-25;1832,13;1860,37;1832,13;1853,86;1,19;1032028,84
XZAG;C10TR;HRZB00ICB103;2024-04-24;1838,09;1839,21;1832,13;1832,13;-0,32;248162,04
XZAG;C10TR;HRZB00ICB103;2024-04-23;1849,13;1851,30;1838,09;1838,09;-0,56;705868,72
XZAG;C10TR;HRZB00ICB103;2024-04-22;1846,43;1850,78;1841,57;1848,50;0,11;564623,60
XZAG;C10TR;HRZB00ICB103;2024-04-19;1845,22;1846,64;1841,50;1846,43;0,07;460168,22
XZAG;C10TR;HRZB00ICB103;2024-04-18;1850,30;1850,78;1838,53;1845,22;-0,24;401602,80
XZAG;C10TR;HRZB00ICB103;2024-04-16;1851,72;1856,23;1842,02;1849,58;-0,15;563131,54
XZAG;C10TR;HRZB00ICB103;2024-04-15;1854,28;1856,90;1846,02;1852,44;-0,24;368511,86
XZAG;C10TR;HRZB00ICB103;2024-04-12;1839,24;1857,68;1839,24;1856,95;0,96;364383,26
XZAG;C10TR;HRZB00ICB103;2024-04-11;1845,50;1849,37;1839,07;1839,24;-0,34;569233,42
XZAG;C10TR;HRZB00ICB103;2024-04-10;1847,06;1849,79;1843,66;1845,50;0,02;224547,52
XZAG;C10TR;HRZB00ICB103;2024-04-09;1855,07;1857,75;1843,77;1845,05;-0,54;434272,26
XZAG;C10TR;HRZB00ICB103;2024-04-08;1847,91;1855,04;1844,88;1855,04;0,39;199819,82
XZAG;C10TR;HRZB00ICB103;2024-04-05;1850,27;1852,53;1841,47;1847,80;-0,13;183007,70
XZAG;C10TR;HRZB00ICB103;2024-04-04;1852,41;1855,44;1845,45;1850,27;-0,14;358123,74
XZAG;C10TR;HRZB00ICB103;2024-04-03;1856,60;1859,55;1850,61;1852,79;-0,21;536797,58
XZAG;C10TR;HRZB00ICB103;2024-04-02;1863,93;1868,16;1854,04;1856,60;-0,31;741861,42
XZAG;C10TR;HRZB00ICB103;2024-03-28;1865,46;1868,13;1853,85;1862,37;-0,19;1075216,08
XZAG;C10TR;HRZB00ICB103;2024-03-27;1871,17;1871,17;1858,48;1865,84;-0,25;1422563,86
XZAG;C10TR;HRZB00ICB103;2024-03-26;1867,15;1875,46;1859,28;1870,45;0,18;484721,18
XZAG;C10TR;HRZB00ICB103;2024-03-25;1878,36;1881,74;1861,20;1867,15;-0,66;796451,42
XZAG;C10TR;HRZB00ICB103;2024-03-22;1873,59;1881,08;1867,22;1879,64;0,32;1182716,48
XZAG;C10TR;HRZB00ICB103;2024-03-21;1857,68;1873,59;1857,68;1873,59;0,93;833521,12
XZAG;C10TR;HRZB00ICB103;2024-03-20;1844,73;1863,28;1844,73;1856,40;0,84;1156995,00
XZAG;C10TR;HRZB00ICB103;2024-03-19;1823,98;1840,88;1823,98;1840,88;0,93;503507,76
XZAG;C10TR;HRZB00ICB103;2024-03-18;1833,66;1841,74;1821,65;1823,98;-0,53;917824,11
XZAG;C10TR;HRZB00ICB103;2024-03-15;1837,91;1842,32;1828,80;1833,66;-0,19;757397,94
XZAG;C10TR;HRZB00ICB103;2024-03-14;1831,81;1841,54;1830,59;1837,24;0,28;825817,16
XZAG;C10TR;HRZB00ICB103;2024-03-13;1808,47;1835,10;1808,47;1832,17;1,31;1187382,75
XZAG;C10TR;HRZB00ICB103;2024-03-12;1795,08;1814,54;1794,95;1808,47;0,74;1738881,89
XZAG;C10TR;HRZB00ICB103;2024-03-11;1783,56;1796,85;1779,72;1795,20;0,65;1166367,42
XZAG;C10TR;HRZB00ICB103;2024-03-08;1783,87;1786,85;1773,53;1783,56;-0,04;667445,78
XZAG;C10TR;HRZB00ICB103;2024-03-07;1793,65;1794,10;1784,23;1784,23;-0,66;752005,11
XZAG;C10TR;HRZB00ICB103;2024-03-06;1807,38;1807,38;1786,98;1796,10;-0,61;1250818,65
XZAG;C10TR;HRZB00ICB103;2024-03-05;1806,11;1811,66;1798,19;1807,10;0,07;596152,47
XZAG;C10TR;HRZB00ICB103;2024-03-04;1797,65;1806,69;1795,03;1805,92;0,46;1341176,12
XZAG;C10TR;HRZB00ICB103;2024-03-01;1785,66;1802,47;1784,32;1797,65;0,67;1095819,91
XZAG;C10TR;HRZB00ICB103;2024-02-29;1800,61;1802,10;1783,49;1785,66;-0,83;1049613,62
XZAG;C10TR;HRZB00ICB103;2024-02-28;1810,36;1811,60;1793,75;1800,61;-0,54;997366,09
XZAG;C10TR;HRZB00ICB103;2024-02-27;1818,09;1819,19;1802,95;1810,36;-0,50;682267,41
XZAG;C10TR;HRZB00ICB103;2024-02-26;1820,96;1829,99;1804,90;1819,54;-0,08;1245789,90
XZAG;C10TR;HRZB00ICB103;2024-02-23;1791,84;1821,57;1791,84;1820,96;1,63;744032,12
XZAG;C10TR;HRZB00ICB103;2024-02-22;1775,38;1791,84;1775,38;1791,84;1,08;1558602,77
XZAG;C10TR;HRZB00ICB103;2024-02-21;1762,86;1772,74;1762,28;1772,68;0,58;1492821,83
XZAG;C10TR;HRZB00ICB103;2024-02-20;1758,94;1762,48;1746,66;1762,48;0,20;498288,52
XZAG;C10TR;HRZB00ICB103;2024-02-19;1755,85;1760,32;1751,68;1758,94;0,18;645052,20
XZAG;C10TR;HRZB00ICB103;2024-02-16;1755,23;1759,02;1750,01;1755,85;0,04;277853,63
XZAG;C10TR;HRZB00ICB103;2024-02-15;1758,49;1758,49;1740,87;1755,23;-0,19;271862,63
XZAG;C10TR;HRZB00ICB103;2024-02-14;1755,25;1759,36;1748,05;1758,49;0,14;374986,79
XZAG;C10TR;HRZB00ICB103;2024-02-13;1748,56;1756,04;1744,07;1755,98;0,42;748909,80
XZAG;C10TR;HRZB00ICB103;2024-02-12;1746,36;1748,56;1735,79;1748,56;0,13;480783,85
XZAG;C10TR;HRZB00ICB103;2024-02-09;1746,80;1754,00;1737,23;1746,36;-0,03;1187576,05
XZAG;C10TR;HRZB00ICB103;2024-02-08;1747,39;1747,39;1736,36;1746,80;-0,03;289449,04
XZAG;C10TR;HRZB00ICB103;2024-02-07;1742,75;1747,39;1734,01;1747,39;0,27;1097026,36
XZAG;C10TR;HRZB00ICB103;2024-02-06;1741,85;1743,97;1735,48;1742,75;0,04;419788,68
XZAG;C10TR;HRZB00ICB103;2024-02-05;1742,49;1747,61;1731,83;1742,02;-0,03;902380,81
XZAG;C10TR;HRZB00ICB103;2024-02-02;1743,20;1748,86;1739,07;1742,49;-0,11;561457,78
XZAG;C10TR;HRZB00ICB103;2024-02-01;1745,96;1753,81;1740,62;1744,43;-0,21;465096,45
XZAG;C10TR;HRZB00ICB103;2024-01-31;1733,83;1748,16;1732,67;1748,16;0,91;846272,13
XZAG;C10TR;HRZB00ICB103;2024-01-30;1732,53;1736,46;1729,41;1732,48;0,00;719600,07
XZAG;C10TR;HRZB00ICB103;2024-01-29;1729,64;1735,91;1724,79;1732,53;0,32;636094,67
XZAG;C10TR;HRZB00ICB103;2024-01-26;1721,09;1729,90;1716,22;1726,94;0,20;914026,41
XZAG;C10TR;HRZB00ICB103;2024-01-25;1723,34;1723,54;1712,09;1723,54;0,01;548821,98
XZAG;C10TR;HRZB00ICB103;2024-01-24;1720,20;1723,34;1702,36;1723,34;0,18;894588,75
XZAG;C10TR;HRZB00ICB103;2024-01-23;1725,31;1728,40;1709,88;1720,20;-0,30;1099641,69
XZAG;C10TR;HRZB00ICB103;2024-01-22;1736,63;1737,00;1716,73;1725,31;-0,72;1138921,13
XZAG;C10TR;HRZB00ICB103;2024-01-19;1728,00;1737,85;1722,09;1737,85;0,57;1015357,46
XZAG;C10TR;HRZB00ICB103;2024-01-18;1737,69;1737,69;1725,25;1728,00;-0,68;446699,12
XZAG;C10TR;HRZB00ICB103;2024-01-17;1733,99;1740,02;1719,01;1739,90;0,34;556070,23
XZAG;C10TR;HRZB00ICB103;2024-01-16;1727,33;1737,45;1726,08;1733,99;0,39;948594,41
XZAG;C10TR;HRZB00ICB103;2024-01-15;1720,12;1730,90;1716,88;1727,33;0,42;941543,14
XZAG;C10TR;HRZB00ICB103;2024-01-12;1713,21;1721,59;1710,63;1720,12;0,42;877870,53
XZAG;C10TR;HRZB00ICB103;2024-01-11;1714,72;1715,48;1708,31;1712,87;-0,02;736025,25
XZAG;C10TR;HRZB00ICB103;2024-01-10;1725,29;1732,54;1713,18;1713,18;-0,70;880233,66
XZAG;C10TR;HRZB00ICB103;2024-01-09;1706,85;1739,38;1706,85;1725,23;1,24;1908329,49
XZAG;C10TR;HRZB00ICB103;2024-01-08;1687,81;1704,43;1687,07;1704,15;1,04;1346546,77
XZAG;C10TR;HRZB00ICB103;2024-01-05;1669,84;1686,59;1669,84;1686,59;1,03;598494,26
XZAG;C10TR;HRZB00ICB103;2024-01-04;1668,46;1675,79;1668,34;1669,46;0,06;588891,12
XZAG;C10TR;HRZB00ICB103;2024-01-03;1671,55;1672,90;1662,77;1668,46;-0,19;315925,72
XZAG;C10TR;HRZB00ICB103;2024-01-02;1682,86;1682,86;1668,53;1671,66;-0,71;204847,73
XZAG;C10TR;HRZB00ICB103;2023-12-29;1660,88;1686,91;1660,88;1683,53;1,38;676230,86
XZAG;C10TR;HRZB00ICB103;2023-12-28;1666,70;1666,70;1660,32;1660,63;-0,44;337987,12
XZAG;C10TR;HRZB00ICB103;2023-12-27;1667,79;1672,58;1662,21;1667,92;0,00;1085337,92
XZAG;C10TR;HRZB00ICB103;2023-12-22;1668,70;1669,57;1661,95;1667,91;-0,01;464300,90
XZAG;C10TR;HRZB00ICB103;2023-12-21;1669,69;1669,69;1664,88;1668,02;-0,10;288227,14
XZAG;C10TR;HRZB00ICB103;2023-12-20;1651,68;1669,69;1651,68;1669,69;1,09;971450,21
XZAG;C10TR;HRZB00ICB103;2023-12-19;1656,09;1662,20;1650,22;1651,68;-0,41;763680,42
XZAG;C10TR;HRZB00ICB103;2023-12-18;1648,36;1658,95;1647,10;1658,53;0,60;995062,20
XZAG;C10TR;HRZB00ICB103;2023-12-15;1645,15;1657,85;1645,15;1648,72;0,24;591480,68
XZAG;C10TR;HRZB00ICB103;2023-12-14;1644,46;1648,20;1642,48;1644,79;0,02;3444345,25
XZAG;C10TR;HRZB00ICB103;2023-12-13;1639,15;1647,10;1637,81;1644,46;0,28;804569,03
XZAG;C10TR;HRZB00ICB103;2023-12-12;1629,11;1647,87;1629,11;1639,83;0,49;850814,03
XZAG;C10TR;HRZB00ICB103;2023-12-11;1633,19;1634,46;1628,44;1631,81;-0,16;733052,43
XZAG;C10TR;HRZB00ICB103;2023-12-08;1629,27;1634,42;1622,79;1634,42;0,32;777510,52
XZAG;C10TR;HRZB00ICB103;2023-12-07;1629,45;1635,07;1624,47;1629,27;0,07;375385,65
XZAG;C10TR;HRZB00ICB103;2023-12-06;1634,45;1645,73;1627,19;1628,10;-0,39;1247925,27
XZAG;C10TR;HRZB00ICB103;2023-12-05;1629,49;1635,80;1627,89;1634,45;0,30;781169,48
XZAG;C10TR;HRZB00ICB103;2023-12-04;1611,89;1629,49;1610,82;1629,49;1,09;858079,11
XZAG;C10TR;HRZB00ICB103;2023-12-01;1610,96;1613,25;1602,60;1611,89;0,06;1475844,40
XZAG;C10TR;HRZB00ICB103;2023-11-30;1589,53;1611,24;1589,53;1610,96;1,35;1061418,50
XZAG;C10TR;HRZB00ICB103;2023-11-29;1594,50;1597,17;1586,99;1589,53;-0,23;793271,16
XZAG;C10TR;HRZB00ICB103;2023-11-28;1582,46;1593,15;1579,90;1593,15;0,61;1033948,97
XZAG;C10TR;HRZB00ICB103;2023-11-27;1574,20;1584,77;1569,23;1583,55;0,57;1455248,57
XZAG;C10TR;HRZB00ICB103;2023-11-24;1581,66;1587,37;1574,56;1574,56;-0,45;526328,58
XZAG;C10TR;HRZB00ICB103;2023-11-23;1590,10;1593,30;1581,43;1581,66;-0,53;400387,96
XZAG;C10TR;HRZB00ICB103;2023-11-22;1585,00;1591,37;1585,00;1590,10;0,32;843766,16
XZAG;C10TR;HRZB00ICB103;2023-11-21;1582,65;1592,98;1581,30;1585,00;0,15;526418,12
XZAG;C10TR;HRZB00ICB103;2023-11-20;1589,06;1594,10;1581,38;1582,65;-0,40;842197,54
XZAG;C10TR;HRZB00ICB103;2023-11-17;1597,09;1597,99;1587,00;1589,06;-0,50;295636,19
XZAG;C10TR;HRZB00ICB103;2023-11-16;1599,61;1606,38;1596,81;1597,09;-0,16;639294,96
XZAG;C10TR;HRZB00ICB103;2023-11-15;1599,97;1609,41;1599,25;1599,61;-0,02;1528824,49
XZAG;C10TR;HRZB00ICB103;2023-11-14;1588,37;1605,10;1588,37;1599,97;0,73;650951,27
XZAG;C10TR;HRZB00ICB103;2023-11-13;1583,91;1596,15;1583,91;1588,37;0,28;932737,40
XZAG;C10TR;HRZB00ICB103;2023-11-10;1591,63;1597,80;1583,91;1583,91;-0,49;442163,00
XZAG;C10TR;HRZB00ICB103;2023-11-09;1596,47;1598,73;1587,52;1591,63;-0,33;654254,96
XZAG;C10TR;HRZB00ICB103;2023-11-08;1598,12;1607,83;1592,10;1596,84;0,00;890269,15
XZAG;C10TR;HRZB00ICB103;2023-11-07;1581,88;1597,29;1580,75;1596,77;0,94;1054935,10
XZAG;C10TR;HRZB00ICB103;2023-11-06;1581,31;1590,66;1579,70;1581,88;0,05;680629,14
XZAG;C10TR;HRZB00ICB103;2023-11-03;1567,31;1581,03;1563,05;1581,03;0,96;903897,48
XZAG;C10TR;HRZB00ICB103;2023-11-02;1560,84;1572,40;1555,82;1566,03;0,18;909025,37
XZAG;C10TR;HRZB00ICB103;2023-10-31;1558,95;1572,24;1558,22;1563,29;0,37;2108251,79
XZAG;C10TR;HRZB00ICB103;2023-10-30;1540,79;1560,37;1540,79;1557,60;1,18;701978,94
XZAG;C10TR;HRZB00ICB103;2023-10-27;1537,44;1541,19;1534,01;1539,44;0,13;469414,52
XZAG;C10TR;HRZB00ICB103;2023-10-26;1538,27;1541,49;1533,36;1537,44;0,03;613510,66
XZAG;C10TR;HRZB00ICB103;2023-10-25;1536,28;1542,75;1535,06;1537,05;0,14;683018,55
XZAG;C10TR;HRZB00ICB103;2023-10-24;1530,07;1537,73;1529,90;1534,93;0,40;314016,83
XZAG;C10TR;HRZB00ICB103;2023-10-23;1529,61;1530,31;1523,29;1528,85;0,04;278438,99
XZAG;C10TR;HRZB00ICB103;2023-10-20;1530,52;1532,35;1523,65;1528,26;-0,19;251428,81
XZAG;C10TR;HRZB00ICB103;2023-10-19;1533,96;1537,10;1531,19;1531,19;-0,19;180476,61
XZAG;C10TR;HRZB00ICB103;2023-10-18;1539,54;1543,33;1534,13;1534,13;-0,35;371719,33
XZAG;C10TR;HRZB00ICB103;2023-10-17;1548,43;1550,82;1533,88;1539,54;-0,83;469571,39
XZAG;C10TR;HRZB00ICB103;2023-10-16;1553,56;1554,78;1538,46;1552,49;-0,07;428093,10
XZAG;C10TR;HRZB00ICB103;2023-10-13;1554,58;1558,25;1548,20;1553,56;-0,07;269020,99
XZAG;C10TR;HRZB00ICB103;2023-10-12;1560,82;1560,88;1553,89;1554,58;-0,48;356061,41
XZAG;C10TR;HRZB00ICB103;2023-10-11;1561,49;1562,04;1555,06;1562,04;0,04;334279,51
XZAG;C10TR;HRZB00ICB103;2023-10-10;1552,11;1564,20;1552,11;1561,49;0,62;389649,85
XZAG;C10TR;HRZB00ICB103;2023-10-09;1580,83;1581,21;1541,29;1551,94;-2,10;1453428,38
XZAG;C10TR;HRZB00ICB103;2023-10-06;1592,61;1592,61;1583,84;1585,24;-0,46;209766,86
XZAG;C10TR;HRZB00ICB103;2023-10-05;1580,19;1592,61;1580,19;1592,61;0,82;374567,22
XZAG;C10TR;HRZB00ICB103;2023-10-04;1604,32;1604,43;1576,42;1579,72;-1,53;717859,00
XZAG;C10TR;HRZB00ICB103;2023-10-03;1610,57;1610,57;1598,42;1604,32;-0,39;308446,33
XZAG;C10TR;HRZB00ICB103;2023-10-02;1603,86;1611,85;1602,54;1610,57;0,39;308154,15
XZAG;C10TR;HRZB00ICB103;2023-09-29;1619,18;1619,18;1600,36;1604,33;-0,90;3325514,37
XZAG;C10TR;HRZB00ICB103;2023-09-28;1622,02;1622,02;1603,34;1618,82;-0,20;248755,76
XZAG;C10TR;HRZB00ICB103;2023-09-27;1615,40;1622,02;1607,62;1622,02;0,16;203402,77
XZAG;C10TR;HRZB00ICB103;2023-09-26;1608,91;1622,00;1607,80;1619,45;0,68;635909,93
XZAG;C10TR;HRZB00ICB103;2023-09-25;1607,93;1616,75;1607,64;1608,54;0,03;622460,41
XZAG;C10TR;HRZB00ICB103;2023-09-22;1603,99;1608,72;1598,92;1608,05;0,25;1052156,69
XZAG;C10TR;HRZB00ICB103;2023-09-21;1610,85;1613,93;1600,22;1603,99;-0,43;590170,32
XZAG;C10TR;HRZB00ICB103;2023-09-20;1607,21;1615,06;1605,82;1610,85;0,30;529579,26
XZAG;C10TR;HRZB00ICB103;2023-09-19;1615,62;1615,85;1600,60;1606,10;-0,68;676568,56
XZAG;C10TR;HRZB00ICB103;2023-09-18;1645,87;1647,22;1611,67;1617,08;-1,68;835694,66
XZAG;C10TR;HRZB00ICB103;2023-09-15;1637,85;1644,77;1625,80;1644,77;0,23;5501625,10
XZAG;C10TR;HRZB00ICB103;2023-09-14;1619,12;1642,02;1617,59;1641,00;1,35;4036381,45
XZAG;C10TR;HRZB00ICB103;2023-09-13;1627,28;1628,81;1612,73;1619,12;-0,51;785943,74
XZAG;C10TR;HRZB00ICB103;2023-09-12;1625,82;1643,04;1623,28;1627,39;0,10;1456145,03
XZAG;C10TR;HRZB00ICB103;2023-09-11;1626,40;1630,85;1625,82;1625,82;-0,04;303756,99
XZAG;C10TR;HRZB00ICB103;2023-09-08;1637,67;1637,67;1625,98;1626,40;-0,56;1219679,31
XZAG;C10TR;HRZB00ICB103;2023-09-07;1626,66;1635,64;1621,43;1635,54;0,55;809907,01
XZAG;C10TR;HRZB00ICB103;2023-09-06;1615,59;1626,87;1612,37;1626,66;0,69;927278,10
XZAG;C10TR;HRZB00ICB103;2023-09-05;1615,54;1622,89;1612,00;1615,59;0,01;940164,71
XZAG;C10TR;HRZB00ICB103;2023-09-04;1612,68;1617,70;1607,21;1615,44;0,17;617918,55
XZAG;C10TR;HRZB00ICB103;2023-09-01;1614,45;1614,45;1607,73;1612,68;-0,12;484037,90
XZAG;C10TR;HRZB00ICB103;2023-08-31;1613,61;1615,36;1606,63;1614,67;0,08;1387591,20
XZAG;C10TR;HRZB00ICB103;2023-08-30;1620,42;1620,75;1612,57;1613,40;-0,41;476380,24
XZAG;C10TR;HRZB00ICB103;2023-08-29;1610,29;1621,89;1610,08;1620,10;0,61;1459567,84
XZAG;C10TR;HRZB00ICB103;2023-08-28;1604,99;1616,08;1604,49;1610,29;0,40;815955,89
XZAG;C10TR;HRZB00ICB103;2023-08-25;1615,98;1615,98;1600,62;1603,92;-0,75;541923,78
XZAG;C10TR;HRZB00ICB103;2023-08-24;1583,38;1615,98;1583,38;1615,98;2,01;1719942,04
XZAG;C10TR;HRZB00ICB103;2023-08-23;1590,20;1594,74;1577,69;1584,09;-0,38;1440332,58
XZAG;C10TR;HRZB00ICB103;2023-08-22;1589,87;1592,64;1587,37;1590,20;0,02;626851,79
XZAG;C10TR;HRZB00ICB103;2023-08-21;1596,42;1596,42;1589,87;1589,87;-0,41;489406,30
XZAG;C10TR;HRZB00ICB103;2023-08-18;1598,04;1602,62;1593,63;1596,42;-0,17;555861,99
XZAG;C10TR;HRZB00ICB103;2023-08-17;1581,17;1599,53;1580,06;1599,11;1,13;1149428,91
XZAG;C10TR;HRZB00ICB103;2023-08-16;1584,86;1585,30;1578,56;1581,17;-0,23;888815,84
XZAG;C10TR;HRZB00ICB103;2023-08-14;1552,26;1585,46;1550,13;1584,76;1,82;2553047,03
XZAG;C10TR;HRZB00ICB103;2023-08-11;1569,86;1570,39;1551,68;1556,46;-0,79;951872,06
XZAG;C10TR;HRZB00ICB103;2023-08-10;1575,67;1580,82;1565,49;1568,84;-0,43;1046041,49
XZAG;C10TR;HRZB00ICB103;2023-08-09;1582,48;1587,49;1571,45;1575,67;-1,13;851091,16
XZAG;C10TR;HRZB00ICB103;2023-08-08;1604,84;1604,84;1587,56;1593,68;-0,70;2709236,67
XZAG;C10TR;HRZB00ICB103;2023-08-07;1575,92;1604,84;1575,81;1604,84;2,02;1833341,29
XZAG;C10TR;HRZB00ICB103;2023-08-04;1539,65;1573,12;1539,65;1573,12;2,20;1594252,51
XZAG;C10TR;HRZB00ICB103;2023-08-03;1539,70;1547,78;1533,12;1539,33;-0,02;821798,80
XZAG;C10TR;HRZB00ICB103;2023-08-02;1541,92;1545,47;1538,73;1539,70;-0,12;329590,62
XZAG;C10TR;HRZB00ICB103;2023-08-01;1541,03;1544,18;1539,40;1541,50;0,02;591088,87
XZAG;C10TR;HRZB00ICB103;2023-07-31;1535,51;1541,13;1528,95;1541,13;0,48;1453050,85
XZAG;C10TR;HRZB00ICB103;2023-07-28;1537,82;1540,28;1532,73;1533,81;-0,33;172890,54
XZAG;C10TR;HRZB00ICB103;2023-07-27;1545,53;1545,53;1525,29;1538,89;-0,48;667063,38
XZAG;C10TR;HRZB00ICB103;2023-07-26;1538,73;1547,93;1532,66;1546,25;0,53;693709,83
XZAG;C10TR;HRZB00ICB103;2023-07-25;1541,97;1542,04;1536,34;1538,07;-0,33;436756,52
XZAG;C10TR;HRZB00ICB103;2023-07-24;1541,09;1546,76;1536,96;1543,23;0,14;190176,60
XZAG;C10TR;HRZB00ICB103;2023-07-21;1533,35;1543,22;1531,78;1541,09;0,53;970099,39
XZAG;C10TR;HRZB00ICB103;2023-07-20;1536,34;1541,12;1522,78;1533,01;-0,22;482319,80
XZAG;C10TR;HRZB00ICB103;2023-07-19;1529,37;1544,25;1529,37;1536,34;0,54;650467,14
XZAG;C10TR;HRZB00ICB103;2023-07-18;1508,27;1531,83;1505,25;1528,11;1,34;736412,40
XZAG;C10TR;HRZB00ICB103;2023-07-17;1505,52;1509,11;1502,28;1507,96;0,18;434516,83
XZAG;C10TR;HRZB00ICB103;2023-07-14;1505,78;1508,59;1503,41;1505,30;-0,10;362558,18
XZAG;C10TR;HRZB00ICB103;2023-07-13;1501,59;1508,27;1501,59;1506,80;0,37;263233,25
XZAG;C10TR;HRZB00ICB103;2023-07-12;1495,60;1506,17;1495,60;1501,25;0,38;519525,94
XZAG;C10TR;HRZB00ICB103;2023-07-11;1501,59;1504,50;1495,26;1495,60;-0,40;483143,71
XZAG;C10TR;HRZB00ICB103;2023-07-10;1498,69;1501,59;1493,66;1501,59;0,19;813767,18
XZAG;C10TR;HRZB00ICB103;2023-07-07;1498,24;1500,19;1493,27;1498,69;0,03;383435,57
XZAG;C10TR;HRZB00ICB103;2023-07-06;1489,87;1498,35;1489,87;1498,24;0,48;636971,88
XZAG;C10TR;HRZB00ICB103;2023-07-05;1493,37;1493,59;1485,42;1491,13;-0,15;592668,15
XZAG;C10TR;HRZB00ICB103;2023-07-04;1489,28;1493,82;1488,21;1493,37;0,27;490563,38
XZAG;C10TR;HRZB00ICB103;2023-07-03;1488,70;1490,25;1481,13;1489,28;0,02;325217,33
XZAG;C10TR;HRZB00ICB103;2023-06-30;1507,57;1509,31;1487,49;1488,95;-1,26;698340,32
XZAG;C10TR;HRZB00ICB103;2023-06-29;1504,00;1508,01;1500,90;1508,01;0,27;364503,00
XZAG;C10TR;HRZB00ICB103;2023-06-28;1508,39;1508,39;1501,43;1504,00;-0,29;541481,65
XZAG;C10TR;HRZB00ICB103;2023-06-27;1502,27;1511,71;1502,27;1508,39;0,36;417599,15
XZAG;C10TR;HRZB00ICB103;2023-06-26;1491,74;1504,35;1490,89;1502,94;0,75;702603,30
XZAG;C10TR;HRZB00ICB103;2023-06-23;1483,44;1491,86;1482,15;1491,74;0,47;370875,98
XZAG;C10TR;HRZB00ICB103;2023-06-21;1480,37;1493,11;1478,45;1484,70;0,26;947564,81
XZAG;C10TR;HRZB00ICB103;2023-06-20;1455,66;1510,00;1455,66;1480,79;1,76;1220957,55
XZAG;C10TR;HRZB00ICB103;2023-06-19;1439,53;1458,85;1439,53;1455,23;1,11;1269492,26
XZAG;C10TR;HRZB00ICB103;2023-06-16;1430,96;1440,05;1423,10;1439,25;0,58;1002086,22
XZAG;C10TR;HRZB00ICB103;2023-06-15;1425,76;1431,17;1425,08;1430,96;0,38;717123,48
XZAG;C10TR;HRZB00ICB103;2023-06-14;1427,90;1438,37;1424,12;1425,55;-0,21;629836,61
XZAG;C10TR;HRZB00ICB103;2023-06-13;1419,18;1429,08;1419,18;1428,58;0,67;1065295,57
XZAG;C10TR;HRZB00ICB103;2023-06-12;1408,16;1421,30;1407,10;1419,07;0,73;954984,20
XZAG;C10TR;HRZB00ICB103;2023-06-09;1405,95;1408,89;1404,63;1408,79;0,20;613466,21
XZAG;C10TR;HRZB00ICB103;2023-06-07;1392,68;1408,40;1392,68;1405,95;0,91;716417,97
XZAG;C10TR;HRZB00ICB103;2023-06-06;1396,54;1396,86;1391,38;1393,24;-0,24;590609,11
XZAG;C10TR;HRZB00ICB103;2023-06-05;1396,57;1397,66;1392,08;1396,54;0,00;342879,77
XZAG;C10TR;HRZB00ICB103;2023-06-02;1403,55;1403,55;1395,22;1396,57;-0,50;542127,82
XZAG;C10TR;HRZB00ICB103;2023-06-01;1394,34;1403,91;1394,02;1403,55;0,74;423270,22
XZAG;C10TR;HRZB00ICB103;2023-05-31;1395,70;1397,29;1393,27;1393,27;-0,17;610839,91
XZAG;C10TR;HRZB00ICB103;2023-05-29;1387,70;1395,70;1385,56;1395,70;0,58;314303,08
XZAG;C10TR;HRZB00ICB103;2023-05-26;1383,29;1391,34;1380,43;1387,70;0,16;837632,01
XZAG;C10TR;HRZB00ICB103;2023-05-25;1383,05;1385,52;1378,39;1385,42;0,09;235144,90
XZAG;C10TR;HRZB00ICB103;2023-05-24;1381,49;1384,70;1381,39;1384,11;0,19;391572,06
XZAG;C10TR;HRZB00ICB103;2023-05-23;1388,53;1389,70;1380,52;1381,49;-0,47;426326,38
XZAG;C10TR;HRZB00ICB103;2023-05-22;1380,08;1390,35;1380,05;1387,97;0,57;377667,57
XZAG;C10TR;HRZB00ICB103;2023-05-19;1379,34;1382,65;1379,19;1380,08;0,05;375476,58
XZAG;C10TR;HRZB00ICB103;2023-05-18;1378,49;1379,94;1371,75;1379,34;0,06;382917,57
XZAG;C10TR;HRZB00ICB103;2023-05-17;1373,10;1380,46;1370,69;1378,49;0,35;444031,94
XZAG;C10TR;HRZB00ICB103;2023-05-16;1382,79;1383,47;1372,78;1373,73;-0,58;686903,96
XZAG;C10TR;HRZB00ICB103;2023-05-15;1383,01;1387,64;1379,30;1381,73;-0,17;366373,01
XZAG;C10TR;HRZB00ICB103;2023-05-12;1375,78;1386,08;1371,34;1384,08;0,53;466548,05
XZAG;C10TR;HRZB00ICB103;2023-05-11;1371,80;1378,35;1371,80;1376,85;0,34;784659,37
XZAG;C10TR;HRZB00ICB103;2023-05-10;1367,36;1372,14;1365,02;1372,14;0,39;539687,40
XZAG;C10TR;HRZB00ICB103;2023-05-09;1372,41;1372,41;1366,80;1366,80;-0,37;255092,81
XZAG;C10TR;HRZB00ICB103;2023-05-08;1368,01;1373,43;1365,17;1371,85;0,33;519648,52
XZAG;C10TR;HRZB00ICB103;2023-05-05;1371,01;1371,06;1366,55;1367,38;-0,26;161745,53
XZAG;C10TR;HRZB00ICB103;2023-05-04;1369,69;1371,53;1368,15;1370,90;0,15;341958,22
XZAG;C10TR;HRZB00ICB103;2023-05-03;1361,92;1370,78;1358,57;1368,81;0,51;368526,11
XZAG;C10TR;HRZB00ICB103;2023-05-02;1361,53;1367,00;1359,77;1361,92;0,04;924768,46
XZAG;C10TR;HRZB00ICB103;2023-04-28;1372,39;1374,52;1361,42;1361,42;-0,81;1626429,10
XZAG;C10TR;HRZB00ICB103;2023-04-27;1372,96;1380,94;1365,95;1372,60;-0,01;730509,12
XZAG;C10TR;HRZB00ICB103;2023-04-26;1369,92;1373,23;1364,61;1372,75;0,21;983966,05
XZAG;C10TR;HRZB00ICB103;2023-04-25;1376,19;1376,19;1362,78;1369,92;-0,46;411343,33
XZAG;C10TR;HRZB00ICB103;2023-04-24;1375,11;1378,10;1371,17;1376,19;-0,03;216615,39
XZAG;C10TR;HRZB00ICB103;2023-04-21;1374,73;1378,59;1373,59;1376,58;0,03;306492,98
XZAG;C10TR;HRZB00ICB103;2023-04-20;1371,22;1379,83;1371,22;1376,19;0,18;642542,67
XZAG;C10TR;HRZB00ICB103;2023-04-19;1372,52;1374,95;1371,72;1373,73;0,09;274538,65
XZAG;C10TR;HRZB00ICB103;2023-04-18;1373,14;1376,86;1366,09;1372,52;-0,04;713552,05
XZAG;C10TR;HRZB00ICB103;2023-04-17;1373,51;1376,63;1372,22;1373,04;0,04;338510,11
XZAG;C10TR;HRZB00ICB103;2023-04-14;1370,12;1375,05;1370,12;1372,45;0,17;485092,84
XZAG;C10TR;HRZB00ICB103;2023-04-13;1367,59;1375,20;1364,18;1370,12;0,22;898902,78
XZAG;C10TR;HRZB00ICB103;2023-04-12;1358,11;1367,39;1355,50;1367,17;0,68;913459,36
XZAG;C10TR;HRZB00ICB103;2023-04-11;1357,27;1360,61;1355,56;1357,90;0,04;535553,29
XZAG;C10TR;HRZB00ICB103;2023-04-06;1356,84;1359,03;1352,97;1357,37;0,04;465415,92
XZAG;C10TR;HRZB00ICB103;2023-04-05;1352,68;1361,94;1352,68;1356,84;0,25;843160,55
XZAG;C10TR;HRZB00ICB103;2023-04-04;1349,16;1353,62;1345,64;1353,39;0,31;797998,99
XZAG;C10TR;HRZB00ICB103;2023-04-03;1347,18;1353,01;1342,59;1349,16;0,15;410509,95
XZAG;C10TR;HRZB00ICB103;2023-03-31;1343,67;1347,18;1340,52;1347,18;0,26;212048,10
XZAG;C10TR;HRZB00ICB103;2023-03-30;1341,83;1344,73;1341,77;1343,67;0,26;182248,67
XZAG;C10TR;HRZB00ICB103;2023-03-29;1338,46;1342,50;1336,71;1340,15;0,13;262320,99
XZAG;C10TR;HRZB00ICB103;2023-03-28;1338,14;1339,78;1334,54;1338,46;0,02;262233,99
XZAG;C10TR;HRZB00ICB103;2023-03-27;1332,59;1341,61;1332,59;1338,14;0,42;370805,02
XZAG;C10TR;HRZB00ICB103;2023-03-24;1336,42;1338,41;1330,12;1332,59;-0,29;468372,75
XZAG;C10TR;HRZB00ICB103;2023-03-23;1337,61;1341,32;1336,42;1336,42;-0,09;224153,81
XZAG;C10TR;HRZB00ICB103;2023-03-22;1343,65;1344,71;1334,54;1337,61;-0,53;471327,48
XZAG;C10TR;HRZB00ICB103;2023-03-21;1351,36;1352,43;1342,64;1344,71;-0,49;364062,15
XZAG;C10TR;HRZB00ICB103;2023-03-20;1353,50;1353,89;1346,92;1351,36;-0,12;408771,49
XZAG;C10TR;HRZB00ICB103;2023-03-17;1341,99;1352,99;1340,27;1352,99;0,90;565649,17
XZAG;C10TR;HRZB00ICB103;2023-03-16;1339,79;1345,60;1336,59;1340,97;0,13;358501,75
XZAG;C10TR;HRZB00ICB103;2023-03-15;1362,47;1368,15;1339,24;1339,24;-1,72;689043,56
XZAG;C10TR;HRZB00ICB103;2023-03-14;1358,38;1365,09;1355,99;1362,69;0,23;516926,46
XZAG;C10TR;HRZB00ICB103;2023-03-13;1370,68;1371,31;1353,16;1359,56;-0,84;773505,13
XZAG;C10TR;HRZB00ICB103;2023-03-10;1374,57;1375,25;1360,79;1371,11;-0,24;1139498,84
XZAG;C10TR;HRZB00ICB103;2023-03-09;1368,35;1375,09;1366,94;1374,46;0,45;838043,80
XZAG;C10TR;HRZB00ICB103;2023-03-08;1365,55;1373,20;1363,37;1368,35;0,13;817074,11
XZAG;C10TR;HRZB00ICB103;2023-03-07;1368,71;1370,95;1366,37;1366,57;-0,17;492993,11
XZAG;C10TR;HRZB00ICB103;2023-03-06;1359,63;1371,52;1359,63;1368,96;0,69;667454,59
XZAG;C10TR;HRZB00ICB103;2023-03-03;1364,59;1366,02;1359,63;1359,63;-0,36;682619,08
XZAG;C10TR;HRZB00ICB103;2023-03-02;1364,48;1365,22;1358,76;1364,59;0,01;821335,04
XZAG;C10TR;HRZB00ICB103;2023-03-01;1349,09;1364,77;1345,74;1364,48;1,10;1586023,54
XZAG;C10TR;HRZB00ICB103;2023-02-28;1338,57;1349,59;1336,75;1349,59;0,79;900292,69
XZAG;C10TR;HRZB00ICB103;2023-02-27;1336,83;1344,93;1335,20;1339,07;0,12;725708,03
XZAG;C10TR;HRZB00ICB103;2023-02-24;1335,74;1339,16;1327,33;1337,42;0,17;782519,61
XZAG;C10TR;HRZB00ICB103;2023-02-23;1328,99;1337,12;1328,99;1335,11;0,48;506763,24
XZAG;C10TR;HRZB00ICB103;2023-02-22;1326,74;1330,46;1323,58;1328,71;0,05;791485,18
XZAG;C10TR;HRZB00ICB103;2023-02-21;1327,69;1328,28;1322,02;1328,00;0,02;549823,69
XZAG;C10TR;HRZB00ICB103;2023-02-20;1320,44;1328,87;1317,88;1327,69;0,50;487126,80
XZAG;C10TR;HRZB00ICB103;2023-02-17;1322,20;1322,70;1316,74;1321,12;-0,09;330386,25
XZAG;C10TR;HRZB00ICB103;2023-02-16;1325,51;1325,99;1319,87;1322,31;-0,32;175833,62
XZAG;C10TR;HRZB00ICB103;2023-02-15;1326,85;1329,69;1321,70;1326,53;-0,02;328838,79
XZAG;C10TR;HRZB00ICB103;2023-02-14;1316,43;1326,85;1315,41;1326,85;0,77;673157,29
XZAG;C10TR;HRZB00ICB103;2023-02-13;1318,43;1320,69;1312,99;1316,77;-0,13;386912,39
XZAG;C10TR;HRZB00ICB103;2023-02-10;1319,05;1320,57;1315,99;1318,43;-0,05;354005,77
XZAG;C10TR;HRZB00ICB103;2023-02-09;1311,82;1319,64;1309,01;1319,05;0,55;659507,44
XZAG;C10TR;HRZB00ICB103;2023-02-08;1307,54;1312,79;1303,72;1311,82;0,34;324958,15
XZAG;C10TR;HRZB00ICB103;2023-02-07;1308,25;1313,54;1303,43;1307,43;-0,11;486821,96
XZAG;C10TR;HRZB00ICB103;2023-02-06;1305,78;1310,17;1303,47;1308,84;0,29;183484,83
XZAG;C10TR;HRZB00ICB103;2023-02-03;1303,12;1310,07;1303,12;1305,11;0,15;273053,72
XZAG;C10TR;HRZB00ICB103;2023-02-02;1308,66;1310,56;1302,95;1303,12;-0,33;593581,63
XZAG;C10TR;HRZB00ICB103;2023-02-01;1305,72;1313,08;1305,72;1307,40;0,15;503154,86
XZAG;C10TR;HRZB00ICB103;2023-01-31;1311,53;1315,20;1305,39;1305,39;-0,38;390521,82
XZAG;C10TR;HRZB00ICB103;2023-01-30;1313,97;1319,45;1309,52;1310,35;-0,35;176315,70
XZAG;C10TR;HRZB00ICB103;2023-01-27;1316,32;1317,72;1313,57;1314,99;-0,10;325812,08
XZAG;C10TR;HRZB00ICB103;2023-01-26;1304,95;1318,23;1304,95;1316,32;0,77;851253,39
XZAG;C10TR;HRZB00ICB103;2023-01-25;1301,78;1310,30;1301,78;1306,21;0,44;355341,96
XZAG;C10TR;HRZB00ICB103;2023-01-24;1277,89;1300,43;1277,89;1300,43;1,52;400946,76
XZAG;C10TR;HRZB00ICB103;2023-01-23;1273,23;1282,12;1273,23;1280,94;0,61;275175,25
XZAG;C10TR;HRZB00ICB103;2023-01-20;1267,51;1275,05;1266,68;1273,23;0,45;176524,13
XZAG;C10TR;HRZB00ICB103;2023-01-19;1269,82;1269,82;1264,07;1267,56;-0,18;203677,88
XZAG;C10TR;HRZB00ICB103;2023-01-18;1259,99;1273,79;1259,99;1269,82;0,92;388969,25
XZAG;C10TR;HRZB00ICB103;2023-01-17;1255,79;1264,34;1255,64;1258,30;0,44;1007839,21
XZAG;C10TR;HRZB00ICB103;2023-01-16;1298,97;1301,59;1252,83;1252,83;-3,55;1364435,07
XZAG;C10TR;HRZB00ICB103;2023-01-13;1292,90;1301,39;1292,31;1298,97;0,63;266525,70
XZAG;C10TR;HRZB00ICB103;2023-01-12;1274,77;1290,87;1274,77;1290,87;1,30;451924,91
XZAG;C10TR;HRZB00ICB103;2023-01-11;1264,46;1275,87;1264,46;1274,27;0,78;357622,05
XZAG;C10TR;HRZB00ICB103;2023-01-10;1258,23;1266,18;1257,21;1264,46;0,44;309507,90
XZAG;C10TR;HRZB00ICB103;2023-01-09;1238,56;1265,81;1238,56;1258,86;1,85;495751,80
XZAG;C10TR;HRZB00ICB103;2023-01-05;1233,02;1236,35;1231,23;1236,05;0,27;190858,25
XZAG;C10TR;HRZB00ICB103;2023-01-04;1235,26;1235,26;1225,67;1232,70;-0,34;300597,17
XZAG;C10TR;HRZB00ICB103;2023-01-03;1230,29;1236,95;1230,29;1236,95;0,54;60863,02
XZAG;C10TR;HRZB00ICB103;2023-01-02;1223,83;1232,27;1218,21;1230,29;0,65;65385,53
XZAG;C10TR;HRZB00ICB103;2022-12-28;1219,09;1223,44;1211,64;1222,39;0,31;351939,13
XZAG;C10TR;HRZB00ICB103;2022-12-27;1217,65;1220,71;1214,86;1218,64;0,15;544721,77
XZAG;C10TR;HRZB00ICB103;2022-12-23;1216,22;1217,12;1210,95;1216,76;0,04;106730,27
XZAG;C10TR;HRZB00ICB103;2022-12-22;1218,06;1218,51;1211,17;1216,22;-0,15;482986,53
XZAG;C10TR;HRZB00ICB103;2022-12-21;1210,66;1218,74;1207,53;1218,06;0,62;520414,76
XZAG;C10TR;HRZB00ICB103;2022-12-20;1207,72;1212,60;1206,88;1210,52;0,23;188463,30
XZAG;C10TR;HRZB00ICB103;2022-12-19;1208,55;1208,55;1203,08;1207,75;0,16;584372,10
XZAG;C10TR;HRZB00ICB103;2022-12-16;1205,21;1206,84;1203,27;1205,85;0,10;417720,80
XZAG;C10TR;HRZB00ICB103;2022-12-15;1208,44;1208,78;1203,21;1204,70;-0,18;726921,64
XZAG;C10TR;HRZB00ICB103;2022-12-14;1205,86;1207,84;1203,11;1206,89;0,05;220593,85
XZAG;C10TR;HRZB00ICB103;2022-12-13;1206,60;1208,01;1199,98;1206,30;-0,19;206403,73
XZAG;C10TR;HRZB00ICB103;2022-12-12;1201,35;1208,95;1201,35;1208,62;0,57;343296,18
XZAG;C10TR;HRZB00ICB103;2022-12-09;1199,24;1201,80;1196,38;1201,80;0,27;212763,29
XZAG;C10TR;HRZB00ICB103;2022-12-08;1196,86;1200,53;1195,41;1198,57;0,13;352818,18
XZAG;C10TR;HRZB00ICB103;2022-12-07;1193,69;1197,02;1193,32;1197,02;0,28;350329,80
XZAG;C10TR;HRZB00ICB103;2022-12-06;1191,07;1194,32;1189,86;1193,69;0,22;747685,51
XZAG;C10TR;HRZB00ICB103;2022-12-05;1199,17;1199,74;1189,24;1191,07;-0,73;262245,86
XZAG;C10TR;HRZB00ICB103;2022-12-02;1192,68;1200,39;1191,03;1199,88;0,60;163940,78
XZAG;C10TR;HRZB00ICB103;2022-12-01;1186,53;1192,68;1185,20;1192,68;0,58;183316,24
XZAG;C10TR;HRZB00ICB103;2022-11-30;1191,17;1191,62;1185,75;1185,75;-0,46;183719,22
XZAG;C10TR;HRZB00ICB103;2022-11-29;1193,26;1193,32;1189,77;1191,17;-0,15;317857,51
XZAG;C10TR;HRZB00ICB103;2022-11-28;1196,60;1196,60;1190,60;1192,92;-0,31;189806,84
XZAG;C10TR;HRZB00ICB103;2022-11-25;1192,48;1197,40;1192,02;1196,60;0,38;273039,87
XZAG;C10TR;HRZB00ICB103;2022-11-24;1193,36;1194,46;1191,14;1192,03;-0,11;317968,35
XZAG;C10TR;HRZB00ICB103;2022-11-23;1189,20;1193,34;1186,97;1193,29;0,34;586979,34
XZAG;C10TR;HRZB00ICB103;2022-11-22;1187,21;1193,48;1185,83;1189,20;0,05;377036,06
XZAG;C10TR;HRZB00ICB103;2022-11-21;1189,27;1189,76;1186,53;1188,56;-0,10;215070,30
XZAG;C10TR;HRZB00ICB103;2022-11-17;1195,03;1195,03;1189,72;1189,72;-0,44;380285,62
XZAG;C10TR;HRZB00ICB103;2022-11-16;1193,66;1195,38;1187,05;1195,03;0,08;474236,02
XZAG;C10TR;HRZB00ICB103;2022-11-15;1197,35;1197,35;1187,20;1194,02;-0,28;252005,32
XZAG;C10TR;HRZB00ICB103;2022-11-14;1197,50;1201,93;1195,53;1197,35;-0,40;605038,21
XZAG;C10TR;HRZB00ICB103;2022-11-11;1205,37;1210,04;1199,06;1202,20;-0,24;477811,79
XZAG;C10TR;HRZB00ICB103;2022-11-10;1199,25;1205,10;1193,14;1205,10;0,55;443461,44
XZAG;C10TR;HRZB00ICB103;2022-11-09;1206,94;1206,94;1194,33;1198,47;-0,64;513732,71
XZAG;C10TR;HRZB00ICB103;2022-11-08;1187,32;1208,33;1184,42;1206,15;1,59;771112,95
XZAG;C10TR;HRZB00ICB103;2022-11-07;1190,85;1190,85;1183,81;1187,32;-0,30;487772,18
XZAG;C10TR;HRZB00ICB103;2022-11-04;1185,84;1190,85;1180,38;1190,85;0,48;556690,68
XZAG;C10TR;HRZB00ICB103;2022-11-03;1196,02;1196,02;1182,27;1185,17;-0,76;319449,81
XZAG;C10TR;HRZB00ICB103;2022-11-02;1206,02;1206,02;1194,22;1194,22;-1,01;1705009,12
XZAG;C10TR;HRZB00ICB103;2022-10-31;1202,96;1206,38;1201,97;1206,38;0,32;329119,00
XZAG;C10TR;HRZB00ICB103;2022-10-28;1212,15;1213,57;1202,53;1202,53;-0,80;742474,32
XZAG;C10TR;HRZB00ICB103;2022-10-27;1198,24;1214,39;1197,79;1212,19;1,16;986115,68
XZAG;C10TR;HRZB00ICB103;2022-10-26;1194,48;1199,45;1192,60;1198,24;0,26;913447,14
XZAG;C10TR;HRZB00ICB103;2022-10-25;1190,99;1195,16;1190,13;1195,16;0,33;660199,28
XZAG;C10TR;HRZB00ICB103;2022-10-24;1201,58;1201,58;1191,28;1191,28;-0,82;520473,86
XZAG;C10TR;HRZB00ICB103;2022-10-21;1207,69;1207,69;1199,89;1201,16;-0,57;367260,61
XZAG;C10TR;HRZB00ICB103;2022-10-20;1215,75;1215,75;1205,57;1208,06;-0,63;223706,10
XZAG;C10TR;HRZB00ICB103;2022-10-19;1217,35;1217,35;1210,76;1215,75;-0,13;740067,36
XZAG;C10TR;HRZB00ICB103;2022-10-18;1207,40;1218,22;1204,06;1217,35;0,77;381172,29
XZAG;C10TR;HRZB00ICB103;2022-10-17;1208,62;1209,75;1205,80;1208,07;-0,05;113708,98
XZAG;C10TR;HRZB00ICB103;2022-10-14;1197,63;1209,51;1197,63;1208,62;0,99;158244,29
XZAG;C10TR;HRZB00ICB103;2022-10-13;1201,71;1202,92;1195,90;1196,79;-0,43;637864,69
XZAG;C10TR;HRZB00ICB103;2022-10-12;1198,64;1204,37;1198,64;1201,95;0,28;787235,62
XZAG;C10TR;HRZB00ICB103;2022-10-11;1203,47;1204,33;1198,57;1198,64;-0,38;536465,92
XZAG;C10TR;HRZB00ICB103;2022-10-10;1210,25;1210,93;1203,24;1203,24;-0,59;359589,16
XZAG;C10TR;HRZB00ICB103;2022-10-07;1206,18;1214,00;1202,55;1210,41;0,29;320516,84
XZAG;C10TR;HRZB00ICB103;2022-10-06;1201,67;1207,90;1200,17;1206,86;0,38;192140,89
XZAG;C10TR;HRZB00ICB103;2022-10-05;1198,52;1202,79;1195,30;1202,34;0,36;412972,58
XZAG;C10TR;HRZB00ICB103;2022-10-04;1187,50;1199,97;1187,50;1198,07;0,89;402478,19
XZAG;C10TR;HRZB00ICB103;2022-10-03;1192,45;1192,69;1185,15;1187,50;-0,42;332261,84
XZAG;C10TR;HRZB00ICB103;2022-09-30;1187,29;1192,45;1184,58;1192,45;0,42;466838,03
XZAG;C10TR;HRZB00ICB103;2022-09-29;1197,34;1197,34;1185,56;1187,50;-0,79;690401,66
XZAG;C10TR;HRZB00ICB103;2022-09-28;1206,96;1206,96;1194,71;1196,98;-0,86;696133,39
XZAG;C10TR;HRZB00ICB103;2022-09-27;1218,54;1219,31;1203,60;1207,38;-0,94;1262311,01
XZAG;C10TR;HRZB00ICB103;2022-09-26;1230,42;1232,62;1218,83;1218,83;-0,94;720568,61
XZAG;C10TR;HRZB00ICB103;2022-09-23;1235,66;1235,82;1226,25;1230,34;-0,36;613318,32
XZAG;C10TR;HRZB00ICB103;2022-09-22;1231,84;1235,03;1230,19;1234,77;0,26;461931,89
XZAG;C10TR;HRZB00ICB103;2022-09-21;1238,72;1238,72;1230,94;1231,60;-0,47;456846,93
XZAG;C10TR;HRZB00ICB103;2022-09-20;1242,22;1243,09;1234,31;1237,37;-0,32;887943,37
XZAG;C10TR;HRZB00ICB103;2022-09-19;1243,91;1243,91;1235,94;1241,32;-0,10;268999,84
XZAG;C10TR;HRZB00ICB103;2022-09-16;1242,75;1242,75;1234,15;1242,57;-0,12;701871,87
XZAG;C10TR;HRZB00ICB103;2022-09-15;1243,15;1245,28;1239,15;1244,09;0,10;337277,66
XZAG;C10TR;HRZB00ICB103;2022-09-14;1248,30;1248,83;1240,45;1242,87;-0,42;352907,88
XZAG;C10TR;HRZB00ICB103;2022-09-13;1249,84;1250,40;1245,23;1248,07;-0,14;415743,06
XZAG;C10TR;HRZB00ICB103;2022-09-12;1245,70;1249,84;1243,92;1249,84;0,33;317668,43
XZAG;C10TR;HRZB00ICB103;2022-09-09;1246,45;1246,45;1241,74;1245,70;0,00;282544,30
XZAG;C10TR;HRZB00ICB103;2022-09-08;1244,34;1247,36;1243,99;1245,70;0,00;201082,65
XZAG;C10TR;HRZB00ICB103;2022-09-07;1244,97;1246,88;1242,81;1245,68;0,06;472701,84
XZAG;C10TR;HRZB00ICB103;2022-09-06;1244,74;1247,05;1242,90;1244,97;0,02;126820,07
XZAG;C10TR;HRZB00ICB103;2022-09-05;1251,03;1252,60;1244,35;1244,74;-0,57;393172,96
XZAG;C10TR;HRZB00ICB103;2022-09-02;1252,49;1254,74;1248,93;1251,90;-0,05;289596,46
XZAG;C10TR;HRZB00ICB103;2022-09-01;1259,58;1261,15;1250,62;1252,49;-0,55;1133700,62
XZAG;C10TR;HRZB00ICB103;2022-08-31;1259,41;1259,44;1253,62;1259,44;0,13;239725,58
XZAG;C10TR;HRZB00ICB103;2022-08-30;1264,44;1264,44;1257,79;1257,79;-0,53;192417,27
XZAG;C10TR;HRZB00ICB103;2022-08-29;1270,04;1270,25;1257,88;1264,44;-0,49;265504,67
XZAG;C10TR;HRZB00ICB103;2022-08-26;1258,39;1270,72;1256,70;1270,72;0,96;254138,75
XZAG;C10TR;HRZB00ICB103;2022-08-25;1261,23;1262,17;1257,20;1258,60;-0,31;568339,72
XZAG;C10TR;HRZB00ICB103;2022-08-24;1260,23;1262,53;1258,05;1262,53;0,18;291997,15
XZAG;C10TR;HRZB00ICB103;2022-08-23;1266,22;1266,90;1260,02;1260,23;-0,47;479253,30
XZAG;C10TR;HRZB00ICB103;2022-08-22;1264,46;1266,42;1258,51;1266,22;0,24;525018,66
XZAG;C10TR;HRZB00ICB103;2022-08-19;1264,93;1264,97;1260,11;1263,18;-0,03;417776,92
XZAG;C10TR;HRZB00ICB103;2022-08-18;1262,28;1268,66;1261,51;1263,58;0,26;223802,71
XZAG;C10TR;HRZB00ICB103;2022-08-17;1259,21;1266,72;1258,81;1260,26;0,03;520351,82
XZAG;C10TR;HRZB00ICB103;2022-08-16;1257,73;1263,04;1255,22;1259,88;0,17;1111347,39
XZAG;C10TR;HRZB00ICB103;2022-08-12;1250,65;1258,15;1250,65;1257,80;0,57;499757,53
XZAG;C10TR;HRZB00ICB103;2022-08-11;1247,18;1254,07;1247,18;1250,65;0,42;345691,54
XZAG;C10TR;HRZB00ICB103;2022-08-10;1244,93;1248,22;1243,83;1245,45;-0,01;381807,94
XZAG;C10TR;HRZB00ICB103;2022-08-09;1234,83;1245,60;1234,16;1245,60;0,88;242245,74
XZAG;C10TR;HRZB00ICB103;2022-08-08;1231,39;1236,44;1229,10;1234,69;0,29;511947,57
XZAG;C10TR;HRZB00ICB103;2022-08-04;1231,67;1233,15;1230,88;1231,13;0,02;141770,52
XZAG;C10TR;HRZB00ICB103;2022-08-03;1227,85;1231,19;1224,63;1230,91;0,35;202811,02
XZAG;C10TR;HRZB00ICB103;2022-08-02;1230,25;1231,40;1221,36;1226,59;-0,40;676134,89
XZAG;C10TR;HRZB00ICB103;2022-08-01;1229,75;1232,06;1228,91;1231,55;0,15;264384,59
XZAG;C10TR;HRZB00ICB103;2022-07-29;1236,92;1238,71;1228,48;1229,75;-0,58;508529,07
XZAG;C10TR;HRZB00ICB103;2022-07-28;1235,70;1240,78;1231,92;1236,92;0,15;351289,53
XZAG;C10TR;HRZB00ICB103;2022-07-27;1232,64;1239,07;1232,43;1235,07;0,27;565098,45
XZAG;C10TR;HRZB00ICB103;2022-07-26;1227,09;1232,67;1225,98;1231,77;0,44;192188,03
XZAG;C10TR;HRZB00ICB103;2022-07-25;1228,68;1228,68;1222,72;1226,42;-0,18;411119,37
XZAG;C10TR;HRZB00ICB103;2022-07-22;1217,50;1228,68;1216,31;1228,68;0,92;334526,46
XZAG;C10TR;HRZB00ICB103;2022-07-21;1216,64;1220,32;1211,81;1217,50;0,07;451684,16
XZAG;C10TR;HRZB00ICB103;2022-07-20;1210,46;1217,59;1210,45;1216,68;0,64;190074,05
XZAG;C10TR;HRZB00ICB103;2022-07-19;1212,18;1215,86;1208,73;1208,96;-0,27;232230,51
XZAG;C10TR;HRZB00ICB103;2022-07-18;1206,82;1212,73;1205,60;1212,29;0,45;259487,86
XZAG;C10TR;HRZB00ICB103;2022-07-15;1209,26;1211,63;1206,82;1206,82;-0,12;288480,34
XZAG;C10TR;HRZB00ICB103;2022-07-14;1215,34;1216,41;1208,32;1208,32;-0,58;456074,40
XZAG;C10TR;HRZB00ICB103;2022-07-13;1227,81;1230,47;1215,34;1215,34;-1,02;448587,03
XZAG;C10TR;HRZB00ICB103;2022-07-12;1235,20;1236,83;1224,90;1227,81;-0,62;325498,27
XZAG;C10TR;HRZB00ICB103;2022-07-11;1227,73;1236,46;1227,73;1235,48;0,63;282377,12
XZAG;C10TR;HRZB00ICB103;2022-07-08;1234,75;1236,44;1227,73;1227,73;-0,55;306151,53
XZAG;C10TR;HRZB00ICB103;2022-07-07;1240,73;1242,17;1230,92;1234,52;-0,50;230274,99
XZAG;C10TR;HRZB00ICB103;2022-07-06;1243,86;1243,86;1233,00;1240,73;-0,29;433405,30
XZAG;C10TR;HRZB00ICB103;2022-07-05;1242,69;1245,51;1238,93;1244,35;0,19;398561,66
XZAG;C10TR;HRZB00ICB103;2022-07-04;1246,35;1246,35;1239,30;1242,00;-0,40;281607,39
XZAG;C10TR;HRZB00ICB103;2022-07-01;1247,50;1248,27;1242,85;1246,98;-0,11;318450,71
XZAG;C10TR;HRZB00ICB103;2022-06-30;1259,89;1261,15;1245,88;1248,31;-0,97;446277,87
XZAG;C10TR;HRZB00ICB103;2022-06-29;1256,75;1260,56;1251,31;1260,52;0,30;416622,84
XZAG;C10TR;HRZB00ICB103;2022-06-28;1257,24;1260,45;1254,29;1256,75;-0,16;218372,39
XZAG;C10TR;HRZB00ICB103;2022-06-27;1247,44;1263,59;1247,44;1258,75;0,92;567487,78
XZAG;C10TR;HRZB00ICB103;2022-06-24;1234,33;1250,82;1234,33;1247,30;1,05;797265,70
XZAG;C10TR;HRZB00ICB103;2022-06-23;1239,84;1243,38;1234,33;1234,33;-0,48;463372,92
XZAG;C10TR;HRZB00ICB103;2022-06-21;1233,38;1240,26;1231,40;1240,26;0,56;510799,68
XZAG;C10TR;HRZB00ICB103;2022-06-20;1236,68;1237,84;1229,67;1233,38;-0,23;723168,39
XZAG;C10TR;HRZB00ICB103;2022-06-17;1252,35;1252,35;1234,83;1236,24;-1,36;912498,39
XZAG;C10TR;HRZB00ICB103;2022-06-15;1254,67;1258,22;1249,39;1253,31;-0,11;347013,55
XZAG;C10TR;HRZB00ICB103;2022-06-14;1266,61;1266,61;1254,16;1254,67;-0,67;683164,35
XZAG;C10TR;HRZB00ICB103;2022-06-13;1282,59;1282,59;1258,80;1263,17;-1,56;917570,54
XZAG;C10TR;HRZB00ICB103;2022-06-10;1284,26;1286,21;1281,87;1283,23;-0,08;435008,69
XZAG;C10TR;HRZB00ICB103;2022-06-09;1283,25;1287,26;1281,24;1284,26;0,05;323483,11
XZAG;C10TR;HRZB00ICB103;2022-06-08;1281,06;1283,67;1279,17;1283,67;0,20;257115,79
XZAG;C10TR;HRZB00ICB103;2022-06-07;1286,53;1286,53;1281,06;1281,06;-0,43;286729,11
XZAG;C10TR;HRZB00ICB103;2022-06-06;1283,21;1286,99;1281,35;1286,53;0,26;255241,08
XZAG;C10TR;HRZB00ICB103;2022-06-03;1284,01;1288,94;1283,21;1283,21;-0,06;685946,58
XZAG;C10TR;HRZB00ICB103;2022-06-02;1277,91;1284,01;1277,91;1284,01;0,48;783849,80
XZAG;C10TR;HRZB00ICB103;2022-06-01;1278,46;1282,70;1276,06;1277,91;-0,01;1019556,23
XZAG;C10TR;HRZB00ICB103;2022-05-31;1285,77;1288,34;1277,43;1278,00;-0,60;756383,17
XZAG;C10TR;HRZB00ICB103;2022-05-27;1284,64;1288,56;1284,36;1285,77;0,09;520723,09
XZAG;C10TR;HRZB00ICB103;2022-05-26;1283,49;1286,12;1281,89;1284,60;-0,15;293189,62
XZAG;C10TR;HRZB00ICB103;2022-05-25;1282,13;1288,39;1281,17;1286,53;0,24;764142,37
XZAG;C10TR;HRZB00ICB103;2022-05-24;1286,98;1287,26;1281,55;1283,51;-0,27;352318,55
XZAG;C10TR;HRZB00ICB103;2022-05-23;1281,81;1290,31;1281,07;1286,98;0,39;354284,39
XZAG;C10TR;HRZB00ICB103;2022-05-20;1277,57;1284,39;1277,57;1282,03;0,37;229732,76
XZAG;C10TR;HRZB00ICB103;2022-05-19;1277,26;1277,93;1274,44;1277,29;0,01;287153,61
XZAG;C10TR;HRZB00ICB103;2022-05-18;1281,61;1285,46;1277,19;1277,19;-0,34;498094,92
XZAG;C10TR;HRZB00ICB103;2022-05-17;1279,27;1285,06;1279,27;1281,61;0,18;693774,19
XZAG;C10TR;HRZB00ICB103;2022-05-16;1282,02;1282,02;1276,87;1279,27;-0,25;311952,01
XZAG;C10TR;HRZB00ICB103;2022-05-13;1276,74;1282,90;1274,40;1282,44;0,52;520784,19
XZAG;C10TR;HRZB00ICB103;2022-05-12;1292,03;1292,03;1275,17;1275,82;-1,33;1109413,84
XZAG;C10TR;HRZB00ICB103;2022-05-11;1292,26;1296,57;1291,88;1292,97;0,16;359537,16
XZAG;C10TR;HRZB00ICB103;2022-05-10;1296,60;1297,36;1289,71;1290,92;-0,37;779840,24
XZAG;C10TR;HRZB00ICB103;2022-05-09;1298,85;1299,27;1290,45;1295,66;-0,30;837800,17
XZAG;C10TR;HRZB00ICB103;2022-05-06;1309,91;1310,85;1296,81;1299,60;-0,86;976391,56
XZAG;C10TR;HRZB00ICB103;2022-05-05;1302,56;1312,23;1302,10;1310,85;0,69;611668,18
XZAG;C10TR;HRZB00ICB103;2022-05-04;1303,94;1305,14;1300,90;1301,89;0,00;1233435,22
XZAG;C10TR;HRZB00ICB103;2022-05-03;1307,96;1309,18;1301,16;1301,92;-0,46;729689,63
XZAG;C10TR;HRZB00ICB103;2022-05-02;1310,51;1310,51;1303,64;1307,96;-0,14;322303,22
XZAG;C10TR;HRZB00ICB103;2022-04-29;1310,55;1313,63;1308,22;1309,84;-0,04;867638,83
XZAG;C10TR;HRZB00ICB103;2022-04-28;1304,63;1312,68;1304,63;1310,41;0,45;583988,15
XZAG;C10TR;HRZB00ICB103;2022-04-27;1308,84;1310,19;1301,80;1304,49;-0,38;532563,94
XZAG;C10TR;HRZB00ICB103;2022-04-26;1307,53;1313,27;1303,51;1309,52;0,15;653246,49
XZAG;C10TR;HRZB00ICB103;2022-04-25;1317,51;1317,51;1306,15;1307,53;-0,71;306491,55
XZAG;C10TR;HRZB00ICB103;2022-04-22;1317,32;1317,78;1310,76;1316,82;-0,10;593732,76
XZAG;C10TR;HRZB00ICB103;2022-04-21;1316,61;1319,58;1310,90;1318,08;-0,10;769808,47
XZAG;C10TR;HRZB00ICB103;2022-04-20;1304,76;1321,52;1303,37;1319,43;1,23;1230359,19
XZAG;C10TR;HRZB00ICB103;2022-04-19;1305,40;1310,76;1303,26;1303,41;-0,14;541749,87
XZAG;C10TR;HRZB00ICB103;2022-04-14;1306,94;1309,15;1301,06;1305,19;-0,23;478352,59
XZAG;C10TR;HRZB00ICB103;2022-04-13;1307,94;1310,60;1306,91;1308,15;0,02;488471,70
XZAG;C10TR;HRZB00ICB103;2022-04-12;1314,97;1315,73;1305,88;1307,94;-0,48;380368,61
XZAG;C10TR;HRZB00ICB103;2022-04-11;1309,69;1316,34;1308,74;1314,30;0,35;1379182,36
XZAG;C10TR;HRZB00ICB103;2022-04-08;1301,30;1310,41;1301,30;1309,69;0,64;478258,73
XZAG;C10TR;HRZB00ICB103;2022-04-07;1305,25;1305,32;1298,27;1301,30;-0,30;445384,37
XZAG;C10TR;HRZB00ICB103;2022-04-06;1307,70;1307,84;1302,96;1305,25;-0,19;729283,47
XZAG;C10TR;HRZB00ICB103;2022-04-05;1304,51;1309,38;1303,73;1307,70;0,36;467524,22
XZAG;C10TR;HRZB00ICB103;2022-04-04;1293,06;1303,99;1289,97;1303,00;0,77;741041,61
XZAG;C10TR;HRZB00ICB103;2022-04-01;1290,33;1295,34;1287,92;1293,06;0,18;314159,69
XZAG;C10TR;HRZB00ICB103;2022-03-31;1293,04;1295,75;1286,75;1290,77;-0,18;936908,45
XZAG;C10TR;HRZB00ICB103;2022-03-30;1298,65;1299,77;1285,91;1293,04;-0,48;394820,39
XZAG;C10TR;HRZB00ICB103;2022-03-29;1271,15;1299,30;1270,77;1299,30;2,16;974180,09
XZAG;C10TR;HRZB00ICB103;2022-03-28;1265,19;1272,87;1263,26;1271,82;0,53;868888,84
XZAG;C10TR;HRZB00ICB103;2022-03-25;1265,66;1272,30;1263,07;1265,12;-0,04;277951,82
XZAG;C10TR;HRZB00ICB103;2022-03-24;1268,36;1268,99;1260,87;1265,66;-0,22;352076,09
XZAG;C10TR;HRZB00ICB103;2022-03-23;1271,42;1274,70;1266,00;1268,47;-0,27;657778,55
XZAG;C10TR;HRZB00ICB103;2022-03-22;1273,64;1273,64;1266,63;1271,86;-0,14;646682,20
XZAG;C10TR;HRZB00ICB103;2022-03-21;1268,10;1277,58;1268,10;1273,64;0,49;396592,04
XZAG;C10TR;HRZB00ICB103;2022-03-18;1260,05;1282,51;1259,39;1267,46;0,59;871443,52
XZAG;C10TR;HRZB00ICB103;2022-03-17;1255,69;1260,89;1253,37;1260,05;0,38;545239,18
XZAG;C10TR;HRZB00ICB103;2022-03-16;1230,32;1256,32;1229,85;1255,26;2,03;1146005,64
XZAG;C10TR;HRZB00ICB103;2022-03-15;1224,41;1231,56;1220,88;1230,32;0,47;710004,29
XZAG;C10TR;HRZB00ICB103;2022-03-14;1213,57;1227,75;1213,36;1224,62;0,88;507428,18
XZAG;C10TR;HRZB00ICB103;2022-03-11;1211,48;1217,25;1209,16;1213,92;0,31;367838,66
XZAG;C10TR;HRZB00ICB103;2022-03-10;1208,54;1213,66;1207,66;1210,18;0,14;568677,97
XZAG;C10TR;HRZB00ICB103;2022-03-09;1181,56;1212,69;1181,56;1208,54;2,32;1338232,54
XZAG;C10TR;HRZB00ICB103;2022-03-08;1181,32;1186,23;1179,50;1181,10;0,04;931456,94
XZAG;C10TR;HRZB00ICB103;2022-03-07;1204,42;1204,42;1167,50;1180,67;-2,03;2022780,14
XZAG;C10TR;HRZB00ICB103;2022-03-04;1227,82;1227,82;1204,96;1205,18;-1,86;1049549,02
XZAG;C10TR;HRZB00ICB103;2022-03-03;1219,07;1228,23;1216,67;1228,01;0,52;783244,63
XZAG;C10TR;HRZB00ICB103;2022-03-02;1229,59;1229,59;1219,33;1221,70;-0,66;1136115,20
XZAG;C10TR;HRZB00ICB103;2022-03-01;1240,07;1243,33;1229,77;1229,77;-0,59;1054169,51
XZAG;C10TR;HRZB00ICB103;2022-02-28;1261,52;1261,52;1221,98;1237,01;-1,98;2141457,27
XZAG;C10TR;HRZB00ICB103;2022-02-25;1233,23;1262,16;1233,23;1262,02;2,52;1711660,40
XZAG;C10TR;HRZB00ICB103;2022-02-24;1315,48;1315,48;1225,10;1230,94;-6,47;2940241,21
XZAG;C10TR;HRZB00ICB103;2022-02-23;1307,63;1316,15;1307,63;1316,13;0,68;537172,26
XZAG;C10TR;HRZB00ICB103;2022-02-22;1324,56;1324,56;1298,55;1307,28;-1,37;749114,17
XZAG;C10TR;HRZB00ICB103;2022-02-21;1320,68;1332,53;1320,68;1325,49;0,34;398955,96
XZAG;C10TR;HRZB00ICB103;2022-02-18;1333,91;1336,76;1320,03;1320,96;-0,99;453454,43
XZAG;C10TR;HRZB00ICB103;2022-02-17;1341,97;1342,18;1334,19;1334,19;-0,58;777241,57
XZAG;C10TR;HRZB00ICB103;2022-02-16;1330,93;1342,80;1330,93;1341,97;0,90;279711,02
XZAG;C10TR;HRZB00ICB103;2022-02-15;1325,82;1333,88;1322,59;1329,98;0,31;415780,90
XZAG;C10TR;HRZB00ICB103;2022-02-14;1350,23;1350,24;1318,11;1325,82;-1,89;1058040,73
XZAG;C10TR;HRZB00ICB103;2022-02-11;1352,64;1354,28;1349,43;1351,36;-0,05;592387,36
XZAG;C10TR;HRZB00ICB103;2022-02-10;1348,19;1356,12;1347,54;1351,99;0,34;645940,67
XZAG;C10TR;HRZB00ICB103;2022-02-09;1337,37;1347,43;1336,61;1347,43;0,77;532176,39
XZAG;C10TR;HRZB00ICB103;2022-02-08;1333,06;1338,16;1333,06;1337,09;0,30;513961,78
XZAG;C10TR;HRZB00ICB103;2022-02-07;1334,28;1339,16;1332,75;1333,06;-0,08;212725,06
XZAG;C10TR;HRZB00ICB103;2022-02-04;1331,52;1337,00;1330,57;1334,07;0,16;284032,97
XZAG;C10TR;HRZB00ICB103;2022-02-03;1340,69;1341,17;1331,96;1331,96;-0,51;116912,59
XZAG;C10TR;HRZB00ICB103;2022-02-02;1338,43;1342,92;1338,09;1338,79;0,03;232705,36
XZAG;C10TR;HRZB00ICB103;2022-02-01;1333,50;1343,50;1329,63;1338,43;0,37;687733,32
XZAG;C10TR;HRZB00ICB103;2022-01-31;1328,30;1335,35;1325,66;1333,50;0,40;286904,71
XZAG;C10TR;HRZB00ICB103;2022-01-28;1325,10;1328,23;1324,63;1328,23;0,27;368167,03
XZAG;C10TR;HRZB00ICB103;2022-01-27;1338,69;1338,69;1324,61;1324,61;-1,08;550995,86
XZAG;C10TR;HRZB00ICB103;2022-01-26;1325,61;1341,15;1325,61;1339,02;1,01;754326,37
XZAG;C10TR;HRZB00ICB103;2022-01-25;1320,33;1330,11;1314,04;1325,61;0,42;874080,84
XZAG;C10TR;HRZB00ICB103;2022-01-24;1355,80;1356,32;1320,05;1320,05;-2,64;1695439,80
XZAG;C10TR;HRZB00ICB103;2022-01-21;1373,45;1373,90;1349,69;1355,80;-1,30;1421364,91
XZAG;C10TR;HRZB00ICB103;2022-01-20;1375,11;1378,52;1370,43;1373,68;-0,16;1314219,46
XZAG;C10TR;HRZB00ICB103;2022-01-19;1370,86;1380,56;1369,68;1375,92;0,31;952060,42
XZAG;C10TR;HRZB00ICB103;2022-01-18;1365,11;1374,97;1365,11;1371,68;0,52;740045,55
XZAG;C10TR;HRZB00ICB103;2022-01-17;1351,88;1369,76;1351,88;1364,65;0,89;1257283,42
XZAG;C10TR;HRZB00ICB103;2022-01-14;1339,87;1356,48;1339,09;1352,65;0,96;1123658,45
XZAG;C10TR;HRZB00ICB103;2022-01-13;1338,75;1341,31;1338,08;1339,77;0,14;218969,26
XZAG;C10TR;HRZB00ICB103;2022-01-12;1332,98;1338,75;1328,81;1337,88;0,37;454706,14
XZAG;C10TR;HRZB00ICB103;2022-01-11;1332,94;1333,21;1326,23;1332,98;0,15;459734,05
XZAG;C10TR;HRZB00ICB103;2022-01-10;1327,41;1333,33;1322,15;1330,99;0,34;792385,73
XZAG;C10TR;HRZB00ICB103;2022-01-07;1326,52;1329,16;1318,80;1326,47;0,00;338100,46
XZAG;C10TR;HRZB00ICB103;2022-01-05;1324,09;1329,35;1321,22;1326,52;0,18;805116,40
XZAG;C10TR;HRZB00ICB103;2022-01-04;1324,01;1327,19;1321,71;1324,09;0,03;445982,76
XZAG;C10TR;HRZB00ICB103;2022-01-03;1293,23;1323,65;1293,23;1323,65;2,34;1206274,22
XZAG;C10TR;HRZB00ICB103;2021-12-30;1292,71;1296,92;1290,19;1293,33;0,06;537518,89
XZAG;C10TR;HRZB00ICB103;2021-12-29;1283,54;1292,57;1282,89;1292,57;0,70;552221,10
XZAG;C10TR;HRZB00ICB103;2021-12-28;1280,17;1285,67;1280,17;1283,54;0,26;332553,63
XZAG;C10TR;HRZB00ICB103;2021-12-27;1276,59;1282,21;1276,24;1280,17;0,33;462166,35
XZAG;C10TR;HRZB00ICB103;2021-12-23;1280,67;1280,83;1273,99;1275,94;-0,37;529878,61
XZAG;C10TR;HRZB00ICB103;2021-12-22;1276,74;1281,48;1275,41;1280,67;0,34;301906,07
XZAG;C10TR;HRZB00ICB103;2021-12-21;1272,88;1278,85;1272,88;1276,39;0,22;442466,85
XZAG;C10TR;HRZB00ICB103;2021-12-20;1278,23;1279,81;1270,10;1273,53;-0,37;528669,37
XZAG;C10TR;HRZB00ICB103;2021-12-17;1277,47;1280,16;1274,21;1278,30;0,06;693673,70
XZAG;C10TR;HRZB00ICB103;2021-12-16;1268,92;1277,78;1268,92;1277,47;0,73;645086,23
XZAG;C10TR;HRZB00ICB103;2021-12-15;1267,42;1269,60;1262,90;1268,23;0,06;1603916,92
XZAG;C10TR;HRZB00ICB103;2021-12-14;1262,27;1267,84;1262,22;1267,42;0,41;885467,64
XZAG;C10TR;HRZB00ICB103;2021-12-13;1263,05;1267,38;1260,51;1262,27;-0,11;1026337,02
XZAG;C10TR;HRZB00ICB103;2021-12-10;1263,86;1263,86;1260,22;1263,70;-0,06;552614,44
XZAG;C10TR;HRZB00ICB103;2021-12-09;1255,23;1264,66;1255,23;1264,51;0,69;246782,56
XZAG;C10TR;HRZB00ICB103;2021-12-08;1258,28;1259,04;1254,42;1255,88;-0,21;354188,40
XZAG;C10TR;HRZB00ICB103;2021-12-07;1253,95;1261,71;1253,95;1258,51;0,43;966929,30
XZAG;C10TR;HRZB00ICB103;2021-12-06;1253,97;1259,76;1253,13;1253,13;-0,07;466995,49
XZAG;C10TR;HRZB00ICB103;2021-12-03;1248,37;1255,14;1248,37;1253,97;0,51;239476,25
XZAG;C10TR;HRZB00ICB103;2021-12-02;1251,33;1253,01;1247,32;1247,61;-0,30;518870,14
XZAG;C10TR;HRZB00ICB103;2021-12-01;1243,22;1251,69;1242,82;1251,33;0,65;220552,37
XZAG;C10TR;HRZB00ICB103;2021-11-30;1244,18;1245,11;1240,74;1243,22;-0,03;881115,79
XZAG;C10TR;HRZB00ICB103;2021-11-29;1245,18;1246,25;1240,00;1243,62;-0,16;619284,86
XZAG;C10TR;HRZB00ICB103;2021-11-26;1259,05;1259,05;1245,40;1245,62;-1,07;1020999,34
XZAG;C10TR;HRZB00ICB103;2021-11-25;1257,01;1259,30;1256,21;1259,05;0,18;278206,91
XZAG;C10TR;HRZB00ICB103;2021-11-24;1255,16;1258,37;1254,30;1256,79;0,13;243587,70
XZAG;C10TR;HRZB00ICB103;2021-11-23;1259,10;1259,10;1254,23;1255,16;-0,31;379225,30
XZAG;C10TR;HRZB00ICB103;2021-11-22;1253,04;1261,03;1252,95;1259,10;0,54;344193,42
XZAG;C10TR;HRZB00ICB103;2021-11-19;1252,15;1254,68;1251,69;1252,35;0,02;443716,12
XZAG;C10TR;HRZB00ICB103;2021-11-17;1253,18;1255,35;1251,77;1252,08;-0,06;589738,60
XZAG;C10TR;HRZB00ICB103;2021-11-16;1257,57;1257,85;1252,81;1252,81;-0,41;564429,82
XZAG;C10TR;HRZB00ICB103;2021-11-15;1267,17;1267,75;1258,00;1258,00;-0,72;352031,42
XZAG;C10TR;HRZB00ICB103;2021-11-12;1265,17;1268,08;1265,17;1267,17;0,16;550375,70
XZAG;C10TR;HRZB00ICB103;2021-11-11;1263,08;1266,48;1261,12;1265,17;0,17;812719,70
XZAG;C10TR;HRZB00ICB103;2021-11-10;1266,78;1268,64;1263,08;1263,08;-0,14;330213,80
XZAG;C10TR;HRZB00ICB103;2021-11-09;1267,34;1267,95;1264,20;1264,83;-0,10;281184,88
XZAG;C10TR;HRZB00ICB103;2021-11-08;1261,02;1270,08;1258,36;1266,04;0,38;308224,49
XZAG;C10TR;HRZB00ICB103;2021-11-05;1265,73;1270,32;1261,15;1261,21;-0,33;395010,03
XZAG;C10TR;HRZB00ICB103;2021-11-04;1272,97;1274,22;1264,49;1265,44;-0,63;481220,92
XZAG;C10TR;HRZB00ICB103;2021-11-03;1267,17;1273,91;1263,59;1273,41;0,48;783311,08
XZAG;C10TR;HRZB00ICB103;2021-11-02;1281,01;1281,01;1267,26;1267,38;-1,02;1325856,85
XZAG;C10TR;HRZB00ICB103;2021-10-29;1290,17;1293,72;1279,34;1280,45;-0,66;1351235,62
XZAG;C10TR;HRZB00ICB103;2021-10-28;1267,18;1290,95;1266,51;1288,90;1,79;949326,90
XZAG;C10TR;HRZB00ICB103;2021-10-27;1275,21;1275,21;1263,47;1266,21;-0,66;1087445,02
XZAG;C10TR;HRZB00ICB103;2021-10-26;1276,18;1278,50;1273,94;1274,56;-0,14;731272,41
XZAG;C10TR;HRZB00ICB103;2021-10-25;1275,66;1280,71;1274,13;1276,33;0,12;869088,04
XZAG;C10TR;HRZB00ICB103;2021-10-22;1274,43;1280,57;1274,43;1274,74;0,02;184340,66
XZAG;C10TR;HRZB00ICB103;2021-10-21;1277,59;1280,21;1273,89;1274,43;-0,25;362015,53
XZAG;C10TR;HRZB00ICB103;2021-10-20;1277,03;1280,51;1273,86;1277,59;-0,01;498979,59
XZAG;C10TR;HRZB00ICB103;2021-10-19;1274,08;1278,37;1273,03;1277,68;0,21;351438,41
XZAG;C10TR;HRZB00ICB103;2021-10-18;1276,70;1278,67;1274,67;1274,95;-0,14;792273,79
XZAG;C10TR;HRZB00ICB103;2021-10-15;1277,19;1281,84;1274,95;1276,70;-0,07;523577,15
XZAG;C10TR;HRZB00ICB103;2021-10-14;1275,34;1282,94;1275,16;1277,62;0,18;887276,79
XZAG;C10TR;HRZB00ICB103;2021-10-13;1274,41;1275,93;1269,26;1275,34;0,07;1310769,59
XZAG;C10TR;HRZB00ICB103;2021-10-12;1274,26;1277,65;1272,19;1274,41;0,02;674037,87
XZAG;C10TR;HRZB00ICB103;2021-10-11;1272,90;1276,86;1267,64;1274,12;0,04;946649,13
XZAG;C10TR;HRZB00ICB103;2021-10-08;1280,13;1282,91;1273,04;1273,59;-0,50;542696,16
XZAG;C10TR;HRZB00ICB103;2021-10-07;1275,92;1285,12;1275,69;1279,99;0,32;1085673,46
XZAG;C10TR;HRZB00ICB103;2021-10-06;1275,82;1282,94;1272,02;1275,92;0,01;1320521,35
XZAG;C10TR;HRZB00ICB103;2021-10-05;1274,91;1280,22;1266,60;1275,82;-0,23;1317294,94
XZAG;C10TR;HRZB00ICB103;2021-10-04;1282,52;1284,20;1272,46;1278,73;-0,06;1294633,11
XZAG;C10TR;HRZB00ICB103;2021-10-01;1258,73;1285,03;1258,27;1279,46;1,65;2313449,68
XZAG;C10TR;HRZB00ICB103;2021-09-30;1246,47;1259,38;1245,17;1258,73;0,98;3812965,92
XZAG;C10TR;HRZB00ICB103;2021-09-29;1246,05;1251,60;1243,96;1246,47;0,03;1265243,97
XZAG;C10TR;HRZB00ICB103;2021-09-28;1241,79;1247,94;1240,90;1246,05;0,47;1026875,88
XZAG;C10TR;HRZB00ICB103;2021-09-27;1238,29;1241,26;1234,92;1240,26;0,16;719390,83
XZAG;C10TR;HRZB00ICB103;2021-09-24;1236,33;1239,82;1236,19;1238,29;0,16;438945,29
XZAG;C10TR;HRZB00ICB103;2021-09-23;1227,26;1238,55;1227,26;1236,33;0,74;563984,62
XZAG;C10TR;HRZB00ICB103;2021-09-22;1222,30;1227,47;1221,23;1227,26;0,50;412286,67
XZAG;C10TR;HRZB00ICB103;2021-09-21;1221,19;1225,19;1217,93;1221,17;0,11;2884954,41
XZAG;C10TR;HRZB00ICB103;2021-09-20;1233,47;1233,66;1216,68;1219,87;-1,17;2007765,35
XZAG;C10TR;HRZB00ICB103;2021-09-17;1232,77;1235,85;1232,37;1234,31;0,12;1622028,96
XZAG;C10TR;HRZB00ICB103;2021-09-16;1235,22;1235,22;1231,22;1232,77;-0,01;1556483,86
XZAG;C10TR;HRZB00ICB103;2021-09-15;1234,14;1235,76;1231,09;1232,92;-0,10;341914,45
XZAG;C10TR;HRZB00ICB103;2021-09-14;1232,60;1235,41;1229,88;1234,14;0,16;620168,50
XZAG;C10TR;HRZB00ICB103;2021-09-13;1234,88;1234,88;1228,35;1232,19;-0,38;423862,59
XZAG;C10TR;HRZB00ICB103;2021-09-10;1229,79;1236,93;1229,79;1236,93;0,56;220032,68
XZAG;C10TR;HRZB00ICB103;2021-09-09;1229,07;1231,25;1226,48;1230,02;0,01;191860,45
XZAG;C10TR;HRZB00ICB103;2021-09-08;1233,62;1234,35;1229,95;1229,95;-0,30;252181,11
XZAG;C10TR;HRZB00ICB103;2021-09-07;1233,63;1235,44;1232,82;1233,62;-0,01;486913,61
XZAG;C10TR;HRZB00ICB103;2021-09-06;1235,29;1238,06;1233,72;1233,72;-0,19;325897,07
XZAG;C10TR;HRZB00ICB103;2021-09-03;1233,85;1237,61;1233,85;1236,06;0,22;158782,77
XZAG;C10TR;HRZB00ICB103;2021-09-02;1238,16;1238,63;1233,39;1233,39;-0,39;219811,09
XZAG;C10TR;HRZB00ICB103;2021-09-01;1236,93;1243,10;1236,49;1238,16;0,10;683401,69
XZAG;C10TR;HRZB00ICB103;2021-08-31;1237,39;1240,75;1235,56;1236,93;-0,04;537112,44
XZAG;C10TR;HRZB00ICB103;2021-08-30;1233,63;1237,39;1231,68;1237,39;0,37;264578,90
XZAG;C10TR;HRZB00ICB103;2021-08-27;1234,73;1238,39;1232,43;1232,81;-0,17;279831,06
XZAG;C10TR;HRZB00ICB103;2021-08-26;1230,71;1237,80;1230,16;1234,91;0,31;295374,69
XZAG;C10TR;HRZB00ICB103;2021-08-25;1232,57;1234,57;1230,60;1231,15;-0,15;326621,66
XZAG;C10TR;HRZB00ICB103;2021-08-24;1231,46;1235,59;1231,02;1233,03;0,13;680394,56
XZAG;C10TR;HRZB00ICB103;2021-08-23;1229,05;1231,55;1226,56;1231,46;0,27;825373,06
XZAG;C10TR;HRZB00ICB103;2021-08-20;1231,46;1232,15;1228,12;1228,12;-0,22;195745,77
XZAG;C10TR;HRZB00ICB103;2021-08-19;1237,86;1237,86;1230,39;1230,83;-0,52;405594,17
XZAG;C10TR;HRZB00ICB103;2021-08-18;1241,94;1243,20;1233,31;1237,23;-0,33;195848,86
XZAG;C10TR;HRZB00ICB103;2021-08-17;1242,78;1243,41;1240,40;1241,30;-0,10;286394,09
XZAG;C10TR;HRZB00ICB103;2021-08-16;1239,76;1243,70;1238,74;1242,50;0,11;337563,70
XZAG;C10TR;HRZB00ICB103;2021-08-13;1237,11;1241,08;1236,73;1241,08;0,28;198563,53
XZAG;C10TR;HRZB00ICB103;2021-08-12;1241,27;1242,24;1237,57;1237,57;-0,30;398827,14
XZAG;C10TR;HRZB00ICB103;2021-08-11;1242,75;1243,19;1240,28;1241,27;-0,20;278511,07
XZAG;C10TR;HRZB00ICB103;2021-08-10;1239,31;1244,03;1236,04;1243,70;0,35;268572,16
XZAG;C10TR;HRZB00ICB103;2021-08-09;1234,86;1240,59;1233,23;1239,31;0,36;372053,20
XZAG;C10TR;HRZB00ICB103;2021-08-06;1233,34;1235,00;1232,40;1234,86;0,09;204589,84
XZAG;C10TR;HRZB00ICB103;2021-08-04;1237,00;1238,26;1232,96;1233,78;-0,13;238013,64
XZAG;C10TR;HRZB00ICB103;2021-08-03;1230,43;1235,72;1227,82;1235,37;0,38;256511,41
XZAG;C10TR;HRZB00ICB103;2021-08-02;1228,30;1234,97;1228,30;1230,75;0,28;714881,57
XZAG;C10TR;HRZB00ICB103;2021-07-30;1233,80;1234,12;1224,93;1227,34;-0,57;300783,28
XZAG;C10TR;HRZB00ICB103;2021-07-29;1222,00;1235,64;1221,37;1234,43;1,02;423224,78
XZAG;C10TR;HRZB00ICB103;2021-07-28;1222,56;1225,90;1221,86;1222,00;0,17;267583,93
XZAG;C10TR;HRZB00ICB103;2021-07-27;1219,48;1221,13;1217,19;1219,87;0,08;680409,77
XZAG;C10TR;HRZB00ICB103;2021-07-26;1219,49;1221,77;1217,60;1218,85;0,00;450980,11
XZAG;C10TR;HRZB00ICB103;2021-07-23;1216,84;1219,74;1214,81;1218,86;0,27;321520,58
XZAG;C10TR;HRZB00ICB103;2021-07-22;1211,96;1215,58;1209,76;1215,58;0,30;368217,19
XZAG;C10TR;HRZB00ICB103;2021-07-21;1209,70;1211,99;1207,52;1211,96;0,19;261321,83
XZAG;C10TR;HRZB00ICB103;2021-07-20;1205,58;1211,02;1205,58;1209,70;0,33;455579,74
XZAG;C10TR;HRZB00ICB103;2021-07-19;1215,23;1217,75;1205,01;1205,77;-0,77;500451,69
XZAG;C10TR;HRZB00ICB103;2021-07-16;1220,51;1220,51;1215,14;1215,14;-0,31;323296,69
XZAG;C10TR;HRZB00ICB103;2021-07-15;1221,32;1221,44;1215,23;1218,97;-0,20;583923,68
XZAG;C10TR;HRZB00ICB103;2021-07-14;1232,18;1233,72;1220,91;1221,36;-0,88;1045251,50
XZAG;C10TR;HRZB00ICB103;2021-07-13;1230,18;1233,89;1228,13;1232,18;0,16;694100,79
XZAG;C10TR;HRZB00ICB103;2021-07-12;1228,14;1230,18;1225,69;1230,18;0,17;447571,46
XZAG;C10TR;HRZB00ICB103;2021-07-09;1234,93;1239,24;1228,14;1228,14;-0,48;418256,89
XZAG;C10TR;HRZB00ICB103;2021-07-08;1235,04;1235,04;1231,37;1234,11;0,00;251195,37
XZAG;C10TR;HRZB00ICB103;2021-07-07;1231,50;1237,40;1231,50;1234,09;0,35;272686,52
XZAG;C10TR;HRZB00ICB103;2021-07-06;1234,53;1236,29;1229,74;1229,74;-0,39;1177771,94
XZAG;C10TR;HRZB00ICB103;2021-07-05;1236,54;1236,54;1230,07;1234,53;-0,15;326396,24
XZAG;C10TR;HRZB00ICB103;2021-07-02;1237,22;1240,94;1235,59;1236,38;-0,07;185631,79
XZAG;C10TR;HRZB00ICB103;2021-07-01;1236,09;1238,44;1227,38;1237,22;0,26;899735,75
XZAG;C10TR;HRZB00ICB103;2021-06-30;1241,58;1242,92;1234,04;1234,04;-0,66;380962,29
XZAG;C10TR;HRZB00ICB103;2021-06-29;1245,39;1245,39;1237,64;1242,21;-0,24;403947,75
XZAG;C10TR;HRZB00ICB103;2021-06-28;1246,11;1246,75;1242,48;1245,22;-0,07;802356,31
XZAG;C10TR;HRZB00ICB103;2021-06-25;1242,31;1246,59;1237,87;1246,11;0,31;393515,54
XZAG;C10TR;HRZB00ICB103;2021-06-24;1236,11;1242,54;1236,07;1242,31;0,50;275163,36
XZAG;C10TR;HRZB00ICB103;2021-06-23;1231,66;1238,43;1231,66;1236,11;0,36;266288,41
XZAG;C10TR;HRZB00ICB103;2021-06-21;1237,27;1237,55;1230,85;1231,66;-0,52;260402,83
XZAG;C10TR;HRZB00ICB103;2021-06-18;1237,76;1239,75;1236,80;1238,15;0,03;212956,84
XZAG;C10TR;HRZB00ICB103;2021-06-17;1238,13;1238,27;1231,25;1237,76;-0,03;427521,19
XZAG;C10TR;HRZB00ICB103;2021-06-16;1225,23;1238,13;1225,11;1238,13;1,07;696113,64
XZAG;C10TR;HRZB00ICB103;2021-06-15;1219,93;1227,65;1219,93;1225,00;0,49;311506,70
XZAG;C10TR;HRZB00ICB103;2021-06-14;1221,75;1223,64;1219,05;1219,05;-0,22;306220,92
XZAG;C10TR;HRZB00ICB103;2021-06-11;1219,62;1223,88;1218,50;1221,75;0,17;357449,04
XZAG;C10TR;HRZB00ICB103;2021-06-10;1220,91;1222,53;1217,26;1219,62;-0,18;353584,28
XZAG;C10TR;HRZB00ICB103;2021-06-09;1216,30;1222,25;1214,41;1221,79;0,55;336576,80
XZAG;C10TR;HRZB00ICB103;2021-06-08;1210,03;1215,07;1208,48;1215,07;0,31;352672,54
XZAG;C10TR;HRZB00ICB103;2021-06-07;1218,25;1219,38;1211,35;1211,35;-0,38;707318,26
XZAG;C10TR;HRZB00ICB103;2021-06-04;1218,99;1224,10;1215,85;1215,94;-0,22;1053485,38
XZAG;C10TR;HRZB00ICB103;2021-06-02;1213,50;1218,66;1211,07;1218,66;0,43;610162,72
XZAG;C10TR;HRZB00ICB103;2021-06-01;1209,02;1214,88;1207,76;1213,50;0,48;250304,14
XZAG;C10TR;HRZB00ICB103;2021-05-31;1206,46;1207,76;1203,08;1207,76;0,14;145603,72
XZAG;C10TR;HRZB00ICB103;2021-05-28;1204,46;1208,59;1202,83;1206,05;0,13;326792,91
XZAG;C10TR;HRZB00ICB103;2021-05-27;1208,06;1209,83;1204,46;1204,46;-0,34;1073723,15
XZAG;C10TR;HRZB00ICB103;2021-05-26;1206,95;1211,01;1204,24;1208,51;0,20;797624,78
XZAG;C10TR;HRZB00ICB103;2021-05-25;1210,16;1212,17;1203,21;1206,13;-0,40;758101,89
XZAG;C10TR;HRZB00ICB103;2021-05-24;1211,93;1213,27;1205,45;1210,92;-0,08;463778,83
XZAG;C10TR;HRZB00ICB103;2021-05-21;1211,77;1216,11;1211,17;1211,93;0,01;253807,08
XZAG;C10TR;HRZB00ICB103;2021-05-20;1214,27;1214,55;1208,74;1211,77;-0,22;525957,85
XZAG;C10TR;HRZB00ICB103;2021-05-19;1217,28;1220,79;1214,04;1214,44;-0,31;879463,67
XZAG;C10TR;HRZB00ICB103;2021-05-18;1213,15;1220,55;1211,16;1218,23;0,42;783049,53
XZAG;C10TR;HRZB00ICB103;2021-05-17;1205,53;1214,63;1204,31;1213,15;0,70;975776,82
XZAG;C10TR;HRZB00ICB103;2021-05-14;1206,11;1210,07;1204,76;1204,76;-0,11;495748,72
XZAG;C10TR;HRZB00ICB103;2021-05-13;1212,23;1212,55;1203,98;1206,11;-0,50;647097,54
XZAG;C10TR;HRZB00ICB103;2021-05-12;1211,01;1217,99;1209,10;1212,23;0,10;756554,69
XZAG;C10TR;HRZB00ICB103;2021-05-11;1219,01;1219,01;1209,77;1211,01;-0,55;355785,38
XZAG;C10TR;HRZB00ICB103;2021-05-10;1205,01;1218,00;1205,01;1217,68;1,05;1124964,46
XZAG;C10TR;HRZB00ICB103;2021-05-07;1207,29;1207,73;1200,07;1205,01;-0,18;515716,44
XZAG;C10TR;HRZB00ICB103;2021-05-06;1202,86;1207,18;1201,98;1207,18;0,40;322955,10
XZAG;C10TR;HRZB00ICB103;2021-05-05;1200,13;1203,55;1195,27;1202,42;0,83;842535,84
XZAG;C10TR;HRZB00ICB103;2021-05-04;1188,84;1195,90;1188,84;1192,55;0,35;560440,61
XZAG;C10TR;HRZB00ICB103;2021-05-03;1178,81;1188,40;1178,40;1188,40;0,82;979320,40
XZAG;C10TR;HRZB00ICB103;2021-04-30;1178,56;1179,26;1174,08;1178,77;0,02;782540,01
XZAG;C10TR;HRZB00ICB103;2021-04-29;1173,91;1179,13;1172,33;1178,59;0,34;991744,03
XZAG;C10TR;HRZB00ICB103;2021-04-28;1177,40;1179,68;1174,47;1174,54;-0,35;959648,52
XZAG;C10TR;HRZB00ICB103;2021-04-27;1179,48;1180,45;1173,80;1178,66;-0,03;157687,77
XZAG;C10TR;HRZB00ICB103;2021-04-26;1176,51;1179,02;1173,64;1179,02;0,37;232739,46
XZAG;C10TR;HRZB00ICB103;2021-04-23;1174,63;1175,89;1171,45;1174,62;0,01;522643,61
XZAG;C10TR;HRZB00ICB103;2021-04-22;1172,63;1176,36;1172,63;1174,54;0,16;634715,40
XZAG;C10TR;HRZB00ICB103;2021-04-21;1175,99;1175,99;1171,65;1172,63;-0,28;361305,75
XZAG;C10TR;HRZB00ICB103;2021-04-20;1178,66;1179,45;1172,60;1175,90;-0,23;525193,59
XZAG;C10TR;HRZB00ICB103;2021-04-19;1177,18;1179,39;1174,84;1178,66;0,13;296052,28
XZAG;C10TR;HRZB00ICB103;2021-04-16;1179,78;1179,78;1175,90;1177,18;-0,29;373350,16
XZAG;C10TR;HRZB00ICB103;2021-04-15;1182,58;1183,82;1179,73;1180,55;-0,17;317545,13
XZAG;C10TR;HRZB00ICB103;2021-04-14;1183,51;1185,57;1179,16;1182,58;-0,08;388232,08
XZAG;C10TR;HRZB00ICB103;2021-04-13;1182,00;1185,05;1180,87;1183,51;0,07;254519,25
XZAG;C10TR;HRZB00ICB103;2021-04-12;1185,27;1186,12;1177,78;1182,63;-0,28;325729,63
XZAG;C10TR;HRZB00ICB103;2021-04-09;1185,76;1186,89;1182,77;1185,90;-0,07;291804,24
XZAG;C10TR;HRZB00ICB103;2021-04-08;1184,23;1188,07;1180,62;1186,72;0,21;535294,16
XZAG;C10TR;HRZB00ICB103;2021-04-07;1178,59;1185,22;1178,59;1184,23;0,48;254612,85
XZAG;C10TR;HRZB00ICB103;2021-04-06;1179,30;1185,09;1177,24;1178,59;-0,17;351121,85
XZAG;C10TR;HRZB00ICB103;2021-04-01;1177,87;1183,11;1177,10;1180,62;0,23;414846,03
XZAG;C10TR;HRZB00ICB103;2021-03-31;1171,31;1178,92;1171,31;1177,87;0,56;593013,68
XZAG;C10TR;HRZB00ICB103;2021-03-30;1158,83;1171,81;1158,83;1171,31;1,08;490214,93
XZAG;C10TR;HRZB00ICB103;2021-03-29;1154,56;1162,54;1152,80;1158,83;0,29;337158,25
XZAG;C10TR;HRZB00ICB103;2021-03-26;1156,15;1158,60;1150,30;1155,44;-0,06;651915,79
XZAG;C10TR;HRZB00ICB103;2021-03-25;1162,82;1164,55;1155,81;1156,15;-0,57;536649,13
XZAG;C10TR;HRZB00ICB103;2021-03-24;1169,02;1169,16;1160,03;1162,73;-0,54;281643,11
XZAG;C10TR;HRZB00ICB103;2021-03-23;1164,38;1169,02;1161,09;1169,02;0,40;347244,99
XZAG;C10TR;HRZB00ICB103;2021-03-22;1163,81;1165,42;1155,24;1164,38;0,05;428610,98
XZAG;C10TR;HRZB00ICB103;2021-03-19;1163,62;1164,65;1154,25;1163,78;0,06;584797,36
XZAG;C10TR;HRZB00ICB103;2021-03-18;1171,34;1172,59;1163,03;1163,03;-0,71;425482,39
XZAG;C10TR;HRZB00ICB103;2021-03-17;1180,90;1180,99;1171,34;1171,34;-0,68;245905,24
XZAG;C10TR;HRZB00ICB103;2021-03-16;1181,76;1186,56;1176,33;1179,34;-0,24;409988,27
XZAG;C10TR;HRZB00ICB103;2021-03-15;1178,33;1185,91;1178,33;1182,21;0,28;398017,94
XZAG;C10TR;HRZB00ICB103;2021-03-12;1164,19;1180,53;1162,88;1178,92;1,16;917614,48
XZAG;C10TR;HRZB00ICB103;2021-03-11;1162,41;1165,46;1159,99;1165,37;0,25;643123,57
XZAG;C10TR;HRZB00ICB103;2021-03-10;1158,68;1162,87;1154,47;1162,41;0,19;679788,99
XZAG;C10TR;HRZB00ICB103;2021-03-09;1149,55;1160,23;1145,73;1160,23;0,93;931688,80
XZAG;C10TR;HRZB00ICB103;2021-03-08;1139,01;1149,55;1139,01;1149,55;0,93;410093,68
XZAG;C10TR;HRZB00ICB103;2021-03-05;1145,74;1145,74;1136,65;1139,01;-0,52;551079,55
XZAG;C10TR;HRZB00ICB103;2021-03-04;1145,81;1149,88;1144,44;1144,91;-0,07;342874,09
XZAG;C10TR;HRZB00ICB103;2021-03-03;1144,99;1148,10;1141,25;1145,72;0,06;354552,31
XZAG;C10TR;HRZB00ICB103;2021-03-02;1136,21;1147,76;1136,21;1144,99;0,81;321226,27
XZAG;C10TR;HRZB00ICB103;2021-03-01;1131,99;1136,76;1131,51;1135,77;0,34;210261,07
XZAG;C10TR;HRZB00ICB103;2021-02-26;1139,36;1140,05;1131,95;1131,95;-0,57;355723,72
XZAG;C10TR;HRZB00ICB103;2021-02-25;1140,69;1144,62;1137,42;1138,46;-0,20;523307,34
XZAG;C10TR;HRZB00ICB103;2021-02-24;1135,37;1140,69;1134,53;1140,69;0,47;380502,15
XZAG;C10TR;HRZB00ICB103;2021-02-23;1136,89;1136,89;1132,24;1135,37;-0,13;286939,01
XZAG;C10TR;HRZB00ICB103;2021-02-22;1143,49;1148,46;1136,89;1136,89;-0,66;731995,43
XZAG;C10TR;HRZB00ICB103;2021-02-19;1139,13;1149,85;1137,71;1144,45;0,43;639114,33
XZAG;C10TR;HRZB00ICB103;2021-02-18;1138,62;1140,33;1138,26;1139,55;0,04;271935,53
XZAG;C10TR;HRZB00ICB103;2021-02-17;1136,40;1139,48;1132,97;1139,07;0,23;435545,43
XZAG;C10TR;HRZB00ICB103;2021-02-16;1129,46;1136,40;1129,36;1136,40;0,61;802502,21
XZAG;C10TR;HRZB00ICB103;2021-02-15;1124,22;1135,23;1124,10;1129,46;0,47;803462,10
XZAG;C10TR;HRZB00ICB103;2021-02-12;1118,75;1126,40;1116,55;1124,22;0,49;287448,29
XZAG;C10TR;HRZB00ICB103;2021-02-11;1116,19;1119,94;1115,23;1118,75;0,23;745330,08
XZAG;C10TR;HRZB00ICB103;2021-02-10;1112,60;1117,78;1108,83;1116,19;0,32;762432,28
XZAG;C10TR;HRZB00ICB103;2021-02-09;1114,43;1117,53;1109,99;1112,60;-0,16;940673,96
XZAG;C10TR;HRZB00ICB103;2021-02-08;1115,90;1118,63;1113,15;1114,43;-0,05;1083329,91
XZAG;C10TR;HRZB00ICB103;2021-02-05;1116,17;1117,40;1112,88;1114,94;-0,04;260094,10
XZAG;C10TR;HRZB00ICB103;2021-02-04;1115,57;1116,03;1113,36;1115,34;-0,02;309545,41
XZAG;C10TR;HRZB00ICB103;2021-02-03;1120,58;1125,30;1115,57;1115,57;-0,44;402101,91
XZAG;C10TR;HRZB00ICB103;2021-02-02;1118,79;1122,30;1116,16;1120,48;0,05;630235,25
XZAG;C10TR;HRZB00ICB103;2021-02-01;1116,51;1122,03;1116,51;1119,97;0,42;276079,55
XZAG;C10TR;HRZB00ICB103;2021-01-29;1118,74;1118,87;1114,36;1115,33;-0,30;230978,34
XZAG;C10TR;HRZB00ICB103;2021-01-28;1126,10;1126,10;1114,69;1118,74;-0,58;641479,97
XZAG;C10TR;HRZB00ICB103;2021-01-27;1122,12;1126,57;1119,13;1125,21;0,28;483030,05
XZAG;C10TR;HRZB00ICB103;2021-01-26;1116,86;1122,70;1116,27;1122,03;0,47;289449,35
XZAG;C10TR;HRZB00ICB103;2021-01-25;1125,78;1125,89;1112,91;1116,82;-0,88;813857,45
XZAG;C10TR;HRZB00ICB103;2021-01-22;1133,86;1133,86;1124,08;1126,68;-0,52;548853,91
XZAG;C10TR;HRZB00ICB103;2021-01-21;1142,39;1143,35;1132,05;1132,52;-0,86;666267,04
XZAG;C10TR;HRZB00ICB103;2021-01-20;1139,35;1145,68;1139,35;1142,39;0,26;436725,31
XZAG;C10TR;HRZB00ICB103;2021-01-19;1138,03;1140,73;1136,25;1139,39;0,12;962737,92
XZAG;C10TR;HRZB00ICB103;2021-01-18;1145,98;1145,98;1137,42;1138,03;-0,69;648630,28
XZAG;C10TR;HRZB00ICB103;2021-01-15;1142,03;1146,40;1139,59;1145,98;0,35;586412,81
XZAG;C10TR;HRZB00ICB103;2021-01-14;1141,43;1144,40;1138,89;1142,03;0,05;467349,35
XZAG;C10TR;HRZB00ICB103;2021-01-13;1138,51;1146,25;1137,05;1141,47;0,30;630596,93
XZAG;C10TR;HRZB00ICB103;2021-01-12;1132,00;1138,23;1130,67;1138,04;0,59;420710,88
XZAG;C10TR;HRZB00ICB103;2021-01-11;1128,92;1134,95;1126,21;1131,41;0,25;312108,66
XZAG;C10TR;HRZB00ICB103;2021-01-08;1116,79;1128,80;1116,31;1128,63;1,06;1137020,65
XZAG;C10TR;HRZB00ICB103;2021-01-07;1104,42;1116,79;1104,42;1116,79;1,12;807651,42
XZAG;C10TR;HRZB00ICB103;2021-01-05;1091,56;1104,42;1091,56;1104,42;1,26;1043682,98
XZAG;C10TR;HRZB00ICB103;2021-01-04;1087,78;1093,49;1084,71;1090,66;0,31;463968,22
XZAG;C10TR;HRZB00ICB103;2020-12-30;1088,66;1090,95;1086,06;1087,33;0,00;312079,92
XZAG;C10TR;HRZB00ICB103;2020-12-29;1088,52;1093,33;1087,32;1087,32;-0,19;357730,82
XZAG;C10TR;HRZB00ICB103;2020-12-28;1075,05;1089,35;1075,05;1089,35;1,37;482704,30
XZAG;C10TR;HRZB00ICB103;2020-12-23;1076,31;1076,31;1071,17;1074,58;-0,24;155424,82
XZAG;C10TR;HRZB00ICB103;2020-12-22;1067,16;1078,18;1067,02;1077,20;0,94;520695,37
XZAG;C10TR;HRZB00ICB103;2020-12-21;1071,31;1071,31;1061,29;1067,16;-0,64;779060,51
XZAG;C10TR;HRZB00ICB103;2020-12-18;1060,81;1073,99;1060,81;1073,99;1,13;1158994,52
XZAG;C10TR;HRZB00ICB103;2020-12-17;1069,01;1072,01;1061,26;1061,99;-0,57;1276113,27
XZAG;C10TR;HRZB00ICB103;2020-12-16;1075,37;1080,44;1066,87;1068,05;-0,68;711057,21
XZAG;C10TR;HRZB00ICB103;2020-12-15;1082,42;1086,08;1075,35;1075,37;-0,61;365982,76
XZAG;C10TR;HRZB00ICB103;2020-12-14;1087,13;1091,93;1075,76;1081,95;-0,48;452753,37
XZAG;C10TR;HRZB00ICB103;2020-12-11;1095,27;1096,31;1084,22;1087,13;-0,82;414993,51
XZAG;C10TR;HRZB00ICB103;2020-12-10;1096,58;1097,59;1092,11;1096,10;-0,04;395842,81
XZAG;C10TR;HRZB00ICB103;2020-12-09;1092,22;1098,03;1091,85;1096,58;0,41;615384,46
XZAG;C10TR;HRZB00ICB103;2020-12-08;1094,84;1099,47;1091,79;1092,13;-0,21;680585,61
XZAG;C10TR;HRZB00ICB103;2020-12-07;1086,70;1096,15;1086,70;1094,39;0,79;467373,60
XZAG;C10TR;HRZB00ICB103;2020-12-04;1081,30;1089,76;1080,70;1085,76;0,42;251371,40
XZAG;C10TR;HRZB00ICB103;2020-12-03;1085,94;1086,82;1081,21;1081,21;-0,44;275430,12
XZAG;C10TR;HRZB00ICB103;2020-12-02;1067,24;1091,39;1067,14;1085,94;1,84;1305671,77
XZAG;C10TR;HRZB00ICB103;2020-12-01;1060,90;1066,35;1057,19;1066,35;0,39;626574,08
XZAG;C10TR;HRZB00ICB103;2020-11-30;1053,11;1062,24;1052,40;1062,24;0,87;1132330,77
XZAG;C10TR;HRZB00ICB103;2020-11-27;1056,82;1057,17;1050,19;1053,11;-0,35;269222,62
XZAG;C10TR;HRZB00ICB103;2020-11-26;1060,21;1060,26;1054,46;1056,82;-0,20;351765,33
XZAG;C10TR;HRZB00ICB103;2020-11-25;1053,59;1059,80;1053,59;1058,97;0,62;491393,64
XZAG;C10TR;HRZB00ICB103;2020-11-24;1057,67;1062,13;1052,41;1052,41;-0,50;778213,22
XZAG;C10TR;HRZB00ICB103;2020-11-23;1048,66;1057,81;1048,66;1057,67;0,97;652513,01
XZAG;C10TR;HRZB00ICB103;2020-11-20;1053,54;1053,54;1042,23;1047,49;-0,45;730199,77
XZAG;C10TR;HRZB00ICB103;2020-11-19;1055,67;1056,54;1051,07;1052,20;-0,33;655023,11
XZAG;C10TR;HRZB00ICB103;2020-11-17;1044,31;1059,77;1044,18;1055,67;0,96;1918168,15
XZAG;C10TR;HRZB00ICB103;2020-11-16;1027,66;1054,69;1027,66;1045,65;1,88;2561505,73
XZAG;C10TR;HRZB00ICB103;2020-11-13;1029,53;1031,08;1026,10;1026,32;-0,23;480631,39
XZAG;C10TR;HRZB00ICB103;2020-11-12;1021,67;1028,70;1021,46;1028,70;0,63;653890,71
XZAG;C10TR;HRZB00ICB103;2020-11-11;1020,89;1023,58;1018,07;1022,26;0,17;1438671,19
XZAG;C10TR;HRZB00ICB103;2020-11-10;1019,12;1021,60;1014,60;1020,48;0,22;925472,98
XZAG;C10TR;HRZB00ICB103;2020-11-09;994,88;1018,23;994,29;1018,23;2,27;1690705,53
XZAG;C10TR;HRZB00ICB103;2020-11-06;996,64;997,59;990,23;995,66;-0,10;682901,38
XZAG;C10TR;HRZB00ICB103;2020-11-05;991,99;998,70;991,99;996,64;0,47;442798,59
XZAG;C10TR;HRZB00ICB103;2020-11-04;990,99;992,42;989,65;991,99;0,07;172964,51
XZAG;C10TR;HRZB00ICB103;2020-11-03;987,55;991,96;984,35;991,32;0,62;624195,45
XZAG;C10TR;HRZB00ICB103;2020-11-02;988,87;988,87;982,25;985,19;-0,32;316924,83
XZAG;C10TR;HRZB00ICB103;2020-10-30;981,55;988,40;981,10;988,40;0,76;321760,08
XZAG;C10TR;HRZB00ICB103;2020-10-29;985,29;985,29;978,01;980,96;-0,48;473261,74
XZAG;C10TR;HRZB00ICB103;2020-10-28;994,20;995,24;980,20;985,68;-0,92;662597,07
XZAG;C10TR;HRZB00ICB103;2020-10-27;993,92;996,91;991,87;994,79;0,09;1146742,46
XZAG;C10TR;HRZB00ICB103;2020-10-26;999,81;1000,93;992,17;993,92;-0,59;994776,09
XZAG;C10TR;HRZB00ICB103;2020-10-23;999,07;1001,74;997,59;999,81;0,09;234417,34
XZAG;C10TR;HRZB00ICB103;2020-10-22;998,38;998,91;995,98;998,91;0,11;200986,10
XZAG;C10TR;HRZB00ICB103;2020-10-21;997,11;999,10;996,56;997,79;0,08;402809,29
XZAG;C10TR;HRZB00ICB103;2020-10-20;1001,04;1001,04;994,45;997,03;-0,22;339499,32
XZAG;C10TR;HRZB00ICB103;2020-10-19;1002,16;1002,99;995,96;999,27;-0,24;458876,89
XZAG;C10TR;HRZB00ICB103;2020-10-16;1001,36;1002,95;999,27;1001,71;0,03;97006,99
XZAG;C10TR;HRZB00ICB103;2020-10-15;1004,12;1004,17;999,61;1001,36;-0,27;294368,95
XZAG;C10TR;HRZB00ICB103;2020-10-14;1001,66;1004,12;999,15;1004,12;0,20;279165,78
XZAG;C10TR;HRZB00ICB103;2020-10-13;1004,09;1004,56;998,96;1002,11;-0,20;161555,59
XZAG;C10TR;HRZB00ICB103;2020-10-12;1006,08;1006,20;1002,42;1004,09;-0,15;189629,84
XZAG;C10TR;HRZB00ICB103;2020-10-09;1002,85;1005,60;1000,22;1005,60;0,27;287730,69
XZAG;C10TR;HRZB00ICB103;2020-10-08;1002,11;1003,11;998,33;1002,85;0,07;356737,91
XZAG;C10TR;HRZB00ICB103;2020-10-07;1004,71;1006,10;998,72;1002,11;-0,34;245443,61
XZAG;C10TR;HRZB00ICB103;2020-10-06;1004,36;1005,54;1001,24;1005,54;0,12;587056,01
XZAG;C10TR;HRZB00ICB103;2020-10-05;1000,49;1004,36;999,22;1004,36;0,39;129181,13
XZAG;C10TR;HRZB00ICB103;2020-10-02;1000,13;1002,31;997,57;1000,47;0,01;366871,66
XZAG;C10TR;HRZB00ICB103;2020-10-01;998,80;1002,98;997,85;1000,41;0,12;290402,19
XZAG;C10TR;HRZB00ICB103;2020-09-30;999,68;1001,54;995,50;999,19;-0,04;357650,78
XZAG;C10TR;HRZB00ICB103;2020-09-29;1008,52;1008,52;998,16;999,55;-0,89;535668,09
XZAG;C10TR;HRZB00ICB103;2020-09-28;1009,12;1011,51;1006,41;1008,52;-0,06;297958,98
XZAG;C10TR;HRZB00ICB103;2020-09-25;1021,84;1022,56;1008,53;1009,12;-1,24;664290,74
XZAG;C10TR;HRZB00ICB103;2020-09-24;1024,15;1024,15;1013,77;1021,84;-0,23;1089077,04
XZAG;C10TR;HRZB00ICB103;2020-09-23;1007,55;1024,15;1007,55;1024,15;1,69;851728,79
XZAG;C10TR;HRZB00ICB103;2020-09-22;1000,10;1008,30;999,42;1007,17;0,66;625914,54
XZAG;C10TR;HRZB00ICB103;2020-09-21;995,29;1000,85;994,24;1000,55;0,53;454376,49
XZAG;C10TR;HRZB00ICB103;2020-09-18;997,01;998,89;995,29;995,29;-0,17;85797,13
XZAG;C10TR;HRZB00ICB103;2020-09-17;1001,61;1001,61;996,09;997,01;-0,46;92711,45
XZAG;C10TR;HRZB00ICB103;2020-09-16;1000,20;1003,86;998,66;1001,61;0,14;191992,63
XZAG;C10TR;HRZB00ICB103;2020-09-15;994,01;1001,20;994,01;1000,20;0,62;297939,55
XZAG;C10TR;HRZB00ICB103;2020-09-14;997,18;997,18;991,61;994,01;-0,27;450128,70
XZAG;C10TR;HRZB00ICB103;2020-09-11;991,58;996,90;991,49;996,67;0,51;495716,53
XZAG;C10TR;HRZB00ICB103;2020-09-10;987,92;993,40;987,28;991,58;0,37;503008,63
XZAG;C10TR;HRZB00ICB103;2020-09-09;983,12;990,34;983,07;987,92;0,49;989711,46
XZAG;C10TR;HRZB00ICB103;2020-09-08;986,85;986,95;982,10;983,12;-0,41;243586,73
XZAG;C10TR;HRZB00ICB103;2020-09-07;989,74;990,55;986,60;987,18;-0,35;135052,70
XZAG;C10TR;HRZB00ICB103;2020-09-04;1000,50;1000,50;989,37;990,64;-1,09;825346,80
XZAG;C10TR;HRZB00ICB103;2020-09-03;1001,34;1002,91;999,77;1001,52;0,12;153919,52
XZAG;C10TR;HRZB00ICB103;2020-09-02;1001,78;1003,18;998,44;1000,32;-0,09;706448,72
XZAG;C10TR;HRZB00ICB103;2020-09-01;997,12;1002,18;995,76;1001,24;0,41;590190,75
XZAG;C10TR;HRZB00ICB103;2020-08-31;991,18;997,12;988,72;997,12;0,60;821043,07
XZAG;C10TR;HRZB00ICB103;2020-08-28;996,18;997,63;988,00;991,18;-0,50;1188346,60
XZAG;C10TR;HRZB00ICB103;2020-08-27;993,00;997,41;990,20;996,18;0,36;484012,83
XZAG;C10TR;HRZB00ICB103;2020-08-26;994,26;998,89;991,83;992,59;-0,17;443406,92
XZAG;C10TR;HRZB00ICB103;2020-08-25;988,63;995,24;988,63;994,26;0,57;721837,95
XZAG;C10TR;HRZB00ICB103;2020-08-24;985,31;988,63;984,44;988,63;0,28;215856,50
XZAG;C10TR;HRZB00ICB103;2020-08-21;982,44;985,86;981,79;985,86;0,35;428004,60
XZAG;C10TR;HRZB00ICB103;2020-08-20;982,58;983,69;979,75;982,44;-0,07;346617,43
XZAG;C10TR;HRZB00ICB103;2020-08-19;989,21;990,84;983,09;983,09;-0,59;912365,32
XZAG;C10TR;HRZB00ICB103;2020-08-18;988,30;990,97;988,08;988,97;0,07;314788,44
XZAG;C10TR;HRZB00ICB103;2020-08-17;990,08;990,08;983,35;988,30;-0,19;216420,96
XZAG;C10TR;HRZB00ICB103;2020-08-14;992,93;993,01;984,65;990,16;-0,47;555498,41
XZAG;C10TR;HRZB00ICB103;2020-08-13;996,42;998,16;992,54;994,81;-0,06;432093,18
XZAG;C10TR;HRZB00ICB103;2020-08-12;989,09;996,94;988,01;995,40;0,69;287465,20
XZAG;C10TR;HRZB00ICB103;2020-08-11;981,60;989,11;981,60;988,62;0,61;362238,92
XZAG;C10TR;HRZB00ICB103;2020-08-10;973,59;982,72;972,95;982,62;0,95;471300,94
XZAG;C10TR;HRZB00ICB103;2020-08-07;977,66;981,15;973,41;973,41;-0,43;620790,80
XZAG;C10TR;HRZB00ICB103;2020-08-06;975,11;982,03;974,01;977,66;0,32;587410,21
XZAG;C10TR;HRZB00ICB103;2020-08-04;973,34;977,19;969,76;974,57;0,39;500960,16
XZAG;C10TR;HRZB00ICB103;2020-08-03;971,84;975,38;968,57;970,78;-0,06;397553,08
XZAG;C10TR;HRZB00ICB103;2020-07-31;973,72;974,81;970,14;971,33;-0,25;532818,86
XZAG;C10TR;HRZB00ICB103;2020-07-30;976,98;977,59;972,16;973,72;-0,33;679766,58
XZAG;C10TR;HRZB00ICB103;2020-07-29;976,72;979,65;975,57;976,98;0,03;253057,78
XZAG;C10TR;HRZB00ICB103;2020-07-28;975,90;978,00;973,55;976,72;-0,03;334210,03
XZAG;C10TR;HRZB00ICB103;2020-07-27;978,59;978,59;972,78;977,01;0,17;367740,42
XZAG;C10TR;HRZB00ICB103;2020-07-24;984,29;984,29;973,83;975,38;-1,03;472294,98
XZAG;C10TR;HRZB00ICB103;2020-07-23;983,92;985,57;981,46;985,57;0,19;302727,12
XZAG;C10TR;HRZB00ICB103;2020-07-22;986,77;987,29;981,57;983,75;-0,25;637004,06
XZAG;C10TR;HRZB00ICB103;2020-07-21;982,37;987,54;981,69;986,23;0,71;879902,44
XZAG;C10TR;HRZB00ICB103;2020-07-20;985,43;987,02;969,67;979,30;-0,75;1048088,13
XZAG;C10TR;HRZB00ICB103;2020-07-17;987,53;987,91;985,56;986,72;-0,13;257142,96
XZAG;C10TR;HRZB00ICB103;2020-07-16;990,94;991,86;987,98;987,98;-0,25;242497,84
XZAG;C10TR;HRZB00ICB103;2020-07-15;988,73;993,85;988,73;990,49;0,20;192962,58
XZAG;C10TR;HRZB00ICB103;2020-07-14;988,49;988,49;988,49;988,49;-0,79;
XZAG;C10TR;HRZB00ICB103;2020-07-13;996,39;996,39;996,39;996,39;0,30;
XZAG;C10TR;HRZB00ICB103;2020-07-10;993,37;993,37;993,37;993,37;-0,71;
XZAG;C10TR;HRZB00ICB103;2020-07-09;1000,51;1000,51;1000,51;1000,51;0,18;
XZAG;C10TR;HRZB00ICB103;2020-07-08;998,68;998,68;998,68;998,68;-0,15;
XZAG;C10TR;HRZB00ICB103;2020-07-07;1000,16;1000,16;1000,16;1000,16;-0,07;
XZAG;C10TR;HRZB00ICB103;2020-07-06;1000,83;1000,83;1000,83;1000,83;0,26;
XZAG;C10TR;HRZB00ICB103;2020-07-03;998,23;998,23;998,23;998,23;-0,20;
XZAG;C10TR;HRZB00ICB103;2020-07-02;1000,28;1000,28;1000,28;1000,28;0,62;
XZAG;C10TR;HRZB00ICB103;2020-07-01;994,11;994,11;994,11;994,11;-0,56;
XZAG;C10TR;HRZB00ICB103;2020-06-30;999,68;999,68;999,68;999,68;1,44;
XZAG;C10TR;HRZB00ICB103;2020-06-29;985,49;985,49;985,49;985,49;1,09;
XZAG;C10TR;HRZB00ICB103;2020-06-26;974,85;974,85;974,85;974,85;0,06;
XZAG;C10TR;HRZB00ICB103;2020-06-25;974,22;974,22;974,22;974,22;-1,60;
XZAG;C10TR;HRZB00ICB103;2020-06-24;990,10;990,10;990,10;990,10;-0,73;
XZAG;C10TR;HRZB00ICB103;2020-06-23;997,35;997,35;997,35;997,35;-0,91;
XZAG;C10TR;HRZB00ICB103;2020-06-19;1006,47;1006,47;1006,47;1006,47;0,43;
XZAG;C10TR;HRZB00ICB103;2020-06-18;1002,13;1002,13;1002,13;1002,13;-1,12;
XZAG;C10TR;HRZB00ICB103;2020-06-17;1013,49;1013,49;1013,49;1013,49;0,35;
XZAG;C10TR;HRZB00ICB103;2020-06-16;1009,92;1009,92;1009,92;1009,92;0,37;
XZAG;C10TR;HRZB00ICB103;2020-06-15;1006,22;1006,22;1006,22;1006,22;-0,49;
XZAG;C10TR;HRZB00ICB103;2020-06-12;1011,15;1011,15;1011,15;1011,15;-0,57;
XZAG;C10TR;HRZB00ICB103;2020-06-10;1016,93;1016,93;1016,93;1016,93;0,04;
XZAG;C10TR;HRZB00ICB103;2020-06-09;1016,49;1016,49;1016,49;1016,49;-0,13;
XZAG;C10TR;HRZB00ICB103;2020-06-08;1017,82;1017,82;1017,82;1017,82;0,17;
XZAG;C10TR;HRZB00ICB103;2020-06-05;1016,13;1016,13;1016,13;1016,13;-0,87;
XZAG;C10TR;HRZB00ICB103;2020-06-04;1025,07;1025,07;1025,07;1025,07;0,10;
XZAG;C10TR;HRZB00ICB103;2020-06-03;1024,03;1024,03;1024,03;1024,03;1,89;
XZAG;C10TR;HRZB00ICB103;2020-06-02;1004,99;1004,99;1004,99;1004,99;0,52;
XZAG;C10TR;HRZB00ICB103;2020-06-01;999,76;999,76;999,76;999,76;-0,02;
XZAG;C10TR;HRZB00ICB103;2020-05-29;1000,00;1000,00;1000,00;1000,00;0,87;
