mic;symbol;isin;date;trading_model_id;open_price;high_price;low_price;last_price;vwap_price;change_prev_close_percentage;num_trades;volume;turnover;price_currency;turnover_currency
XZAG;HT;HRHT00RA0005;2026-08-07;CT;40,10;40,30;39,90;40,00;39,988645980254;0,00;31;1418,00000;56703,90;EUR;EUR
XZAG;HT;HRHT00RA0005;2026-08-06;CT;40,10;40,30;40,00;40,00;40,145148514851;0,00;26;1010,00000;40546,60;EUR;EUR
XZAG;HT;HRHT00RA0005;2026-08-04;CT;40,10;40,10;40,00;40,00;40,044776119403;-0,25;19;737,00000;29513,00;EUR;EUR
XZAG;HT;HRHT00RA0005;2026-08-03;CT;40,10;40,30;40,00;40,10;40,128033472803;0,50;25;1673,00000;67134,20;EUR;EUR
XZAG;HT;HRHT00RA0005;2026-07-31;CT;40,00;40,20;39,90;39,90;40,023370786517;-0,50;11;445,00000;17810,40;EUR;EUR
XZAG;HT;HRHT00RA0005;2026-07-30;CT;40,20;40,40;40,00;40,10;40,158539642745;0,00;37;3191,00000;128145,90;EUR;EUR
XZAG;HT;HRHT00RA0005;2026-07-29;CT;40,30;40,50;40,00;40,10;40,183094414236;-0,74;22;2023,00000;81290,40;EUR;EUR
XZAG;HT;HRHT00RA0005;2026-07-28;CT;40,70;40,70;40,40;40,40;40,596807953951;-0,74;32;1911,00000;77580,50;EUR;EUR
XZAG;HT;HRHT00RA0005;2026-07-27;CT;41,20;41,20;40,50;40,70;40,626232948583;-0,73;24;953,00000;38716,80;EUR;EUR
XZAG;HT;HRHT00RA0005;2026-07-24;CT;40,60;41,00;40,40;41,00;40,857825751735;1,74;26;2594,00000;105985,20;EUR;EUR
XZAG;HT;HRHT00RA0005;2026-07-23;CT;40,40;40,40;40,30;40,30;40,350220848057;-0,25;33;2264,00000;91352,90;EUR;EUR
XZAG;HT;HRHT00RA0005;2026-07-22;CT;41,00;41,00;40,40;40,40;40,685670329670;-0,74;38;2275,00000;92559,90;EUR;EUR
XZAG;HT;HRHT00RA0005;2026-07-21;CT;40,50;40,70;40,40;40,70;40,573003472222;0,49;28;1152,00000;46740,10;EUR;EUR
XZAG;HT;HRHT00RA0005;2026-07-20;CT;40,80;40,80;40,50;40,50;40,541433278418;0,00;16;1214,00000;49217,30;EUR;EUR
XZAG;HT;HRHT00RA0005;2026-07-17;CT;40,60;40,80;40,40;40,50;40,481053649106;-0,25;26;2069,00000;83755,30;EUR;EUR
XZAG;HT;HRHT00RA0005;2026-07-16;CT;40,80;41,00;40,60;40,60;40,741311475410;-0,98;32;2135,00000;86982,70;EUR;EUR
XZAG;HT;HRHT00RA0005;2026-07-15;CT;41,00;41,40;40,80;41,00;40,923911747168;0,00;24;1677,00000;68629,40;EUR;EUR
XZAG;HT;HRHT00RA0005;2026-07-14;CT;40,60;41,00;40,50;41,00;40,693313298272;0,74;20;1331,00000;54162,80;EUR;EUR
XZAG;HT;HRHT00RA0005;2026-07-13;CT;41,40;41,40;40,60;40,70;40,918884369553;-0,97;23;1721,00000;70421,40;EUR;EUR
XZAG;HT;HRHT00RA0005;2026-07-10;BLOCK;;41,00;41,00;41,00;41,000000000000;;1;30000,00000;1230000,00;EUR;EUR
XZAG;HT;HRHT00RA0005;2026-07-10;CT;41,10;41,60;41,00;41,10;41,362679955703;-0,48;19;1806,00000;74701,00;EUR;EUR
XZAG;HT;HRHT00RA0005;2026-07-09;BLOCK;;41,00;41,00;41,00;41,000000000000;;1;27916,00000;1144556,00;EUR;EUR
XZAG;HT;HRHT00RA0005;2026-07-09;CT;41,40;41,80;41,10;41,30;41,458083832335;1,23;10;1336,00000;55388,00;EUR;EUR
XZAG;HT;HRHT00RA0005;2026-07-08;CT;41,40;41,90;40,80;40,80;41,130668604651;-2,63;32;2064,00000;84893,70;EUR;EUR
XZAG;HT;HRHT00RA0005;2026-07-07;CT;41,00;41,90;40,90;41,90;41,351470588235;0,96;27;2448,00000;101228,40;EUR;EUR
XZAG;HT;HRHT00RA0005;2026-07-06;CT;40,80;41,50;40,50;41,50;41,017667706708;1,72;25;2564,00000;105169,30;EUR;EUR
XZAG;HT;HRHT00RA0005;2026-07-03;CT;40,50;41,30;40,40;40,80;40,813549716641;0,74;39;3882,00000;158438,20;EUR;EUR
XZAG;HT;HRHT00RA0005;2026-07-02;CT;40,70;40,80;40,50;40,50;40,652000000000;-0,49;17;700,00000;28456,40;EUR;EUR
XZAG;HT;HRHT00RA0005;2026-07-01;CT;41,10;41,10;40,70;40,70;40,972538141470;-1,45;27;2163,00000;88623,60;EUR;EUR
XZAG;HT;HRHT00RA0005;2026-06-30;CT;41,10;41,30;41,10;41,30;41,221790030211;0,24;20;5296,00000;218310,60;EUR;EUR
XZAG;HT;HRHT00RA0005;2026-06-29;CT;41,50;41,70;41,20;41,20;41,221456692913;-0,96;22;2032,00000;83762,00;EUR;EUR
XZAG;HT;HRHT00RA0005;2026-06-26;CT;42,20;42,20;41,60;41,60;41,722428571429;-1,42;12;700,00000;29205,70;EUR;EUR
XZAG;HT;HRHT00RA0005;2026-06-25;CT;42,00;42,50;42,00;42,20;42,293161782225;-0,24;26;4197,00000;177504,40;EUR;EUR
XZAG;HT;HRHT00RA0005;2026-06-24;CT;42,00;42,50;42,00;42,30;42,255348962544;0,71;35;3711,00000;156809,60;EUR;EUR
XZAG;HT;HRHT00RA0005;2026-06-23;CT;41,60;42,30;41,00;42,00;41,825327413984;-0,47;27;4505,00000;188423,10;EUR;EUR
XZAG;HT;HRHT00RA0005;2026-06-19;CT;40,30;42,20;40,30;42,20;41,859829832091;1,20;55;13281,00000;555940,40;EUR;EUR
XZAG;HT;HRHT00RA0005;2026-06-18;CT;40,10;41,80;40,00;41,70;41,349265545944;2,71;62;12254,00000;506693,90;EUR;EUR
XZAG;HT;HRHT00RA0005;2026-06-17;CT;40,80;40,80;40,30;40,60;40,555710431655;-0,49;32;4448,00000;180391,80;EUR;EUR
XZAG;HT;HRHT00RA0005;2026-06-16;CT;39,80;40,80;39,70;40,80;40,211280681674;2,51;58;7863,00000;316181,30;EUR;EUR
XZAG;HT;HRHT00RA0005;2026-06-15;CT;39,40;40,00;39,40;39,80;39,836031589339;1,02;30;4052,00000;161415,60;EUR;EUR
XZAG;HT;HRHT00RA0005;2026-06-12;CT;39,30;39,80;39,30;39,40;39,526312440344;0,25;27;3143,00000;124231,20;EUR;EUR
XZAG;HT;HRHT00RA0005;2026-06-11;CT;39,50;39,60;39,20;39,30;39,394978165939;-0,25;33;2748,00000;108257,40;EUR;EUR
XZAG;HT;HRHT00RA0005;2026-06-10;CT;39,40;39,90;39,40;39,40;39,536185308848;0,00;24;2396,00000;94728,70;EUR;EUR
XZAG;HT;HRHT00RA0005;2026-06-09;CT;39,20;39,50;39,20;39,40;39,317352537723;0,51;26;1458,00000;57324,70;EUR;EUR
XZAG;HT;HRHT00RA0005;2026-06-08;CT;39,50;39,70;39,10;39,20;39,341130952381;-1,26;38;1680,00000;66093,10;EUR;EUR
XZAG;HT;HRHT00RA0005;2026-06-05;CT;40,20;40,20;39,40;39,70;39,692147861802;-0,75;46;4139,00000;164285,80;EUR;EUR
XZAG;HT;HRHT00RA0005;2026-06-03;CT;40,60;40,60;40,00;40,00;40,272722922316;-4,76;77;6269,00000;252469,70;EUR;EUR
XZAG;HT;HRHT00RA0005;2026-06-02;CT;42,20;42,20;41,20;42,00;41,857344600069;-0,47;66;8639,00000;361605,60;EUR;EUR
XZAG;HT;HRHT00RA0005;2026-06-01;CT;42,30;42,30;41,80;42,20;42,074231107206;-0,24;47;4552,00000;191521,90;EUR;EUR
XZAG;HT;HRHT00RA0005;2026-05-29;CT;41,80;42,30;41,70;42,30;41,987788674470;0,95;47;6322,00000;265446,80;EUR;EUR
XZAG;HT;HRHT00RA0005;2026-05-28;CT;41,80;42,00;41,40;41,90;41,752874617737;0,00;34;3270,00000;136531,90;EUR;EUR
XZAG;HT;HRHT00RA0005;2026-05-27;CT;41,60;42,00;41,60;41,90;41,847036032546;0,72;37;2581,00000;108007,20;EUR;EUR
XZAG;HT;HRHT00RA0005;2026-05-26;CT;41,60;41,70;41,20;41,60;41,553629274145;1,22;28;1667,00000;69269,90;EUR;EUR
XZAG;HT;HRHT00RA0005;2026-05-25;CT;41,40;41,50;41,10;41,10;41,378971533517;-0,96;32;2178,00000;90123,40;EUR;EUR
XZAG;HT;HRHT00RA0005;2026-05-22;CT;41,10;41,50;41,10;41,50;41,433159392789;0,48;23;2108,00000;87341,10;EUR;EUR
XZAG;HT;HRHT00RA0005;2026-05-21;CT;41,30;41,30;40,90;41,30;41,174266144814;1,23;22;1022,00000;42080,10;EUR;EUR
XZAG;HT;HRHT00RA0005;2026-05-20;CT;41,40;41,40;40,80;40,80;40,921748400853;-0,49;13;469,00000;19192,30;EUR;EUR
XZAG;HT;HRHT00RA0005;2026-05-19;CT;41,30;41,50;41,00;41,00;41,225082182774;-1,20;35;3042,00000;125406,70;EUR;EUR
XZAG;HT;HRHT00RA0005;2026-05-18;CT;41,50;41,70;41,30;41,50;41,482727780883;-0,24;40;1789,00000;74212,60;EUR;EUR
XZAG;HT;HRHT00RA0005;2026-05-15;CT;41,70;41,80;41,60;41,60;41,616105263158;-0,24;22;950,00000;39535,30;EUR;EUR
XZAG;HT;HRHT00RA0005;2026-05-14;CT;41,70;41,80;41,50;41,70;41,645658619229;0,24;25;2361,00000;98325,40;EUR;EUR
XZAG;HT;HRHT00RA0005;2026-05-13;CT;41,70;41,70;41,50;41,60;41,603718728871;-0,24;27;4437,00000;184595,70;EUR;EUR
XZAG;HT;HRHT00RA0005;2026-05-12;CT;41,60;41,80;41,50;41,70;41,573453406421;0,24;30;1277,00000;53089,30;EUR;EUR
XZAG;HT;HRHT00RA0005;2026-05-11;CT;41,60;41,80;41,60;41,60;41,607516505841;-0,48;23;1969,00000;81925,20;EUR;EUR
XZAG;HT;HRHT00RA0005;2026-05-08;CT;41,40;41,90;41,40;41,80;41,598476674072;0,72;34;3151,00000;131076,80;EUR;EUR
XZAG;HT;HRHT00RA0005;2026-05-07;CT;41,60;41,70;41,40;41,50;41,496214937479;-0,72;41;2959,00000;122787,30;EUR;EUR
XZAG;HT;HRHT00RA0005;2026-05-06;CT;41,70;41,80;41,50;41,80;41,620300751880;0,72;17;532,00000;22142,00;EUR;EUR
XZAG;HT;HRHT00RA0005;2026-05-05;CT;41,50;41,70;41,50;41,50;41,617841213202;0,48;25;2242,00000;93307,20;EUR;EUR
XZAG;HT;HRHT00RA0005;2026-05-04;CT;41,30;41,30;40,80;41,30;41,160427461140;0,00;29;1544,00000;63551,70;EUR;EUR
XZAG;HT;HRHT00RA0005;2026-04-30;CT;40,00;41,30;40,00;41,30;40,875557994877;3,77;74;8199,00000;335138,70;EUR;EUR
XZAG;HT;HRHT00RA0005;2026-04-29;CT;39,30;39,80;39,30;39,80;39,525270270270;0,76;42;1480,00000;58497,40;EUR;EUR
XZAG;HT;HRHT00RA0005;2026-04-28;CT;39,20;39,50;39,10;39,50;39,246766507828;1,02;32;1469,00000;57653,50;EUR;EUR
XZAG;HT;HRHT00RA0005;2026-04-27;CT;39,50;39,50;39,10;39,10;39,157624398074;-1,26;19;623,00000;24395,20;EUR;EUR
XZAG;HT;HRHT00RA0005;2026-04-24;CT;39,70;39,70;39,10;39,60;39,262074829932;1,02;20;588,00000;23086,10;EUR;EUR
XZAG;HT;HRHT00RA0005;2026-04-23;CT;39,50;39,70;39,20;39,20;39,450373134328;0,00;13;268,00000;10572,70;EUR;EUR
XZAG;HT;HRHT00RA0005;2026-04-22;CT;39,20;39,60;39,10;39,20;39,415849673203;-0,76;21;612,00000;24122,50;EUR;EUR
XZAG;HT;HRHT00RA0005;2026-04-21;CT;39,50;39,60;39,20;39,50;39,324600638978;1,28;18;1252,00000;49234,40;EUR;EUR
XZAG;HT;HRHT00RA0005;2026-04-20;CT;39,70;39,70;39,00;39,00;39,327132701422;-2,26;36;1688,00000;66384,20;EUR;EUR
XZAG;HT;HRHT00RA0005;2026-04-17;CT;39,00;39,90;39,00;39,90;39,446134663342;2,31;22;2406,00000;94907,40;EUR;EUR
XZAG;HT;HRHT00RA0005;2026-04-16;CT;38,80;39,50;38,80;39,00;39,024212980956;0,26;43;5146,00000;200818,60;EUR;EUR
XZAG;HT;HRHT00RA0005;2026-04-15;CT;38,90;39,20;38,70;38,90;38,812806686438;0,78;42;3709,00000;143956,70;EUR;EUR
XZAG;HT;HRHT00RA0005;2026-04-14;CT;38,80;38,80;38,30;38,60;38,495719602978;-0,26;72;4836,00000;186165,30;EUR;EUR
XZAG;HT;HRHT00RA0005;2026-04-13;CT;38,50;38,90;38,50;38,70;38,683203732504;0,00;15;643,00000;24873,30;EUR;EUR
XZAG;HT;HRHT00RA0005;2026-04-10;CT;38,60;38,70;38,50;38,70;38,660674157303;0,52;42;3827,00000;147954,40;EUR;EUR
XZAG;HT;HRHT00RA0005;2026-04-09;CT;39,20;39,20;38,50;38,50;38,924570737606;-2,28;33;4135,00000;160953,10;EUR;EUR
XZAG;HT;HRHT00RA0005;2026-04-08;CT;38,80;39,80;38,80;39,40;39,428795056643;3,68;44;4855,00000;191426,80;EUR;EUR
XZAG;HT;HRHT00RA0005;2026-04-07;CT;38,70;38,70;38,00;38,00;38,322556069166;-1,81;62;11682,00000;447684,10;EUR;EUR
XZAG;HT;HRHT00RA0005;2026-04-02;CT;38,40;38,80;38,40;38,70;38,559912280702;0,26;18;1140,00000;43958,30;EUR;EUR
XZAG;HT;HRHT00RA0005;2026-04-01;CT;38,50;39,00;38,40;38,60;38,606240689926;4,04;109;12755,00000;492422,60;EUR;EUR
XZAG;HT;HRHT00RA0005;2026-03-31;CT;39,50;39,50;37,10;37,10;38,549540144171;-6,08;156;16092,00000;620339,20;EUR;EUR
XZAG;HT;HRHT00RA0005;2026-03-30;CT;39,90;40,00;39,50;39,50;39,763847429519;-1,25;31;4824,00000;191820,80;EUR;EUR
XZAG;HT;HRHT00RA0005;2026-03-27;CT;40,60;40,60;40,00;40,00;40,134175935288;0,00;31;1978,00000;79385,40;EUR;EUR
XZAG;HT;HRHT00RA0005;2026-03-26;CT;40,70;40,90;40,00;40,00;40,299862863412;-0,50;34;7292,00000;293866,60;EUR;EUR
XZAG;HT;HRHT00RA0005;2026-03-25;CT;40,00;40,40;40,00;40,20;40,237666237666;0,50;25;2331,00000;93794,00;EUR;EUR
XZAG;HT;HRHT00RA0005;2026-03-24;CT;40,30;40,70;39,80;40,00;40,117162966973;0,25;37;1847,00000;74096,40;EUR;EUR
XZAG;HT;HRHT00RA0005;2026-03-23;CT;40,00;40,30;39,20;39,90;39,669012178620;-0,75;61;4434,00000;175892,40;EUR;EUR
XZAG;HT;HRHT00RA0005;2026-03-20;CT;39,40;40,20;39,40;40,20;39,962758781112;2,03;31;4299,00000;171799,90;EUR;EUR
XZAG;HT;HRHT00RA0005;2026-03-19;CT;39,80;40,00;39,40;39,40;39,680768340662;-1,25;83;8642,00000;342921,20;EUR;EUR
XZAG;HT;HRHT00RA0005;2026-03-18;CT;40,20;40,40;39,90;39,90;40,094615230058;-0,75;75;14931,00000;598652,70;EUR;EUR
XZAG;HT;HRHT00RA0005;2026-03-17;CT;40,50;40,70;40,00;40,20;40,299355358582;-1,23;39;3723,00000;150034,50;EUR;EUR
XZAG;HT;HRHT00RA0005;2026-03-16;CT;40,80;40,80;40,50;40,70;40,619945230488;0,25;20;2191,00000;88998,30;EUR;EUR
XZAG;HT;HRHT00RA0005;2026-03-13;CT;40,50;41,00;40,50;40,60;40,743664011586;-1,22;20;1381,00000;56267,00;EUR;EUR
XZAG;HT;HRHT00RA0005;2026-03-12;CT;40,30;41,10;40,30;41,10;40,877112506036;0,24;17;2071,00000;84656,50;EUR;EUR
XZAG;HT;HRHT00RA0005;2026-03-11;CT;40,50;41,50;40,20;41,00;40,805402873204;-0,24;18;3202,00000;130658,90;EUR;EUR
XZAG;HT;HRHT00RA0005;2026-03-10;CT;40,50;41,10;40,50;41,10;40,785517934965;2,75;31;2983,00000;121663,20;EUR;EUR
XZAG;HT;HRHT00RA0005;2026-03-09;CT;40,10;40,10;39,80;40,00;39,979732468585;-2,68;61;4934,00000;197260,00;EUR;EUR
XZAG;HT;HRHT00RA0005;2026-03-06;CT;41,00;41,10;40,10;41,10;40,476018099548;-0,96;34;1989,00000;80506,80;EUR;EUR
XZAG;HT;HRHT00RA0005;2026-03-05;CT;40,60;41,60;40,50;41,50;41,172650771388;2,22;23;1426,00000;58712,20;EUR;EUR
XZAG;HT;HRHT00RA0005;2026-03-04;CT;39,60;41,20;39,50;40,60;40,022578397213;2,27;49;4305,00000;172297,20;EUR;EUR
XZAG;HT;HRHT00RA0005;2026-03-03;CT;40,30;40,50;39,70;39,70;40,134727385378;-2,22;72;6456,00000;259109,80;EUR;EUR
XZAG;HT;HRHT00RA0005;2026-03-02;CT;41,50;41,50;40,50;40,60;40,887916260954;-2,64;70;10270,00000;419918,90;EUR;EUR
XZAG;HT;HRHT00RA0005;2026-02-27;CT;41,60;41,70;41,30;41,70;41,606129032258;0,24;17;4030,00000;167672,70;EUR;EUR
XZAG;HT;HRHT00RA0005;2026-02-26;CT;41,80;42,50;41,50;41,60;42,122586719524;0,73;92;10090,00000;425016,90;EUR;EUR
XZAG;HT;HRHT00RA0005;2026-02-25;CT;41,90;41,90;41,30;41,30;41,508906206513;-0,96;42;3593,00000;149141,50;EUR;EUR
XZAG;HT;HRHT00RA0005;2026-02-24;CT;41,70;41,80;41,40;41,70;41,720058593750;0,00;22;5120,00000;213606,70;EUR;EUR
XZAG;HT;HRHT00RA0005;2026-02-23;CT;41,50;41,70;41,20;41,70;41,508752817431;0,24;32;2662,00000;110496,30;EUR;EUR
XZAG;HT;HRHT00RA0005;2026-02-20;CT;41,30;41,60;41,30;41,60;41,431274131274;0,73;27;1554,00000;64384,20;EUR;EUR
XZAG;HT;HRHT00RA0005;2026-02-19;CT;41,50;41,60;41,20;41,30;41,371728971963;0,24;21;3424,00000;141656,80;EUR;EUR
XZAG;HT;HRHT00RA0005;2026-02-18;CT;41,20;41,50;41,10;41,20;41,257069846678;-0,72;17;1174,00000;48435,80;EUR;EUR
XZAG;HT;HRHT00RA0005;2026-02-17;CT;41,20;41,50;41,10;41,50;41,128106701366;0,48;26;1537,00000;63213,90;EUR;EUR
XZAG;HT;HRHT00RA0005;2026-02-16;CT;41,10;41,70;41,10;41,30;41,544159811986;0,49;24;4255,00000;176770,40;EUR;EUR
XZAG;HT;HRHT00RA0005;2026-02-13;CT;41,50;41,50;41,10;41,10;41,146451612903;-0,96;40;1705,00000;70154,70;EUR;EUR
XZAG;HT;HRHT00RA0005;2026-02-12;CT;41,30;41,50;41,10;41,50;41,235498320269;-0,24;26;893,00000;36823,30;EUR;EUR
XZAG;HT;HRHT00RA0005;2026-02-11;CT;41,30;41,60;41,10;41,60;41,363235294118;1,22;22;1360,00000;56254,00;EUR;EUR
XZAG;HT;HRHT00RA0005;2026-02-10;CT;41,10;41,50;41,10;41,10;41,289587775409;-1,20;39;2814,00000;116188,90;EUR;EUR
XZAG;HT;HRHT00RA0005;2026-02-09;CT;41,40;41,60;41,00;41,60;41,308911994059;0,73;28;2693,00000;111244,90;EUR;EUR
XZAG;HT;HRHT00RA0005;2026-02-06;CT;41,00;41,30;40,70;41,30;40,972175290391;1,47;28;1894,00000;77601,30;EUR;EUR
XZAG;HT;HRHT00RA0005;2026-02-05;CT;41,20;41,40;40,70;40,70;40,905294117647;-0,73;37;1360,00000;55631,20;EUR;EUR
XZAG;HT;HRHT00RA0005;2026-02-04;BLOCK;;41,00;41,00;41,00;41,000000000000;;1;30000,00000;1230000,00;EUR;EUR
XZAG;HT;HRHT00RA0005;2026-02-04;CT;41,50;41,50;40,90;41,00;41,120892274211;0,00;45;2757,00000;113370,30;EUR;EUR
XZAG;HT;HRHT00RA0005;2026-02-03;CT;41,00;41,60;40,80;41,00;40,933442892358;-0,24;24;1217,00000;49816,00;EUR;EUR
XZAG;HT;HRHT00RA0005;2026-02-02;CT;41,50;41,70;40,70;41,10;41,386231415643;0,49;32;1547,00000;64024,50;EUR;EUR
XZAG;HT;HRHT00RA0005;2026-01-30;CT;41,40;41,60;40,90;40,90;41,132628398792;-1,92;51;4965,00000;204223,50;EUR;EUR
XZAG;HT;HRHT00RA0005;2026-01-29;CT;42,00;42,00;41,40;41,70;41,682784810127;0,00;46;2370,00000;98788,20;EUR;EUR
XZAG;HT;HRHT00RA0005;2026-01-28;CT;41,60;41,70;41,40;41,70;41,496087456847;0,00;33;2607,00000;108180,30;EUR;EUR
XZAG;HT;HRHT00RA0005;2026-01-27;CT;42,00;42,00;41,40;41,70;41,686415164468;-0,71;45;5381,00000;224314,60;EUR;EUR
XZAG;HT;HRHT00RA0005;2026-01-26;CT;42,00;42,00;41,70;42,00;41,977081156391;0,72;31;2871,00000;120516,20;EUR;EUR
XZAG;HT;HRHT00RA0005;2026-01-23;CT;42,00;42,30;41,50;41,70;41,682944530845;-1,65;30;1929,00000;80406,40;EUR;EUR
XZAG;HT;HRHT00RA0005;2026-01-22;CT;41,60;42,40;41,60;42,40;42,222385931559;1,92;29;2104,00000;88835,90;EUR;EUR
XZAG;HT;HRHT00RA0005;2026-01-21;CT;41,70;41,90;41,60;41,60;41,807958477509;0,00;16;1156,00000;48330,00;EUR;EUR
XZAG;HT;HRHT00RA0005;2026-01-20;CT;41,70;41,70;41,60;41,60;41,664019676739;-0,24;21;1423,00000;59287,90;EUR;EUR
XZAG;HT;HRHT00RA0005;2026-01-19;CT;42,00;42,30;41,60;41,70;41,917119565217;-0,71;40;1840,00000;77127,50;EUR;EUR
XZAG;HT;HRHT00RA0005;2026-01-16;CT;42,00;42,10;41,60;42,00;41,784110787172;0,24;35;2744,00000;114655,60;EUR;EUR
XZAG;HT;HRHT00RA0005;2026-01-15;CT;42,40;42,40;41,70;41,90;42,019060435527;-1,18;35;4087,00000;171731,90;EUR;EUR
XZAG;HT;HRHT00RA0005;2026-01-14;CT;42,00;42,40;42,00;42,40;42,248490749757;0,47;22;2054,00000;86778,40;EUR;EUR
XZAG;HT;HRHT00RA0005;2026-01-13;CT;41,70;42,30;41,60;42,20;42,036137440758;0,48;40;2532,00000;106435,50;EUR;EUR
XZAG;HT;HRHT00RA0005;2026-01-12;CT;41,90;42,00;41,50;42,00;41,788877062267;0,24;40;1879,00000;78521,30;EUR;EUR
XZAG;HT;HRHT00RA0005;2026-01-09;CT;42,00;42,00;41,70;41,90;41,860072267389;0,00;25;1107,00000;46339,10;EUR;EUR
XZAG;HT;HRHT00RA0005;2026-01-08;CT;42,00;42,00;41,50;41,90;41,779314888011;0,96;25;2277,00000;95131,50;EUR;EUR
XZAG;HT;HRHT00RA0005;2026-01-07;CT;42,00;42,00;41,50;41,50;41,639840182648;-0,24;10;876,00000;36476,50;EUR;EUR
XZAG;HT;HRHT00RA0005;2026-01-05;CT;41,50;42,00;41,50;41,60;41,641515994437;0,24;27;1438,00000;59880,50;EUR;EUR
XZAG;HT;HRHT00RA0005;2026-01-02;CT;41,50;41,50;41,50;41,50;41,500000000000;0,00;8;278,00000;11537,00;EUR;EUR
XZAG;HT;HRHT00RA0005;2025-12-30;CT;41,80;41,90;41,50;41,50;41,819949320433;-0,72;42;4341,00000;181540,40;EUR;EUR
XZAG;HT;HRHT00RA0005;2025-12-29;CT;41,80;41,80;41,40;41,80;41,621442246331;0,48;22;1567,00000;65220,80;EUR;EUR
XZAG;HT;HRHT00RA0005;2025-12-23;CT;41,40;41,60;41,00;41,60;41,463165905632;1,46;24;1314,00000;54482,60;EUR;EUR
XZAG;HT;HRHT00RA0005;2025-12-22;CT;40,80;41,40;40,60;41,00;41,031583264971;0,49;32;1219,00000;50017,50;EUR;EUR
XZAG;HT;HRHT00RA0005;2025-12-19;CT;41,20;41,50;40,80;40,80;41,104049969776;-0,49;50;4963,00000;203999,40;EUR;EUR
XZAG;HT;HRHT00RA0005;2025-12-18;CT;40,80;41,20;40,70;41,00;40,925360230548;0,99;17;694,00000;28402,20;EUR;EUR
XZAG;HT;HRHT00RA0005;2025-12-17;CT;40,80;41,30;40,50;40,60;40,692608908468;-0,25;32;2043,00000;83135,00;EUR;EUR
XZAG;HT;HRHT00RA0005;2025-12-16;CT;41,20;41,20;40,70;40,70;41,006666666667;-1,69;46;5355,00000;219590,70;EUR;EUR
XZAG;HT;HRHT00RA0005;2025-12-15;CT;41,20;41,40;41,20;41,40;41,214861235452;0,49;27;1117,00000;46037,00;EUR;EUR
XZAG;HT;HRHT00RA0005;2025-12-12;CT;41,30;41,60;41,20;41,20;41,285215605749;-0,24;15;487,00000;20105,90;EUR;EUR
XZAG;HT;HRHT00RA0005;2025-12-11;CT;41,60;41,60;41,30;41,30;41,451957975167;-0,48;17;1047,00000;43400,20;EUR;EUR
XZAG;HT;HRHT00RA0005;2025-12-10;CT;41,70;41,70;41,20;41,50;41,336470588235;-0,48;35;1955,00000;80812,80;EUR;EUR
XZAG;HT;HRHT00RA0005;2025-12-09;CT;41,30;41,70;41,30;41,70;41,461231569818;0,97;14;1153,00000;47804,80;EUR;EUR
XZAG;HT;HRHT00RA0005;2025-12-08;CT;41,70;41,70;41,20;41,30;41,400940860215;-0,96;35;1488,00000;61604,60;EUR;EUR
XZAG;HT;HRHT00RA0005;2025-12-05;CT;41,60;41,70;41,40;41,70;41,498092031425;0,72;16;891,00000;36974,80;EUR;EUR
XZAG;HT;HRHT00RA0005;2025-12-04;CT;41,70;41,80;41,40;41,40;41,572734693878;-0,96;18;1225,00000;50926,60;EUR;EUR
XZAG;HT;HRHT00RA0005;2025-12-03;CT;41,60;41,80;41,50;41,80;41,650262780698;0,48;23;2093,00000;87174,00;EUR;EUR
XZAG;HT;HRHT00RA0005;2025-12-02;CT;41,50;41,60;41,50;41,60;41,511775362319;0,48;14;1104,00000;45829,00;EUR;EUR
XZAG;HT;HRHT00RA0005;2025-12-01;CT;41,70;42,00;41,40;41,40;41,606703910615;-1,19;26;1432,00000;59580,80;EUR;EUR
XZAG;HT;HRHT00RA0005;2025-11-28;BLOCK;;41,70;41,70;41,70;41,700000000000;;1;7500,00000;312750,00;EUR;EUR
XZAG;HT;HRHT00RA0005;2025-11-28;CT;41,80;41,90;41,70;41,90;41,865416436845;0,48;20;1813,00000;75902,00;EUR;EUR
XZAG;HT;HRHT00RA0005;2025-11-27;CT;41,60;41,80;41,60;41,70;41,747365233192;0,00;17;1651,00000;68924,90;EUR;EUR
XZAG;HT;HRHT00RA0005;2025-11-26;CT;41,50;41,80;41,50;41,70;41,607041072925;0,00;20;1193,00000;49637,20;EUR;EUR
XZAG;HT;HRHT00RA0005;2025-11-25;CT;41,80;41,80;41,70;41,70;41,770951957295;0,00;19;2248,00000;93901,10;EUR;EUR
XZAG;HT;HRHT00RA0005;2025-11-24;CT;41,60;41,70;41,50;41,70;41,594917551389;0,72;22;4427,00000;184140,70;EUR;EUR
XZAG;HT;HRHT00RA0005;2025-11-21;CT;41,40;41,60;41,40;41,40;41,469956458636;-0,72;19;1378,00000;57145,60;EUR;EUR
XZAG;HT;HRHT00RA0005;2025-11-20;CT;41,60;41,70;41,30;41,70;41,493488897253;0,24;27;2657,00000;110248,20;EUR;EUR
XZAG;HT;HRHT00RA0005;2025-11-19;CT;41,60;41,90;41,30;41,60;41,721696907743;-0,24;26;3913,00000;163257,00;EUR;EUR
XZAG;HT;HRHT00RA0005;2025-11-17;CT;41,60;41,80;41,60;41,70;41,741333938294;0,00;16;2204,00000;91997,90;EUR;EUR
XZAG;HT;HRHT00RA0005;2025-11-14;CT;41,70;41,80;41,70;41,70;41,700212314225;0,97;21;1884,00000;78563,20;EUR;EUR
XZAG;HT;HRHT00RA0005;2025-11-13;CT;41,40;41,80;41,30;41,30;41,671578538103;-1,20;20;2572,00000;107179,30;EUR;EUR
XZAG;HT;HRHT00RA0005;2025-11-12;CT;41,20;41,80;41,20;41,80;41,447804139324;1,46;31;1981,00000;82108,10;EUR;EUR
XZAG;HT;HRHT00RA0005;2025-11-11;CT;41,80;42,00;41,20;41,20;41,632750989984;-1,44;46;4293,00000;178729,40;EUR;EUR
XZAG;HT;HRHT00RA0005;2025-11-10;CT;41,70;42,10;41,70;41,80;41,947286338116;0,00;18;1603,00000;67241,50;EUR;EUR
XZAG;HT;HRHT00RA0005;2025-11-07;CT;42,10;42,10;41,80;41,80;41,834367088608;0,00;23;1580,00000;66098,30;EUR;EUR
XZAG;HT;HRHT00RA0005;2025-11-06;CT;41,90;42,00;41,70;41,80;41,978672775643;0,24;26;6766,00000;284027,70;EUR;EUR
XZAG;HT;HRHT00RA0005;2025-11-05;CT;41,80;41,80;41,70;41,70;41,787228260870;-0,24;23;2576,00000;107643,90;EUR;EUR
XZAG;HT;HRHT00RA0005;2025-11-04;CT;41,90;42,00;41,80;41,80;41,940503937008;-0,48;32;3175,00000;133161,10;EUR;EUR
XZAG;HT;HRHT00RA0005;2025-11-03;CT;42,00;42,10;41,80;42,00;41,942890995261;0,00;28;2532,00000;106199,40;EUR;EUR
XZAG;HT;HRHT00RA0005;2025-10-31;CT;42,00;42,10;41,90;42,00;42,009681227863;0,00;30;1694,00000;71164,40;EUR;EUR
XZAG;HT;HRHT00RA0005;2025-10-30;CT;42,00;42,30;42,00;42,00;42,075355871886;-0,47;19;1124,00000;47292,70;EUR;EUR
XZAG;HT;HRHT00RA0005;2025-10-29;CT;41,90;42,20;41,90;42,20;42,070137642130;0,48;17;1671,00000;70299,20;EUR;EUR
XZAG;HT;HRHT00RA0005;2025-10-28;CT;41,90;42,10;41,90;42,00;41,991069849691;0,24;26;2262,00000;94983,80;EUR;EUR
XZAG;HT;HRHT00RA0005;2025-10-27;BLOCK;;41,90;41,90;41,90;41,900000000000;;1;20000,00000;838000,00;EUR;EUR
XZAG;HT;HRHT00RA0005;2025-10-27;CT;42,00;42,00;41,70;41,90;41,928794145721;-0,24;30;3143,00000;131782,20;EUR;EUR
XZAG;HT;HRHT00RA0005;2025-10-24;CT;41,90;42,00;41,70;42,00;41,838105975197;0,24;23;887,00000;37110,40;EUR;EUR
XZAG;HT;HRHT00RA0005;2025-10-23;CT;41,90;42,00;41,70;41,90;41,827010923535;0,24;19;1007,00000;42119,80;EUR;EUR
XZAG;HT;HRHT00RA0005;2025-10-22;CT;41,80;42,00;41,80;41,80;41,826349206349;0,24;16;630,00000;26350,60;EUR;EUR
XZAG;HT;HRHT00RA0005;2025-10-21;CT;42,00;42,00;41,70;41,70;41,930467642891;-0,48;28;2117,00000;88766,80;EUR;EUR
XZAG;HT;HRHT00RA0005;2025-10-20;CT;41,90;41,90;41,50;41,90;41,717965091528;0,00;52;4698,00000;195991,00;EUR;EUR
XZAG;HT;HRHT00RA0005;2025-10-17;CT;42,00;42,10;41,70;41,90;41,870268410186;-0,48;29;4359,00000;182512,50;EUR;EUR
XZAG;HT;HRHT00RA0005;2025-10-16;CT;42,00;42,10;42,00;42,10;42,064617314931;0,72;15;797,00000;33525,50;EUR;EUR
XZAG;HT;HRHT00RA0005;2025-10-15;CT;42,00;42,30;41,80;41,80;42,040857787810;-0,24;21;2215,00000;93120,50;EUR;EUR
XZAG;HT;HRHT00RA0005;2025-10-14;CT;42,30;42,40;41,90;41,90;42,253566958698;-1,87;20;2397,00000;101281,80;EUR;EUR
XZAG;HT;HRHT00RA0005;2025-10-13;CT;42,00;42,70;41,70;42,70;42,292715676401;2,40;28;5958,00000;251980,00;EUR;EUR
XZAG;HT;HRHT00RA0005;2025-10-10;CT;42,30;42,30;41,60;41,70;41,932486709982;-1,42;32;3386,00000;141983,40;EUR;EUR
XZAG;HT;HRHT00RA0005;2025-10-09;CT;42,60;42,60;42,20;42,30;42,450151057402;-1,63;23;1655,00000;70255,00;EUR;EUR
XZAG;HT;HRHT00RA0005;2025-10-08;CT;42,50;43,00;42,20;43,00;42,446525679758;0,00;21;993,00000;42149,40;EUR;EUR
XZAG;HT;HRHT00RA0005;2025-10-07;CT;43,40;43,50;43,00;43,00;43,080883678990;-1,15;24;2218,00000;95553,40;EUR;EUR
XZAG;HT;HRHT00RA0005;2025-10-06;CT;43,50;43,50;43,50;43,50;43,500000000000;-0,23;10;302,00000;13137,00;EUR;EUR
XZAG;HT;HRHT00RA0005;2025-10-03;BLOCK;;43,60;43,60;43,60;43,600000000000;;1;25000,00000;1090000,00;EUR;EUR
XZAG;HT;HRHT00RA0005;2025-10-03;CT;43,60;43,90;43,30;43,60;43,688843861740;0,46;33;4195,00000;183274,70;EUR;EUR
XZAG;HT;HRHT00RA0005;2025-10-02;CT;43,00;43,50;43,00;43,40;43,249510561566;0,23;27;1941,00000;83947,30;EUR;EUR
XZAG;HT;HRHT00RA0005;2025-10-01;CT;42,30;43,60;42,20;43,30;43,094402035623;1,64;44;5895,00000;254041,50;EUR;EUR
XZAG;HT;HRHT00RA0005;2025-09-30;CT;42,70;42,80;42,10;42,60;42,616325581395;0,71;28;4300,00000;183250,20;EUR;EUR
XZAG;HT;HRHT00RA0005;2025-09-29;CT;42,40;42,50;42,30;42,30;42,396965174129;-0,70;23;2010,00000;85217,90;EUR;EUR
XZAG;HT;HRHT00RA0005;2025-09-26;CT;42,10;42,60;42,10;42,60;42,231629013080;0,95;17;841,00000;35516,80;EUR;EUR
XZAG;HT;HRHT00RA0005;2025-09-25;CT;42,00;42,20;42,00;42,20;42,141333333333;0,00;21;4125,00000;173833,00;EUR;EUR
XZAG;HT;HRHT00RA0005;2025-09-24;CT;41,80;42,20;41,80;42,20;42,042694663167;0,96;20;1143,00000;48054,80;EUR;EUR
XZAG;HT;HRHT00RA0005;2025-09-23;CT;42,30;42,80;41,10;41,80;41,994117647059;-1,18;29;2890,00000;121363,00;EUR;EUR
XZAG;HT;HRHT00RA0005;2025-09-22;CT;42,50;43,00;42,30;42,30;42,604166068094;-0,47;37;6961,00000;296567,60;EUR;EUR
XZAG;HT;HRHT00RA0005;2025-09-19;CT;42,00;42,50;42,00;42,50;42,333992839646;1,43;48;10614,00000;449333,00;EUR;EUR
XZAG;HT;HRHT00RA0005;2025-09-18;CT;42,00;42,00;41,90;41,90;41,994070667957;-0,24;22;4132,00000;173519,50;EUR;EUR
XZAG;HT;HRHT00RA0005;2025-09-17;CT;41,50;42,00;41,40;42,00;41,719185323383;1,20;29;3216,00000;134168,90;EUR;EUR
XZAG;HT;HRHT00RA0005;2025-09-16;CT;42,10;42,20;41,50;41,50;41,838583509514;-1,66;24;2838,00000;118737,90;EUR;EUR
XZAG;HT;HRHT00RA0005;2025-09-15;CT;41,60;42,40;41,60;42,20;41,919590895995;1,69;34;3471,00000;145502,90;EUR;EUR
XZAG;HT;HRHT00RA0005;2025-09-12;CT;41,40;41,50;41,40;41,50;41,465778737701;0,24;27;4167,00000;172787,90;EUR;EUR
XZAG;HT;HRHT00RA0005;2025-09-11;CT;41,10;41,40;41,10;41,40;41,329073856975;0,49;31;2559,00000;105761,10;EUR;EUR
XZAG;HT;HRHT00RA0005;2025-09-10;CT;41,20;41,50;41,10;41,20;41,287994780339;0,00;28;2299,00000;94921,10;EUR;EUR
XZAG;HT;HRHT00RA0005;2025-09-09;CT;40,80;41,30;40,80;41,20;41,186635141862;0,24;35;8036,00000;330975,80;EUR;EUR
XZAG;HT;HRHT00RA0005;2025-09-08;CT;40,50;41,10;40,50;41,10;40,617406143345;1,23;27;2344,00000;95207,20;EUR;EUR
XZAG;HT;HRHT00RA0005;2025-09-05;CT;40,90;41,20;40,60;40,60;40,898773006135;-0,98;39;3749,00000;153329,50;EUR;EUR
XZAG;HT;HRHT00RA0005;2025-09-04;CT;41,00;41,20;40,80;41,00;41,101733413030;0,00;20;1673,00000;68763,20;EUR;EUR
XZAG;HT;HRHT00RA0005;2025-09-03;CT;40,50;41,00;40,50;41,00;40,682507539854;0,99;24;2321,00000;94424,10;EUR;EUR
XZAG;HT;HRHT00RA0005;2025-09-02;CT;40,70;41,00;40,60;40,60;40,714864864865;-0,25;23;740,00000;30129,00;EUR;EUR
XZAG;HT;HRHT00RA0005;2025-09-01;CT;40,70;40,90;40,60;40,70;40,689772727273;0,00;16;880,00000;35807,00;EUR;EUR
XZAG;HT;HRHT00RA0005;2025-08-29;CT;40,70;40,80;40,70;40,70;40,704218750000;0,00;11;1280,00000;52101,40;EUR;EUR
XZAG;HT;HRHT00RA0005;2025-08-28;CT;40,60;40,90;40,60;40,70;40,703130041949;0,25;16;3099,00000;126139,00;EUR;EUR
XZAG;HT;HRHT00RA0005;2025-08-27;CT;40,50;41,00;40,50;40,60;40,767494226328;0,25;21;1732,00000;70609,30;EUR;EUR
XZAG;HT;HRHT00RA0005;2025-08-26;CT;40,60;41,00;40,50;40,50;40,552947103275;-0,25;24;1985,00000;80497,60;EUR;EUR
XZAG;HT;HRHT00RA0005;2025-08-25;CT;40,60;40,70;40,60;40,60;40,604055032585;0,25;20;1381,00000;56074,20;EUR;EUR
XZAG;HT;HRHT00RA0005;2025-08-22;CT;40,50;40,60;40,50;40,50;40,514619883041;-0,25;12;513,00000;20784,00;EUR;EUR
XZAG;HT;HRHT00RA0005;2025-08-21;CT;41,20;41,30;40,60;40,60;41,018606557377;-0,25;24;3660,00000;150128,10;EUR;EUR
XZAG;HT;HRHT00RA0005;2025-08-20;CT;40,90;41,00;40,70;40,70;40,820292347377;-0,49;34;2326,00000;94948,00;EUR;EUR
XZAG;HT;HRHT00RA0005;2025-08-19;CT;41,00;41,40;40,90;40,90;41,199081102677;-0,24;37;2503,00000;103121,30;EUR;EUR
XZAG;HT;HRHT00RA0005;2025-08-18;CT;41,10;41,40;41,00;41,00;41,082500705617;-0,97;44;3543,00000;145555,30;EUR;EUR
XZAG;HT;HRHT00RA0005;2025-08-14;CT;41,10;41,40;41,10;41,40;41,199567949725;0,49;30;2546,00000;104894,10;EUR;EUR
XZAG;HT;HRHT00RA0005;2025-08-13;CT;41,50;41,70;41,10;41,20;41,444696415508;-0,72;13;1367,00000;56654,90;EUR;EUR
XZAG;HT;HRHT00RA0005;2025-08-12;CT;41,00;41,50;41,00;41,50;41,243879310345;1,22;19;1160,00000;47842,90;EUR;EUR
XZAG;HT;HRHT00RA0005;2025-08-11;CT;41,20;41,50;41,00;41,00;41,294747612551;-0,24;19;1466,00000;60538,10;EUR;EUR
XZAG;HT;HRHT00RA0005;2025-08-08;CT;41,00;41,80;41,00;41,10;41,396794425087;0,24;22;1435,00000;59404,40;EUR;EUR
XZAG;HT;HRHT00RA0005;2025-08-07;CT;41,10;41,50;41,00;41,00;41,381542056075;-1,20;20;1284,00000;53133,90;EUR;EUR
XZAG;HT;HRHT00RA0005;2025-08-06;CT;41,20;41,50;41,00;41,50;41,135224386113;0,73;31;2362,00000;97161,40;EUR;EUR
XZAG;HT;HRHT00RA0005;2025-08-04;CT;41,10;41,30;41,00;41,20;41,109685751184;-0,24;33;2323,00000;95497,80;EUR;EUR
XZAG;HT;HRHT00RA0005;2025-08-01;CT;41,70;41,90;41,30;41,30;41,455823117338;-0,72;26;6852,00000;284055,30;EUR;EUR
XZAG;HT;HRHT00RA0005;2025-07-31;CT;41,90;42,00;41,60;41,60;41,820767494357;-0,48;28;1772,00000;74106,40;EUR;EUR
XZAG;HT;HRHT00RA0005;2025-07-30;CT;41,90;41,90;41,80;41,80;41,863402061856;-0,24;19;1164,00000;48729,00;EUR;EUR
XZAG;HT;HRHT00RA0005;2025-07-29;CT;42,00;42,00;41,80;41,90;41,968700927909;0,24;27;2802,00000;117596,30;EUR;EUR
XZAG;HT;HRHT00RA0005;2025-07-28;CT;41,90;42,00;41,80;41,80;41,923321901029;-0,24;27;2041,00000;85565,50;EUR;EUR
XZAG;HT;HRHT00RA0005;2025-07-25;CT;42,00;42,20;41,80;41,90;41,978386167147;-0,24;28;2082,00000;87399,00;EUR;EUR
XZAG;HT;HRHT00RA0005;2025-07-24;CT;42,30;42,30;41,90;42,00;41,996777973052;-0,47;30;10242,00000;430131,00;EUR;EUR
XZAG;HT;HRHT00RA0005;2025-07-23;CT;42,20;42,20;41,90;42,20;42,059623015873;1,44;20;1008,00000;42396,10;EUR;EUR
XZAG;HT;HRHT00RA0005;2025-07-22;CT;42,00;42,20;41,60;41,60;41,784603421462;0,48;20;643,00000;26867,50;EUR;EUR
XZAG;HT;HRHT00RA0005;2025-07-21;CT;41,20;41,50;41,10;41,40;41,255807050093;-0,24;44;2695,00000;111184,40;EUR;EUR
XZAG;HT;HRHT00RA0005;2025-07-18;CT;41,30;41,70;41,20;41,50;41,481491228070;-0,48;20;10260,00000;425600,10;EUR;EUR
XZAG;HT;HRHT00RA0005;2025-07-17;CT;41,60;41,70;41,20;41,70;41,466800356506;0,48;34;2244,00000;93051,50;EUR;EUR
XZAG;HT;HRHT00RA0005;2025-07-16;CT;41,80;42,00;41,50;41,50;41,753131021195;-1,19;38;2076,00000;86679,50;EUR;EUR
XZAG;HT;HRHT00RA0005;2025-07-15;CT;41,90;42,00;41,70;42,00;41,824390243902;0,00;33;1476,00000;61732,80;EUR;EUR
XZAG;HT;HRHT00RA0005;2025-07-14;CT;42,00;42,00;41,70;42,00;41,915774155995;-0,24;23;1718,00000;72011,30;EUR;EUR
XZAG;HT;HRHT00RA0005;2025-07-11;CT;42,00;42,10;41,80;42,10;42,006230802984;0,48;30;2279,00000;95732,20;EUR;EUR
XZAG;HT;HRHT00RA0005;2025-07-10;BLOCK;;41,80;41,80;41,80;41,800000000000;;1;10000,00000;418000,00;EUR;EUR
XZAG;HT;HRHT00RA0005;2025-07-10;CT;41,80;42,00;41,80;41,90;41,929768467475;0,00;12;907,00000;38030,30;EUR;EUR
XZAG;HT;HRHT00RA0005;2025-07-09;BLOCK;;41,80;41,80;41,80;41,800000000000;;1;20000,00000;836000,00;EUR;EUR
XZAG;HT;HRHT00RA0005;2025-07-09;CT;41,80;42,00;41,80;41,90;41,927984344423;-0,24;14;1533,00000;64275,60;EUR;EUR
XZAG;HT;HRHT00RA0005;2025-07-08;CT;41,90;42,00;41,60;42,00;41,851851851852;0,48;21;1296,00000;54240,00;EUR;EUR
XZAG;HT;HRHT00RA0005;2025-07-07;CT;42,20;42,20;41,80;41,80;41,823665048544;0,00;16;824,00000;34462,70;EUR;EUR
XZAG;HT;HRHT00RA0005;2025-07-04;CT;42,20;42,20;41,80;41,80;41,865032377428;-0,48;13;1081,00000;45256,10;EUR;EUR
XZAG;HT;HRHT00RA0005;2025-07-03;CT;41,30;42,10;41,30;42,00;41,777777777778;1,69;18;774,00000;32336,00;EUR;EUR
XZAG;HT;HRHT00RA0005;2025-07-02;CT;42,10;42,20;41,30;41,30;41,670945674044;-2,13;50;2485,00000;103552,30;EUR;EUR
XZAG;HT;HRHT00RA0005;2025-07-01;CT;42,20;42,30;42,00;42,20;42,130428467683;0,24;25;2754,00000;116027,20;EUR;EUR
XZAG;HT;HRHT00RA0005;2025-06-30;CT;42,50;42,60;41,50;42,10;42,122461892436;-1,64;42;3477,00000;146459,80;EUR;EUR
XZAG;HT;HRHT00RA0005;2025-06-27;CT;43,40;43,40;42,80;42,80;43,036011080332;-1,61;20;1444,00000;62144,00;EUR;EUR
XZAG;HT;HRHT00RA0005;2025-06-26;BLOCK;;43,40;43,40;43,40;43,400000000000;;1;17450,00000;757330,00;EUR;EUR
XZAG;HT;HRHT00RA0005;2025-06-26;CT;43,20;43,50;43,10;43,50;43,253538892782;0,69;36;2854,00000;123445,60;EUR;EUR
XZAG;HT;HRHT00RA0005;2025-06-25;CT;43,00;43,50;43,00;43,20;43,259463276836;0,47;22;1416,00000;61255,40;EUR;EUR
XZAG;HT;HRHT00RA0005;2025-06-24;CT;43,50;43,70;43,00;43,00;43,411072664360;-1,15;29;1734,00000;75274,80;EUR;EUR
XZAG;HT;HRHT00RA0005;2025-06-23;CT;44,00;44,00;42,70;43,50;43,433757225434;-2,25;47;4325,00000;187851,00;EUR;EUR
XZAG;HT;HRHT00RA0005;2025-06-20;CT;42,20;44,70;41,80;44,50;43,331735442676;5,95;91;10493,00000;454679,90;EUR;EUR
XZAG;HT;HRHT00RA0005;2025-06-18;CT;41,20;42,30;41,20;42,00;41,833810098225;0,72;41;5803,00000;242761,60;EUR;EUR
XZAG;HT;HRHT00RA0005;2025-06-17;CT;41,50;42,00;41,30;41,70;41,835922746781;0,48;28;2330,00000;97477,70;EUR;EUR
XZAG;HT;HRHT00RA0005;2025-06-16;CT;40,60;41,50;40,60;41,50;40,974486972562;2,22;45;8674,00000;355412,70;EUR;EUR
XZAG;HT;HRHT00RA0005;2025-06-13;CT;41,20;41,20;40,50;40,60;40,865137295794;-1,22;23;2877,00000;117569,00;EUR;EUR
XZAG;HT;HRHT00RA0005;2025-06-12;CT;40,60;41,40;40,40;41,10;40,810025575448;1,23;33;3910,00000;159567,20;EUR;EUR
XZAG;HT;HRHT00RA0005;2025-06-11;CT;40,80;41,00;40,50;40,60;40,622543792841;-0,73;29;1313,00000;53337,40;EUR;EUR
XZAG;HT;HRHT00RA0005;2025-06-10;CT;41,00;41,10;40,80;40,90;40,910265011741;-0,24;36;2981,00000;121953,50;EUR;EUR
XZAG;HT;HRHT00RA0005;2025-06-09;CT;40,80;41,10;40,80;41,00;40,923288888889;-0,97;20;1125,00000;46038,70;EUR;EUR
XZAG;HT;HRHT00RA0005;2025-06-06;CT;41,00;41,40;40,40;41,40;40,937482101553;-1,66;64;9079,00000;371671,40;EUR;EUR
XZAG;HT;HRHT00RA0005;2025-06-05;CT;42,10;42,20;41,90;42,10;42,109525412319;0,00;85;5942,00000;250214,80;EUR;EUR
XZAG;HT;HRHT00RA0005;2025-06-04;BLOCK;;42,00;42,00;42,00;42,000000000000;;1;17000,00000;714000,00;EUR;EUR
XZAG;HT;HRHT00RA0005;2025-06-04;CT;42,00;42,20;41,80;42,10;42,057197205506;0,24;55;14457,00000;608020,90;EUR;EUR
XZAG;HT;HRHT00RA0005;2025-06-03;CT;41,60;42,00;41,60;42,00;41,827615457116;0,00;17;1061,00000;44379,10;EUR;EUR
XZAG;HT;HRHT00RA0005;2025-06-02;CT;41,60;42,20;41,50;42,00;41,817986067131;0,00;37;4737,00000;198091,80;EUR;EUR
XZAG;HT;HRHT00RA0005;2025-05-29;BLOCK;;41,80;41,80;41,80;41,800000000000;;1;10000,00000;418000,00;EUR;EUR
XZAG;HT;HRHT00RA0005;2025-05-29;CT;41,80;42,00;41,40;42,00;41,710250102501;0,48;39;2439,00000;101731,30;EUR;EUR
XZAG;HT;HRHT00RA0005;2025-05-28;CT;42,70;42,70;41,80;41,80;42,023849140322;-2,79;62;3606,00000;151538,00;EUR;EUR
XZAG;HT;HRHT00RA0005;2025-05-27;CT;43,10;43,20;42,60;43,00;42,962202380952;0,00;40;2688,00000;115482,40;EUR;EUR
XZAG;HT;HRHT00RA0005;2025-05-26;CT;43,20;43,30;42,50;43,00;42,877761413844;-0,92;43;2037,00000;87342,00;EUR;EUR
XZAG;HT;HRHT00RA0005;2025-05-23;CT;43,90;44,00;43,40;43,40;43,763562231760;-1,14;31;2330,00000;101969,10;EUR;EUR
XZAG;HT;HRHT00RA0005;2025-05-22;CT;44,00;44,10;43,90;43,90;44,061161856047;-0,45;27;2737,00000;120595,40;EUR;EUR
XZAG;HT;HRHT00RA0005;2025-05-21;CT;44,10;44,30;43,90;44,10;44,063283867879;0,00;42;2089,00000;92048,20;EUR;EUR
XZAG;HT;HRHT00RA0005;2025-05-20;CT;43,80;44,10;43,80;44,10;43,805405405405;0,92;18;1258,00000;55107,20;EUR;EUR
XZAG;HT;HRHT00RA0005;2025-05-19;CT;44,20;44,20;43,60;43,70;43,856844899507;-0,91;24;2637,00000;115650,50;EUR;EUR
XZAG;HT;HRHT00RA0005;2025-05-16;CT;44,10;44,20;43,80;44,10;43,946059431525;0,00;23;1548,00000;68028,50;EUR;EUR
XZAG;HT;HRHT00RA0005;2025-05-15;CT;43,40;44,10;43,40;44,10;43,767558528428;1,38;33;1794,00000;78519,00;EUR;EUR
XZAG;HT;HRHT00RA0005;2025-05-14;CT;43,60;44,00;43,50;43,50;43,770438536696;-0,46;42;4401,00000;192633,70;EUR;EUR
XZAG;HT;HRHT00RA0005;2025-05-13;CT;43,50;43,80;43,50;43,70;43,659386812264;0,46;29;2381,00000;103953,00;EUR;EUR
XZAG;HT;HRHT00RA0005;2025-05-12;CT;43,40;43,70;43,40;43,50;43,510528917449;0,46;28;2023,00000;88021,80;EUR;EUR
XZAG;HT;HRHT00RA0005;2025-05-09;BLOCK;;43,40;43,40;43,40;43,400000000000;;1;7550,00000;327670,00;EUR;EUR
XZAG;HT;HRHT00RA0005;2025-05-09;CT;43,30;43,50;43,20;43,30;43,358456628953;0,23;27;3447,00000;149456,60;EUR;EUR
XZAG;HT;HRHT00RA0005;2025-05-08;CT;42,60;43,40;42,60;43,20;42,947915370255;1,41;36;3214,00000;138034,60;EUR;EUR
XZAG;HT;HRHT00RA0005;2025-05-07;CT;41,40;42,60;41,40;42,60;42,155593029792;2,65;54;7116,00000;299979,20;EUR;EUR
XZAG;HT;HRHT00RA0005;2025-05-06;CT;41,60;41,90;41,10;41,50;41,558220701454;0,00;47;5845,00000;242907,80;EUR;EUR
XZAG;HT;HRHT00RA0005;2025-05-05;CT;40,80;41,60;40,80;41,50;41,199754558205;1,97;34;2852,00000;117501,70;EUR;EUR
XZAG;HT;HRHT00RA0005;2025-05-02;CT;40,70;40,80;40,60;40,70;40,711049210771;0,49;19;2154,00000;87691,60;EUR;EUR
XZAG;HT;HRHT00RA0005;2025-04-30;CT;40,50;40,80;40,30;40,50;40,554289732771;0,00;41;2133,00000;86502,30;EUR;EUR
XZAG;HT;HRHT00RA0005;2025-04-29;CT;39,60;40,50;39,60;40,50;40,270370370370;2,79;34;3807,00000;153309,30;EUR;EUR
XZAG;HT;HRHT00RA0005;2025-04-28;CT;40,20;40,20;39,10;39,40;39,545573754019;-1,99;93;19904,00000;787115,10;EUR;EUR
XZAG;HT;HRHT00RA0005;2025-04-25;CT;40,80;40,90;39,90;40,20;40,226438224651;-0,25;76;13541,00000;544706,20;EUR;EUR
XZAG;HT;HRHT00RA0005;2025-04-24;BLOCK;;40,40;40,40;40,40;40,400000000000;;1;10000,00000;404000,00;EUR;EUR
XZAG;HT;HRHT00RA0005;2025-04-24;CT;40,80;40,80;40,10;40,30;40,363565191207;-0,74;88;13284,00000;536189,60;EUR;EUR
XZAG;HT;HRHT00RA0005;2025-04-23;CT;40,50;40,90;40,50;40,60;40,589110512129;0,25;47;3710,00000;150585,60;EUR;EUR
XZAG;HT;HRHT00RA0005;2025-04-22;CT;40,80;41,40;40,50;40,50;40,715781552354;-0,25;52;4651,00000;189369,10;EUR;EUR
XZAG;HT;HRHT00RA0005;2025-04-17;CT;41,60;41,60;40,60;40,60;41,161804180418;-2,40;45;4545,00000;187080,40;EUR;EUR
XZAG;HT;HRHT00RA0005;2025-04-16;CT;42,50;42,90;41,60;41,60;41,988069448869;-2,12;50;6278,00000;263601,10;EUR;EUR
XZAG;HT;HRHT00RA0005;2025-04-15;CT;42,50;43,00;42,50;42,50;42,620760233918;0,00;33;2052,00000;87457,80;EUR;EUR
XZAG;HT;HRHT00RA0005;2025-04-14;CT;42,50;42,90;42,50;42,50;42,581529581530;0,00;18;1386,00000;59018,00;EUR;EUR
XZAG;HT;HRHT00RA0005;2025-04-11;CT;42,60;43,00;42,40;42,50;42,580964559737;-0,23;17;5474,00000;233088,20;EUR;EUR
XZAG;HT;HRHT00RA0005;2025-04-10;CT;43,00;43,20;42,30;42,60;42,877276073620;1,19;43;4075,00000;174724,90;EUR;EUR
XZAG;HT;HRHT00RA0005;2025-04-09;CT;42,50;42,50;42,10;42,10;42,272737989979;-1,41;33;3393,00000;143431,40;EUR;EUR
XZAG;HT;HRHT00RA0005;2025-04-08;CT;42,00;43,00;41,90;42,70;42,827398915569;0,71;91;32275,00000;1382254,30;EUR;EUR
XZAG;HT;HRHT00RA0005;2025-04-07;CT;42,90;42,90;40,00;42,40;41,724479616945;-1,85;136;15037,00000;627411,00;EUR;EUR
XZAG;HT;HRHT00RA0005;2025-04-04;BLOCK;;43,20;43,20;43,20;43,200000000000;;1;200000,00000;8640000,00;EUR;EUR
XZAG;HT;HRHT00RA0005;2025-04-04;CT;43,40;43,40;42,80;43,20;43,060438882524;-0,46;61;11347,00000;488606,80;EUR;EUR
XZAG;HT;HRHT00RA0005;2025-04-03;CT;43,40;44,00;43,20;43,40;43,599152920196;-0,46;26;2243,00000;97792,90;EUR;EUR
XZAG;HT;HRHT00RA0005;2025-04-02;CT;43,80;44,00;43,60;43,60;43,787622744919;0,46;46;4379,00000;191746,00;EUR;EUR
XZAG;HT;HRHT00RA0005;2025-04-01;CT;43,50;43,70;43,10;43,40;43,316949152542;-0,23;19;1239,00000;53669,70;EUR;EUR
XZAG;HT;HRHT00RA0005;2025-03-31;CT;43,70;43,70;43,00;43,50;43,373314518658;0,23;30;3189,00000;138317,50;EUR;EUR
XZAG;HT;HRHT00RA0005;2025-03-28;CT;43,90;43,90;43,30;43,40;43,412339222615;-0,69;28;7075,00000;307142,30;EUR;EUR
XZAG;HT;HRHT00RA0005;2025-03-27;CT;43,60;44,00;43,60;43,70;43,708108108108;-0,46;31;2960,00000;129376,00;EUR;EUR
XZAG;HT;HRHT00RA0005;2025-03-26;CT;44,00;44,00;43,90;43,90;43,961775852734;-0,68;32;3694,00000;162394,80;EUR;EUR
XZAG;HT;HRHT00RA0005;2025-03-25;CT;44,00;44,20;43,90;44,20;44,027710843373;0,45;28;2988,00000;131554,80;EUR;EUR
XZAG;HT;HRHT00RA0005;2025-03-24;CT;44,00;44,40;44,00;44,00;44,158402203857;0,23;20;1452,00000;64118,00;EUR;EUR
XZAG;HT;HRHT00RA0005;2025-03-21;CT;43,80;44,00;43,80;43,90;43,885775862069;0,00;27;4408,00000;193448,50;EUR;EUR
XZAG;HT;HRHT00RA0005;2025-03-20;CT;44,00;44,40;43,80;43,90;43,956547451422;-0,23;48;3551,00000;156089,70;EUR;EUR
XZAG;HT;HRHT00RA0005;2025-03-19;CT;43,40;44,00;43,30;44,00;43,777202072539;1,15;46;3667,00000;160531,00;EUR;EUR
XZAG;HT;HRHT00RA0005;2025-03-18;BLOCK;;42,50;42,50;42,50;42,500000000000;;1;10000,00000;425000,00;EUR;EUR
XZAG;HT;HRHT00RA0005;2025-03-18;CT;42,50;43,50;42,30;43,50;42,884994305239;2,59;38;3512,00000;150612,10;EUR;EUR
XZAG;HT;HRHT00RA0005;2025-03-17;BLOCK;;42,60;42,60;42,60;42,600000000000;;1;7200,00000;306720,00;EUR;EUR
XZAG;HT;HRHT00RA0005;2025-03-17;CT;42,40;42,70;42,30;42,40;42,440654699050;-0,24;22;1894,00000;80382,60;EUR;EUR
XZAG;HT;HRHT00RA0005;2025-03-14;CT;42,50;42,70;42,20;42,50;42,382930153322;-0,23;28;2935,00000;124393,90;EUR;EUR
XZAG;HT;HRHT00RA0005;2025-03-13;CT;42,70;42,70;42,40;42,60;42,574866119243;-0,23;37;2801,00000;119252,20;EUR;EUR
XZAG;HT;HRHT00RA0005;2025-03-12;CT;42,50;42,80;42,10;42,70;42,342337426103;0,95;40;4398,00000;186221,60;EUR;EUR
XZAG;HT;HRHT00RA0005;2025-03-11;CT;41,80;42,50;41,70;42,30;41,946182115149;-0,24;27;2449,00000;102726,20;EUR;EUR
XZAG;HT;HRHT00RA0005;2025-03-10;CT;42,20;42,50;41,70;42,40;41,984151090343;0,24;32;2568,00000;107815,30;EUR;EUR
XZAG;HT;HRHT00RA0005;2025-03-07;CT;41,80;42,40;41,60;42,30;41,889400921659;0,71;33;2170,00000;90900,00;EUR;EUR
XZAG;HT;HRHT00RA0005;2025-03-06;CT;42,40;42,40;42,00;42,00;42,209045226131;-0,24;27;2985,00000;125994,00;EUR;EUR
XZAG;HT;HRHT00RA0005;2025-03-05;CT;42,00;42,40;41,70;42,10;42,084786053883;1,20;30;1893,00000;79666,50;EUR;EUR
XZAG;HT;HRHT00RA0005;2025-03-04;CT;42,30;43,00;41,00;41,60;41,869051710670;-1,42;65;6401,00000;268003,80;EUR;EUR
XZAG;HT;HRHT00RA0005;2025-03-03;CT;42,40;42,80;42,10;42,20;42,465093525180;0,48;38;3475,00000;147566,20;EUR;EUR
XZAG;HT;HRHT00RA0005;2025-02-28;CT;42,00;42,60;42,00;42,00;42,089778230946;-0,47;37;3923,00000;165118,20;EUR;EUR
XZAG;HT;HRHT00RA0005;2025-02-27;CT;42,00;42,60;42,00;42,20;42,184968332160;0,00;24;7105,00000;299724,20;EUR;EUR
XZAG;HT;HRHT00RA0005;2025-02-26;CT;43,50;43,50;42,20;42,20;42,992434947441;-3,65;47;5803,00000;249485,10;EUR;EUR
XZAG;HT;HRHT00RA0005;2025-02-25;CT;44,00;44,60;43,70;43,80;44,102552048355;-0,45;29;1489,00000;65668,70;EUR;EUR
XZAG;HT;HRHT00RA0005;2025-02-24;CT;45,50;45,50;44,00;44,00;44,705135710484;-3,30;30;3758,00000;168001,90;EUR;EUR
XZAG;HT;HRHT00RA0005;2025-02-21;CT;45,00;45,50;44,60;45,50;45,254634581105;0,66;20;2244,00000;101551,40;EUR;EUR
XZAG;HT;HRHT00RA0005;2025-02-20;CT;44,70;45,20;44,30;45,20;44,856558139535;0,44;40;4300,00000;192883,20;EUR;EUR
XZAG;HT;HRHT00RA0005;2025-02-19;CT;44,20;45,60;44,20;45,00;44,832285165627;1,81;52;4166,00000;186771,30;EUR;EUR
XZAG;HT;HRHT00RA0005;2025-02-18;CT;44,00;44,80;44,00;44,20;44,265147810625;0,45;42;4499,00000;199148,90;EUR;EUR
XZAG;HT;HRHT00RA0005;2025-02-17;CT;43,60;44,50;43,10;44,00;43,885292380390;1,15;45;8465,00000;371489,00;EUR;EUR
XZAG;HT;HRHT00RA0005;2025-02-14;CT;43,50;43,90;43,50;43,50;43,736233108108;-0,68;27;2368,00000;103567,40;EUR;EUR
XZAG;HT;HRHT00RA0005;2025-02-13;CT;43,50;43,80;43,20;43,80;43,441872169099;1,86;40;3974,00000;172638,00;EUR;EUR
XZAG;HT;HRHT00RA0005;2025-02-12;CT;42,90;43,60;42,70;43,00;43,182903494176;0,94;45;4808,00000;207623,40;EUR;EUR
XZAG;HT;HRHT00RA0005;2025-02-11;CT;42,30;42,80;42,30;42,60;42,532407407407;0,47;21;1404,00000;59715,50;EUR;EUR
XZAG;HT;HRHT00RA0005;2025-02-10;CT;42,20;42,90;42,20;42,40;42,658615717376;0,47;28;2774,00000;118335,00;EUR;EUR
XZAG;HT;HRHT00RA0005;2025-02-07;CT;42,50;42,70;42,20;42,20;42,422846025570;0,00;27;1799,00000;76318,70;EUR;EUR
XZAG;HT;HRHT00RA0005;2025-02-06;CT;42,30;42,70;42,20;42,20;42,376103714085;-0,24;24;1427,00000;60470,70;EUR;EUR
XZAG;HT;HRHT00RA0005;2025-02-05;CT;42,00;42,70;42,00;42,30;42,267545304778;0,48;11;607,00000;25656,40;EUR;EUR
XZAG;HT;HRHT00RA0005;2025-02-04;CT;42,10;42,20;42,00;42,10;42,094148936170;-0,24;29;1692,00000;71223,30;EUR;EUR
XZAG;HT;HRHT00RA0005;2025-02-03;CT;42,90;42,90;42,20;42,20;42,635261635551;-1,63;42;3803,00000;162141,90;EUR;EUR
XZAG;HT;HRHT00RA0005;2025-01-31;CT;43,10;43,10;42,80;42,90;42,872420989863;-0,46;31;3354,00000;143794,10;EUR;EUR
XZAG;HT;HRHT00RA0005;2025-01-30;CT;43,00;43,40;42,90;43,10;43,026261230131;0,23;38;2894,00000;124518,00;EUR;EUR
XZAG;HT;HRHT00RA0005;2025-01-29;BLOCK;;42,80;42,80;42,80;42,800000000000;;1;19576,00000;837852,80;EUR;EUR
XZAG;HT;HRHT00RA0005;2025-01-29;CT;42,80;43,20;42,60;43,00;42,863660714286;0,47;35;3360,00000;144021,90;EUR;EUR
XZAG;HT;HRHT00RA0005;2025-01-28;BLOCK;;42,80;42,80;42,80;42,800000000000;;2;295000,00000;12626000,00;EUR;EUR
XZAG;HT;HRHT00RA0005;2025-01-28;CT;42,30;43,60;42,30;42,80;43,157669487404;0,94;49;10281,00000;443704,00;EUR;EUR
XZAG;HT;HRHT00RA0005;2025-01-27;CT;42,10;42,90;42,10;42,40;42,553918154114;0,95;35;4594,00000;195492,70;EUR;EUR
XZAG;HT;HRHT00RA0005;2025-01-24;CT;41,10;42,00;41,10;42,00;41,644430758402;2,94;46;5683,00000;236665,30;EUR;EUR
XZAG;HT;HRHT00RA0005;2025-01-23;CT;41,00;41,50;40,50;40,80;40,778319783198;0,99;40;2583,00000;105330,40;EUR;EUR
XZAG;HT;HRHT00RA0005;2025-01-22;CT;40,10;40,90;40,10;40,40;40,349930264993;1,00;21;1434,00000;57861,80;EUR;EUR
XZAG;HT;HRHT00RA0005;2025-01-21;CT;40,00;40,40;39,90;40,00;39,980496780129;0,25;19;1087,00000;43458,80;EUR;EUR
XZAG;HT;HRHT00RA0005;2025-01-20;CT;39,90;40,20;39,90;39,90;39,903205495135;0,00;29;1747,00000;69710,90;EUR;EUR
XZAG;HT;HRHT00RA0005;2025-01-17;CT;39,90;40,40;39,90;39,90;40,081187161640;-0,50;40;10344,00000;414599,80;EUR;EUR
XZAG;HT;HRHT00RA0005;2025-01-16;CT;40,00;40,10;39,80;40,10;39,917636912462;0,50;33;2319,00000;92569,00;EUR;EUR
XZAG;HT;HRHT00RA0005;2025-01-15;CT;40,00;40,10;39,90;39,90;39,922454308094;-0,50;31;2298,00000;91741,80;EUR;EUR
XZAG;HT;HRHT00RA0005;2025-01-14;CT;40,10;40,10;39,90;40,10;39,947944612722;0,25;26;2311,00000;92319,70;EUR;EUR
XZAG;HT;HRHT00RA0005;2025-01-13;CT;39,90;40,00;39,90;40,00;39,931185897436;0,25;27;3120,00000;124585,30;EUR;EUR
XZAG;HT;HRHT00RA0005;2025-01-10;CT;39,80;40,10;39,80;39,90;39,916344725111;-0,25;30;1346,00000;53727,40;EUR;EUR
XZAG;HT;HRHT00RA0005;2025-01-09;CT;39,80;40,00;39,60;40,00;39,842061700527;0,00;40;2658,00000;105900,20;EUR;EUR
XZAG;HT;HRHT00RA0005;2025-01-08;CT;40,10;40,10;39,40;40,00;39,595252352438;-0,25;37;2338,00000;92573,70;EUR;EUR
XZAG;HT;HRHT00RA0005;2025-01-07;CT;40,00;40,10;39,70;40,10;39,822299651568;0,75;37;2870,00000;114290,00;EUR;EUR
XZAG;HT;HRHT00RA0005;2025-01-03;CT;40,00;40,00;39,80;39,80;39,867688679245;-1,00;12;424,00000;16903,90;EUR;EUR
XZAG;HT;HRHT00RA0005;2025-01-02;CT;39,70;40,20;39,70;40,20;40,008992180712;0,00;20;2302,00000;92100,70;EUR;EUR
XZAG;HT;HRHT00RA0005;2024-12-30;CT;39,90;40,20;39,40;40,20;39,971012658228;0,00;29;2370,00000;94731,30;EUR;EUR
XZAG;HT;HRHT00RA0005;2024-12-27;CT;40,00;40,20;39,70;40,20;39,838939453898;0,25;29;2527,00000;100673,00;EUR;EUR
XZAG;HT;HRHT00RA0005;2024-12-23;CT;40,10;40,10;39,80;40,10;39,947461538462;0,25;32;1300,00000;51931,70;EUR;EUR
XZAG;HT;HRHT00RA0005;2024-12-20;CT;39,90;40,00;39,80;40,00;39,901879455606;0,25;28;1543,00000;61568,60;EUR;EUR
XZAG;HT;HRHT00RA0005;2024-12-19;CT;40,00;40,20;39,90;39,90;40,043703175169;-0,25;29;2803,00000;112242,50;EUR;EUR
XZAG;HT;HRHT00RA0005;2024-12-18;CT;40,00;40,30;40,00;40,00;40,071362126246;-0,25;30;1505,00000;60307,40;EUR;EUR
XZAG;HT;HRHT00RA0005;2024-12-17;CT;39,90;40,10;39,90;40,10;39,930164403145;0,50;25;1399,00000;55862,30;EUR;EUR
XZAG;HT;HRHT00RA0005;2024-12-16;CT;40,00;40,20;39,90;39,90;39,946905537459;-0,25;20;614,00000;24527,40;EUR;EUR
XZAG;HT;HRHT00RA0005;2024-12-13;CT;40,00;40,10;39,90;40,00;39,979460093897;-1,23;19;852,00000;34062,50;EUR;EUR
XZAG;HT;HRHT00RA0005;2024-12-12;CT;40,10;40,50;40,00;40,50;40,184264184397;1,00;35;2256,00000;90655,70;EUR;EUR
XZAG;HT;HRHT00RA0005;2024-12-11;CT;40,20;40,50;40,10;40,10;40,284340044743;-0,25;24;1341,00000;54021,30;EUR;EUR
XZAG;HT;HRHT00RA0005;2024-12-10;CT;40,40;40,50;40,10;40,20;40,208957415565;0,50;29;2043,00000;82146,90;EUR;EUR
XZAG;HT;HRHT00RA0005;2024-12-09;CT;40,40;40,40;40,00;40,00;40,216613213598;-0,99;26;1559,00000;62697,70;EUR;EUR
XZAG;HT;HRHT00RA0005;2024-12-06;CT;40,50;40,50;40,00;40,40;40,220644391408;-0,25;18;838,00000;33704,90;EUR;EUR
XZAG;HT;HRHT00RA0005;2024-12-05;CT;40,00;40,50;39,80;40,50;39,981312000000;1,50;31;3125,00000;124941,60;EUR;EUR
XZAG;HT;HRHT00RA0005;2024-12-04;CT;40,30;40,30;39,90;39,90;40,052311248074;-0,99;28;1298,00000;51987,90;EUR;EUR
XZAG;HT;HRHT00RA0005;2024-12-03;BLOCK;;40,90;40,50;40,90;40,827130574169;;2;183413,00000;7488226,50;EUR;EUR
XZAG;HT;HRHT00RA0005;2024-12-03;CT;40,50;40,80;40,30;40,30;40,519904803116;0,50;26;2311,00000;93641,50;EUR;EUR
XZAG;HT;HRHT00RA0005;2024-12-02;CT;40,00;40,20;39,60;40,10;39,991161517403;1,78;34;2557,00000;102257,40;EUR;EUR
XZAG;HT;HRHT00RA0005;2024-11-29;CT;38,70;39,80;37,60;39,40;38,695698040828;-1,50;70;7299,00000;282439,90;EUR;EUR
XZAG;HT;HRHT00RA0005;2024-11-28;CT;43,00;43,00;40,00;40,00;40,921497718927;-6,10;68;8987,00000;367761,50;EUR;EUR
XZAG;HT;HRHT00RA0005;2024-11-27;CT;41,20;43,60;41,20;42,60;42,861190773067;4,16;82;9624,00000;412496,10;EUR;EUR
XZAG;HT;HRHT00RA0005;2024-11-26;CT;39,00;40,90;39,00;40,90;39,588451288126;4,87;55;3377,00000;133690,20;EUR;EUR
XZAG;HT;HRHT00RA0005;2024-11-25;CT;38,80;39,10;38,80;39,00;38,916542597188;0,78;46;3627,00000;141150,30;EUR;EUR
XZAG;HT;HRHT00RA0005;2024-11-22;CT;38,40;38,70;38,40;38,70;38,500085070183;0,78;18;2351,00000;90513,70;EUR;EUR
XZAG;HT;HRHT00RA0005;2024-11-21;CT;38,20;38,40;38,00;38,40;38,215087719298;1,05;25;1425,00000;54456,50;EUR;EUR
XZAG;HT;HRHT00RA0005;2024-11-20;CT;38,20;38,30;38,00;38,00;38,140163325909;-0,52;23;1347,00000;51374,80;EUR;EUR
XZAG;HT;HRHT00RA0005;2024-11-19;CT;37,80;38,20;37,80;38,20;37,882494866530;1,06;34;1948,00000;73795,10;EUR;EUR
XZAG;HT;HRHT00RA0005;2024-11-15;CT;37,50;38,20;37,40;37,80;37,938378378378;0,00;25;1480,00000;56148,80;EUR;EUR
XZAG;HT;HRHT00RA0005;2024-11-14;CT;36,90;37,80;36,90;37,80;37,297399219766;2,72;37;1538,00000;57363,40;EUR;EUR
XZAG;HT;HRHT00RA0005;2024-11-13;CT;36,30;36,80;36,30;36,80;36,501540522438;1,38;24;2986,00000;108993,60;EUR;EUR
XZAG;HT;HRHT00RA0005;2024-11-12;CT;36,20;36,40;36,20;36,30;36,294693619709;0,55;18;1583,00000;57454,50;EUR;EUR
XZAG;HT;HRHT00RA0005;2024-11-11;CT;36,10;36,40;36,10;36,10;36,132289628180;-0,55;18;1022,00000;36927,20;EUR;EUR
XZAG;HT;HRHT00RA0005;2024-11-08;CT;36,00;36,30;36,00;36,30;36,101289833080;0,00;18;3954,00000;142744,50;EUR;EUR
XZAG;HT;HRHT00RA0005;2024-11-07;CT;36,00;36,30;36,00;36,30;36,134654586636;1,11;23;1766,00000;63813,80;EUR;EUR
XZAG;HT;HRHT00RA0005;2024-11-06;CT;35,70;35,90;35,70;35,90;35,844695652174;-0,28;13;1150,00000;41221,40;EUR;EUR
XZAG;HT;HRHT00RA0005;2024-11-05;CT;35,80;36,10;35,80;36,00;35,941462548811;0,00;18;2817,00000;101247,10;EUR;EUR
XZAG;HT;HRHT00RA0005;2024-11-04;CT;36,00;36,30;35,90;36,00;36,065847162467;-0,28;31;4881,00000;176037,40;EUR;EUR
XZAG;HT;HRHT00RA0005;2024-10-31;BLOCK;;36,00;36,00;36,00;36,000000000000;;1;178766,00000;6435576,00;EUR;EUR
XZAG;HT;HRHT00RA0005;2024-10-31;CT;35,30;36,40;35,20;36,10;35,824973401683;2,27;48;10339,00000;370394,40;EUR;EUR
XZAG;HT;HRHT00RA0005;2024-10-30;CT;34,80;35,40;34,80;35,30;35,143153526971;1,44;21;2410,00000;84695,00;EUR;EUR
XZAG;HT;HRHT00RA0005;2024-10-29;CT;34,80;35,00;34,80;34,80;34,909448082320;0,00;15;1069,00000;37318,20;EUR;EUR
XZAG;HT;HRHT00RA0005;2024-10-28;CT;34,70;35,00;34,70;34,80;34,726068633353;0,00;22;1661,00000;57680,00;EUR;EUR
XZAG;HT;HRHT00RA0005;2024-10-25;CT;34,90;34,90;34,70;34,80;34,802990033223;-0,57;30;2107,00000;73329,90;EUR;EUR
XZAG;HT;HRHT00RA0005;2024-10-24;CT;34,70;35,10;34,70;35,00;34,928173540439;0,86;21;1867,00000;65210,90;EUR;EUR
XZAG;HT;HRHT00RA0005;2024-10-23;CT;34,70;35,00;34,70;34,70;34,731232091691;-0,29;15;698,00000;24242,40;EUR;EUR
XZAG;HT;HRHT00RA0005;2024-10-22;CT;34,80;35,00;34,70;34,80;34,750893550894;0,29;22;1287,00000;44724,40;EUR;EUR
XZAG;HT;HRHT00RA0005;2024-10-21;CT;35,00;35,10;34,70;34,70;34,784706087868;-1,42;29;11449,00000;398250,10;EUR;EUR
XZAG;HT;HRHT00RA0005;2024-10-18;CT;35,30;35,40;35,00;35,20;35,102795031056;-0,56;30;2576,00000;90424,80;EUR;EUR
XZAG;HT;HRHT00RA0005;2024-10-17;BLOCK;;35,20;35,20;35,20;35,200000000000;;1;10000,00000;352000,00;EUR;EUR
XZAG;HT;HRHT00RA0005;2024-10-17;CT;35,30;35,40;35,20;35,40;35,360277856535;0,28;16;3527,00000;124715,70;EUR;EUR
XZAG;HT;HRHT00RA0005;2024-10-16;CT;34,50;35,50;34,50;35,30;35,057566590612;2,32;30;78014,00000;2734981,00;EUR;EUR
XZAG;HT;HRHT00RA0005;2024-10-15;CT;33,50;34,80;33,50;34,50;34,196689873811;1,77;39;96522,00000;3300732,90;EUR;EUR
XZAG;HT;HRHT00RA0005;2024-10-14;CT;33,30;33,90;33,20;33,90;33,402698890352;1,80;37;63804,00000;2131225,80;EUR;EUR
XZAG;HT;HRHT00RA0005;2024-10-11;CT;33,40;33,40;33,20;33,30;33,297772828508;0,30;12;1347,00000;44852,10;EUR;EUR
XZAG;HT;HRHT00RA0005;2024-10-10;CT;33,10;33,30;33,10;33,20;33,156695319962;0,30;20;5235,00000;173575,30;EUR;EUR
XZAG;HT;HRHT00RA0005;2024-10-09;CT;33,10;33,10;32,90;33,10;33,040283400810;0,00;20;988,00000;32643,80;EUR;EUR
XZAG;HT;HRHT00RA0005;2024-10-08;CT;32,80;33,10;32,80;33,10;33,015822072072;0,91;19;1776,00000;58636,10;EUR;EUR
XZAG;HT;HRHT00RA0005;2024-10-07;CT;33,20;33,30;32,80;32,80;32,995489891135;-1,20;35;3858,00000;127296,60;EUR;EUR
XZAG;HT;HRHT00RA0005;2024-10-04;CT;33,30;33,30;33,20;33,20;33,271273712737;-0,30;18;2214,00000;73662,60;EUR;EUR
XZAG;HT;HRHT00RA0005;2024-10-03;CT;33,20;33,30;33,20;33,30;33,205501618123;0,00;16;2163,00000;71823,50;EUR;EUR
XZAG;HT;HRHT00RA0005;2024-10-02;CT;33,30;33,30;33,20;33,30;33,239179548157;0,30;28;3364,00000;111816,60;EUR;EUR
XZAG;HT;HRHT00RA0005;2024-10-01;CT;33,20;33,30;33,10;33,20;33,169144090146;0,30;24;4171,00000;138348,50;EUR;EUR
XZAG;HT;HRHT00RA0005;2024-09-30;CT;33,10;33,10;33,00;33,10;33,099539170507;0,00;21;2387,00000;79008,60;EUR;EUR
XZAG;HT;HRHT00RA0005;2024-09-27;CT;33,00;33,20;33,00;33,10;33,099403578529;0,00;15;1006,00000;33298,00;EUR;EUR
XZAG;HT;HRHT00RA0005;2024-09-26;CT;33,00;33,30;32,80;33,10;33,054444335072;0,91;48;10159,00000;335800,10;EUR;EUR
XZAG;HT;HRHT00RA0005;2024-09-25;CT;32,70;32,90;32,60;32,80;32,786370209689;0,31;24;2766,00000;90687,10;EUR;EUR
XZAG;HT;HRHT00RA0005;2024-09-24;CT;32,40;32,70;32,30;32,70;32,633134105342;0,93;24;2677,00000;87358,90;EUR;EUR
XZAG;HT;HRHT00RA0005;2024-09-23;CT;32,20;32,40;32,20;32,40;32,366806429071;0,62;13;1431,00000;46316,90;EUR;EUR
XZAG;HT;HRHT00RA0005;2024-09-20;CT;32,40;32,40;32,20;32,20;32,308624326225;-0,62;29;4267,00000;137860,90;EUR;EUR
XZAG;HT;HRHT00RA0005;2024-09-19;CT;32,30;32,40;32,20;32,40;32,262909567497;0,31;13;763,00000;24616,60;EUR;EUR
XZAG;HT;HRHT00RA0005;2024-09-18;CT;32,10;32,30;32,10;32,30;32,258436213992;0,31;19;1701,00000;54871,60;EUR;EUR
XZAG;HT;HRHT00RA0005;2024-09-17;CT;32,10;32,20;32,10;32,20;32,163539192399;0,31;16;842,00000;27081,70;EUR;EUR
XZAG;HT;HRHT00RA0005;2024-09-16;CT;32,20;32,20;32,10;32,10;32,163029259897;-0,31;23;2905,00000;93433,60;EUR;EUR
XZAG;HT;HRHT00RA0005;2024-09-13;CT;32,10;32,20;32,00;32,20;32,157716049383;0,00;21;1296,00000;41676,40;EUR;EUR
XZAG;HT;HRHT00RA0005;2024-09-12;CT;32,00;32,20;32,00;32,20;32,126925446704;0,63;19;1623,00000;52142,00;EUR;EUR
XZAG;HT;HRHT00RA0005;2024-09-11;CT;32,00;32,00;31,80;32,00;31,960858794385;-0,62;15;1211,00000;38704,60;EUR;EUR
XZAG;HT;HRHT00RA0005;2024-09-10;CT;31,70;32,20;31,60;32,20;32,056144067797;1,58;36;11800,00000;378262,50;EUR;EUR
XZAG;HT;HRHT00RA0005;2024-09-09;CT;31,70;31,80;31,60;31,70;31,642934782609;0,00;15;736,00000;23289,20;EUR;EUR
XZAG;HT;HRHT00RA0005;2024-09-06;CT;31,70;31,80;31,70;31,70;31,716286644951;-0,31;16;614,00000;19473,80;EUR;EUR
XZAG;HT;HRHT00RA0005;2024-09-05;CT;31,60;31,80;31,60;31,80;31,675928473177;0,63;17;727,00000;23028,40;EUR;EUR
XZAG;HT;HRHT00RA0005;2024-09-04;CT;31,60;31,60;31,50;31,60;31,535265700483;0,00;19;621,00000;19583,40;EUR;EUR
XZAG;HT;HRHT00RA0005;2024-09-03;CT;31,60;31,80;31,50;31,60;31,574162679426;0,00;13;627,00000;19797,00;EUR;EUR
XZAG;HT;HRHT00RA0005;2024-09-02;CT;31,70;31,90;31,50;31,60;31,707063655031;0,00;21;2435,00000;77206,70;EUR;EUR
XZAG;HT;HRHT00RA0005;2024-08-30;CT;31,60;31,70;31,60;31,60;31,647124824684;0,00;16;713,00000;22564,40;EUR;EUR
XZAG;HT;HRHT00RA0005;2024-08-29;CT;31,60;31,70;31,60;31,60;31,604716981132;0,00;7;424,00000;13400,40;EUR;EUR
XZAG;HT;HRHT00RA0005;2024-08-28;CT;31,60;32,00;31,50;31,60;31,621346595256;0,00;24;1307,00000;41329,10;EUR;EUR
XZAG;HT;HRHT00RA0005;2024-08-27;CT;31,70;31,70;31,60;31,60;31,647933884298;-0,32;14;847,00000;26805,80;EUR;EUR
XZAG;HT;HRHT00RA0005;2024-08-26;CT;31,70;31,70;31,60;31,70;31,687964841109;-0,94;16;1479,00000;46866,50;EUR;EUR
XZAG;HT;HRHT00RA0005;2024-08-23;CT;31,70;32,00;31,70;32,00;31,878923598043;0,31;21;5314,00000;169404,60;EUR;EUR
XZAG;HT;HRHT00RA0005;2024-08-22;CT;31,70;31,90;31,70;31,90;31,882640648758;0,63;21;3946,00000;125808,90;EUR;EUR
XZAG;HT;HRHT00RA0005;2024-08-21;CT;31,70;31,80;31,70;31,70;31,701133144476;0,00;13;706,00000;22381,00;EUR;EUR
XZAG;HT;HRHT00RA0005;2024-08-20;CT;31,70;31,70;31,70;31,70;31,700000000000;0,00;14;744,00000;23584,80;EUR;EUR
XZAG;HT;HRHT00RA0005;2024-08-19;CT;31,40;31,90;31,40;31,70;31,644534240749;0,96;30;2351,00000;74396,30;EUR;EUR
XZAG;HT;HRHT00RA0005;2024-08-16;CT;31,40;31,60;31,40;31,40;31,404569190601;0,00;17;766,00000;24055,90;EUR;EUR
XZAG;HT;HRHT00RA0005;2024-08-14;CT;31,40;31,40;31,40;31,40;31,400000000000;0,00;8;351,00000;11021,40;EUR;EUR
XZAG;HT;HRHT00RA0005;2024-08-13;CT;31,50;31,60;31,30;31,40;31,424734982332;0,32;18;849,00000;26679,60;EUR;EUR
XZAG;HT;HRHT00RA0005;2024-08-12;CT;31,40;31,40;31,30;31,30;31,358227114716;-0,32;23;1726,00000;54124,30;EUR;EUR
XZAG;HT;HRHT00RA0005;2024-08-09;CT;31,50;31,60;31,30;31,40;31,396590909091;-0,32;16;1056,00000;33154,80;EUR;EUR
XZAG;HT;HRHT00RA0005;2024-08-08;BLOCK;;31,40;31,40;31,40;31,400000000000;;1;8800,00000;276320,00;EUR;EUR
XZAG;HT;HRHT00RA0005;2024-08-08;CT;31,60;31,70;31,30;31,50;31,494487632509;0,32;20;1415,00000;44564,70;EUR;EUR
XZAG;HT;HRHT00RA0005;2024-08-07;CT;31,50;31,60;31,40;31,40;31,429135466304;-0,95;25;1469,00000;46169,40;EUR;EUR
XZAG;HT;HRHT00RA0005;2024-08-06;CT;30,90;31,70;30,90;31,70;31,209388497386;0,63;31;4399,00000;137290,10;EUR;EUR
XZAG;HT;HRHT00RA0005;2024-08-02;CT;31,20;31,50;31,10;31,50;31,241237113402;0,64;25;1164,00000;36364,80;EUR;EUR
XZAG;HT;HRHT00RA0005;2024-08-01;CT;31,50;31,80;31,30;31,30;31,373366013072;-1,88;19;2448,00000;76802,00;EUR;EUR
XZAG;HT;HRHT00RA0005;2024-07-31;CT;31,40;31,90;31,40;31,90;31,799445676275;1,27;14;3608,00000;114732,40;EUR;EUR
XZAG;HT;HRHT00RA0005;2024-07-30;CT;31,50;31,80;31,30;31,50;31,386809120210;-0,32;18;8377,00000;262927,30;EUR;EUR
XZAG;HT;HRHT00RA0005;2024-07-29;CT;31,00;31,60;31,00;31,60;31,245179874536;2,60;30;7811,00000;244056,10;EUR;EUR
XZAG;HT;HRHT00RA0005;2024-07-26;CT;30,60;31,00;30,60;30,80;30,848023426061;0,98;9;1366,00000;42138,40;EUR;EUR
XZAG;HT;HRHT00RA0005;2024-07-25;CT;30,20;30,80;30,10;30,50;30,521008056187;0,99;30;4841,00000;147752,20;EUR;EUR
XZAG;HT;HRHT00RA0005;2024-07-24;CT;30,30;30,40;30,20;30,20;30,274404761905;-0,33;14;1344,00000;40688,80;EUR;EUR
XZAG;HT;HRHT00RA0005;2024-07-23;CT;30,50;30,70;30,30;30,30;30,406719367589;-0,33;13;759,00000;23078,70;EUR;EUR
XZAG;HT;HRHT00RA0005;2024-07-22;CT;30,40;30,40;30,40;30,40;30,400000000000;0,00;7;118,00000;3587,20;EUR;EUR
XZAG;HT;HRHT00RA0005;2024-07-19;CT;30,40;30,80;30,40;30,40;30,533850493653;0,33;14;709,00000;21648,50;EUR;EUR
XZAG;HT;HRHT00RA0005;2024-07-18;CT;30,10;30,40;30,10;30,30;30,232729211087;0,66;16;938,00000;28358,30;EUR;EUR
XZAG;HT;HRHT00RA0005;2024-07-17;CT;30,00;30,20;30,00;30,10;30,070321811681;0,33;12;839,00000;25229,00;EUR;EUR
XZAG;HT;HRHT00RA0005;2024-07-16;CT;30,00;30,10;30,00;30,00;30,080971659919;-0,33;10;2223,00000;66870,00;EUR;EUR
XZAG;HT;HRHT00RA0005;2024-07-15;CT;30,00;30,10;29,90;30,10;29,999388928828;-0,33;30;2782,00000;83458,30;EUR;EUR
XZAG;HT;HRHT00RA0005;2024-07-12;CT;30,00;30,20;30,00;30,20;30,069026548673;0,67;8;565,00000;16989,00;EUR;EUR
XZAG;HT;HRHT00RA0005;2024-07-11;CT;30,00;30,20;30,00;30,00;30,045464247599;0,00;21;937,00000;28152,60;EUR;EUR
XZAG;HT;HRHT00RA0005;2024-07-10;CT;30,20;30,20;30,00;30,00;30,010256410256;0,00;8;390,00000;11704,00;EUR;EUR
XZAG;HT;HRHT00RA0005;2024-07-09;CT;29,90;30,00;29,90;30,00;29,916867469880;0,33;3;249,00000;7449,30;EUR;EUR
XZAG;HT;HRHT00RA0005;2024-07-08;CT;30,00;30,20;29,90;29,90;29,997320852163;-0,33;23;12392,00000;371726,80;EUR;EUR
XZAG;HT;HRHT00RA0005;2024-07-05;CT;30,10;30,10;30,00;30,00;30,014701492537;-0,66;15;4020,00000;120659,10;EUR;EUR
XZAG;HT;HRHT00RA0005;2024-07-04;CT;30,00;30,20;30,00;30,20;30,075438596491;0,67;11;456,00000;13714,40;EUR;EUR
XZAG;HT;HRHT00RA0005;2024-07-03;CT;30,10;30,20;30,00;30,00;30,085459492140;0,00;24;3308,00000;99522,70;EUR;EUR
XZAG;HT;HRHT00RA0005;2024-07-02;CT;30,20;30,50;30,00;30,00;30,230417495030;-0,33;13;503,00000;15205,90;EUR;EUR
XZAG;HT;HRHT00RA0005;2024-07-01;CT;29,90;30,40;29,90;30,10;30,134080566324;-0,66;10;5933,00000;178785,50;EUR;EUR
XZAG;HT;HRHT00RA0005;2024-06-28;CT;30,10;30,30;29,80;30,30;30,234717527764;0,66;16;2071,00000;62616,10;EUR;EUR
XZAG;HT;HRHT00RA0005;2024-06-27;CT;30,10;30,10;29,80;30,10;29,882248722317;0,67;15;2935,00000;87704,40;EUR;EUR
XZAG;HT;HRHT00RA0005;2024-06-26;CT;29,90;30,20;29,80;29,90;29,935553997195;0,00;27;1426,00000;42688,10;EUR;EUR
XZAG;HT;HRHT00RA0005;2024-06-25;CT;29,90;30,20;29,90;29,90;29,959034138218;0,00;15;1201,00000;35980,80;EUR;EUR
XZAG;HT;HRHT00RA0005;2024-06-24;CT;30,10;30,20;29,80;29,90;29,935317460317;0,34;9;1764,00000;52805,90;EUR;EUR
XZAG;HT;HRHT00RA0005;2024-06-21;CT;30,00;30,00;29,80;29,80;29,952136752137;-0,67;8;351,00000;10513,20;EUR;EUR
XZAG;HT;HRHT00RA0005;2024-06-20;CT;29,70;30,00;29,60;30,00;29,909698358152;1,01;26;5238,00000;156667,00;EUR;EUR
XZAG;HT;HRHT00RA0005;2024-06-19;CT;29,60;29,70;29,60;29,70;29,656877637131;-1,00;12;1185,00000;35143,40;EUR;EUR
XZAG;HT;HRHT00RA0005;2024-06-18;CT;29,60;30,00;29,60;30,00;29,804042081949;1,35;16;1806,00000;53826,10;EUR;EUR
XZAG;HT;HRHT00RA0005;2024-06-17;CT;29,90;30,00;29,60;29,60;29,704838064774;-1,00;14;2501,00000;74291,80;EUR;EUR
XZAG;HT;HRHT00RA0005;2024-06-14;CT;29,80;29,90;29,50;29,90;29,724947662247;0,34;24;2866,00000;85191,70;EUR;EUR
XZAG;HT;HRHT00RA0005;2024-06-13;CT;29,60;29,80;29,50;29,80;29,641195304162;0,34;20;1874,00000;55547,60;EUR;EUR
XZAG;HT;HRHT00RA0005;2024-06-12;CT;29,80;30,00;29,60;29,70;29,760232018561;-0,34;32;2155,00000;64133,30;EUR;EUR
XZAG;HT;HRHT00RA0005;2024-06-11;CT;29,70;30,00;29,70;29,80;29,758676893576;0,34;20;1043,00000;31038,30;EUR;EUR
XZAG;HT;HRHT00RA0005;2024-06-10;CT;29,80;30,00;29,70;29,70;29,767847157502;-1,00;27;2146,00000;63881,80;EUR;EUR
XZAG;HT;HRHT00RA0005;2024-06-07;CT;29,80;30,00;29,70;30,00;29,756294117647;0,67;19;1700,00000;50585,70;EUR;EUR
XZAG;HT;HRHT00RA0005;2024-06-06;CT;30,00;30,00;29,80;29,80;29,850893158072;-0,67;28;2967,00000;88567,60;EUR;EUR
XZAG;HT;HRHT00RA0005;2024-06-05;CT;29,90;30,20;29,90;30,00;29,967886855241;-1,32;8;601,00000;18010,70;EUR;EUR
XZAG;HT;HRHT00RA0005;2024-06-04;CT;30,20;30,50;29,90;30,40;30,139304123711;1,33;27;776,00000;23388,10;EUR;EUR
XZAG;HT;HRHT00RA0005;2024-06-03;CT;30,00;30,00;29,80;30,00;29,927797833935;0,00;21;831,00000;24870,00;EUR;EUR
XZAG;HT;HRHT00RA0005;2024-05-31;CT;30,20;30,40;29,90;30,00;30,125794469666;-0,66;32;7269,00000;218984,40;EUR;EUR
XZAG;HT;HRHT00RA0005;2024-05-29;CT;30,40;30,70;30,00;30,20;30,304138244657;-1,95;19;2199,00000;66638,80;EUR;EUR
XZAG;HT;HRHT00RA0005;2024-05-28;CT;30,80;31,00;30,40;30,80;30,532886723508;0,65;28;1642,00000;50135,00;EUR;EUR
XZAG;HT;HRHT00RA0005;2024-05-27;CT;30,90;31,00;30,60;30,60;30,688656560376;-0,97;26;1913,00000;58707,40;EUR;EUR
XZAG;HT;HRHT00RA0005;2024-05-24;CT;30,90;31,10;30,70;30,90;30,845048701299;-0,64;26;1232,00000;38001,10;EUR;EUR
XZAG;HT;HRHT00RA0005;2024-05-23;CT;30,90;31,10;30,90;31,10;31,047387830363;0,32;20;1627,00000;50514,10;EUR;EUR
XZAG;HT;HRHT00RA0005;2024-05-22;BLOCK;;30,70;30,70;30,70;30,700000000000;;1;14269,00000;438058,30;EUR;EUR
XZAG;HT;HRHT00RA0005;2024-05-22;CT;31,00;31,00;30,70;31,00;30,792883895131;0,00;14;801,00000;24665,10;EUR;EUR
XZAG;HT;HRHT00RA0005;2024-05-21;CT;31,00;31,00;30,70;31,00;30,902464788732;-0,32;28;1988,00000;61434,10;EUR;EUR
XZAG;HT;HRHT00RA0005;2024-05-20;CT;30,90;31,10;30,80;31,10;30,961804542613;1,97;37;9598,00000;297171,40;EUR;EUR
XZAG;HT;HRHT00RA0005;2024-05-17;CT;30,50;30,80;30,50;30,50;30,536887452881;0,00;21;1857,00000;56707,00;EUR;EUR
XZAG;HT;HRHT00RA0005;2024-05-16;CT;30,60;30,70;30,50;30,50;30,624242424242;-1,61;9;1023,00000;31328,60;EUR;EUR
XZAG;HT;HRHT00RA0005;2024-05-15;CT;30,00;31,10;30,00;31,00;30,726463250816;2,65;33;5211,00000;160115,60;EUR;EUR
XZAG;HT;HRHT00RA0005;2024-05-14;CT;29,50;30,20;29,40;30,20;29,932225656878;1,34;28;5176,00000;154929,20;EUR;EUR
XZAG;HT;HRHT00RA0005;2024-05-13;CT;29,50;29,80;29,40;29,80;29,564817518248;0,34;22;1370,00000;40503,80;EUR;EUR
XZAG;HT;HRHT00RA0005;2024-05-10;CT;29,60;29,80;29,20;29,70;29,649835146719;-3,57;44;6066,00000;179855,90;EUR;EUR
XZAG;HT;HRHT00RA0005;2024-05-09;CT;30,70;30,90;30,70;30,80;30,786835992536;0,65;70;26261,00000;808493,10;EUR;EUR
XZAG;HT;HRHT00RA0005;2024-05-08;CT;30,70;30,70;30,50;30,60;30,605845307788;-0,33;32;11274,00000;345050,30;EUR;EUR
XZAG;HT;HRHT00RA0005;2024-05-07;CT;30,70;30,70;30,60;30,70;30,651846153846;0,00;27;1950,00000;59771,10;EUR;EUR
XZAG;HT;HRHT00RA0005;2024-05-06;CT;30,60;30,80;30,60;30,70;30,660846121941;0,00;34;2411,00000;73923,30;EUR;EUR
XZAG;HT;HRHT00RA0005;2024-05-03;CT;30,60;30,70;30,50;30,70;30,574592592593;0,33;41;2700,00000;82551,40;EUR;EUR
XZAG;HT;HRHT00RA0005;2024-05-02;CT;30,60;30,60;30,50;30,60;30,556543837357;0,00;38;3148,00000;96192,00;EUR;EUR
XZAG;HT;HRHT00RA0005;2024-04-30;CT;30,50;30,60;30,50;30,60;30,501547116737;0,33;15;1422,00000;43373,20;EUR;EUR
XZAG;HT;HRHT00RA0005;2024-04-29;CT;30,60;30,60;30,50;30,50;30,501983002833;-0,33;25;1059,00000;32301,60;EUR;EUR
XZAG;HT;HRHT00RA0005;2024-04-26;CT;30,50;30,60;30,50;30,60;30,509284818068;0,00;18;797,00000;24315,90;EUR;EUR
XZAG;HT;HRHT00RA0005;2024-04-25;CT;30,60;30,60;30,50;30,60;30,564024624856;0,33;42;7797,00000;238307,70;EUR;EUR
XZAG;HT;HRHT00RA0005;2024-04-24;CT;30,60;30,60;30,50;30,50;30,562068965517;-0,33;22;1102,00000;33679,40;EUR;EUR
XZAG;HT;HRHT00RA0005;2024-04-23;CT;30,60;30,70;30,50;30,60;30,588830453293;0,00;33;3993,00000;122141,20;EUR;EUR
XZAG;HT;HRHT00RA0005;2024-04-22;CT;30,50;30,60;30,40;30,60;30,538071605814;0,33;21;2821,00000;86147,90;EUR;EUR
XZAG;HT;HRHT00RA0005;2024-04-19;CT;30,40;30,60;30,40;30,50;30,439376443418;0,00;28;1732,00000;52721,00;EUR;EUR
XZAG;HT;HRHT00RA0005;2024-04-18;CT;30,60;30,60;30,40;30,50;30,457059961315;0,00;23;517,00000;15746,30;EUR;EUR
XZAG;HT;HRHT00RA0005;2024-04-16;CT;30,50;30,60;30,40;30,50;30,539666064982;0,00;34;2216,00000;67675,90;EUR;EUR
XZAG;HT;HRHT00RA0005;2024-04-15;CT;30,50;30,50;30,30;30,50;30,423866790009;0,00;34;1081,00000;32888,20;EUR;EUR
XZAG;HT;HRHT00RA0005;2024-04-12;CT;30,30;30,50;30,20;30,50;30,350970873786;0,66;28;1236,00000;37513,80;EUR;EUR
XZAG;HT;HRHT00RA0005;2024-04-11;CT;30,40;30,50;30,30;30,30;30,351820448878;-0,33;29;2005,00000;60855,40;EUR;EUR
XZAG;HT;HRHT00RA0005;2024-04-10;CT;30,40;30,50;30,40;30,40;30,403666666667;-0,33;23;1500,00000;45605,50;EUR;EUR
XZAG;HT;HRHT00RA0005;2024-04-09;CT;30,50;30,50;30,40;30,50;30,452505292872;0,00;34;1417,00000;43151,20;EUR;EUR
XZAG;HT;HRHT00RA0005;2024-04-08;CT;30,60;30,60;30,40;30,50;30,416187050360;0,33;15;834,00000;25367,10;EUR;EUR
XZAG;HT;HRHT00RA0005;2024-04-05;CT;30,40;30,60;30,40;30,40;30,403996003996;0,00;17;1001,00000;30434,40;EUR;EUR
XZAG;HT;HRHT00RA0005;2024-04-04;CT;30,50;30,50;30,40;30,40;30,438938775510;0,00;22;1225,00000;37287,70;EUR;EUR
XZAG;HT;HRHT00RA0005;2024-04-03;CT;30,40;30,60;30,40;30,40;30,431612223393;0,00;18;949,00000;28879,60;EUR;EUR
XZAG;HT;HRHT00RA0005;2024-04-02;CT;30,70;30,70;30,40;30,40;30,476181102362;0,00;13;508,00000;15481,90;EUR;EUR
XZAG;HT;HRHT00RA0005;2024-03-28;CT;30,40;30,40;30,30;30,40;30,380869089915;0,00;21;3659,00000;111163,60;EUR;EUR
XZAG;HT;HRHT00RA0005;2024-03-27;CT;30,50;30,70;30,30;30,40;30,506780660377;-0,65;22;3392,00000;103479,00;EUR;EUR
XZAG;HT;HRHT00RA0005;2024-03-26;CT;30,70;30,70;30,50;30,60;30,580549682875;0,00;16;1892,00000;57858,40;EUR;EUR
XZAG;HT;HRHT00RA0005;2024-03-25;CT;30,80;30,80;30,60;30,60;30,678232998885;-0,97;29;3588,00000;110073,50;EUR;EUR
XZAG;HT;HRHT00RA0005;2024-03-22;CT;30,80;30,90;30,60;30,90;30,813650693569;0,00;26;3172,00000;97740,90;EUR;EUR
XZAG;HT;HRHT00RA0005;2024-03-21;CT;30,20;30,90;30,20;30,90;30,553693094629;2,66;41;19550,00000;597324,70;EUR;EUR
XZAG;HT;HRHT00RA0005;2024-03-20;CT;30,00;30,40;30,00;30,10;30,062648173921;1,35;79;20837,00000;626415,40;EUR;EUR
XZAG;HT;HRHT00RA0005;2024-03-19;CT;29,50;29,70;29,50;29,70;29,591666666667;0,68;22;1116,00000;33024,30;EUR;EUR
XZAG;HT;HRHT00RA0005;2024-03-18;CT;29,50;29,70;29,50;29,50;29,583156028369;-1,01;23;1692,00000;50054,70;EUR;EUR
XZAG;HT;HRHT00RA0005;2024-03-15;CT;29,50;29,90;29,30;29,80;29,637179243490;1,02;32;5261,00000;155921,20;EUR;EUR
XZAG;HT;HRHT00RA0005;2024-03-14;CT;29,70;29,80;29,50;29,50;29,666641566265;-0,34;16;1328,00000;39397,30;EUR;EUR
XZAG;HT;HRHT00RA0005;2024-03-13;CT;28,90;29,60;28,90;29,60;29,130238413723;2,42;43;12709,00000;370216,20;EUR;EUR
XZAG;HT;HRHT00RA0005;2024-03-12;CT;28,80;29,10;28,80;28,90;28,899180556849;0,00;55;10739,00000;310348,30;EUR;EUR
XZAG;HT;HRHT00RA0005;2024-03-11;CT;28,70;28,90;28,50;28,90;28,721360117951;1,05;30;10852,00000;311684,20;EUR;EUR
XZAG;HT;HRHT00RA0005;2024-03-08;CT;28,60;28,70;28,50;28,60;28,635593815882;0,35;24;2846,00000;81496,90;EUR;EUR
XZAG;HT;HRHT00RA0005;2024-03-07;CT;28,40;28,60;28,40;28,50;28,409501769671;-0,35;18;3673,00000;104348,10;EUR;EUR
XZAG;HT;HRHT00RA0005;2024-03-06;CT;28,40;28,60;28,40;28,60;28,447113767981;-0,35;27;5353,00000;152277,40;EUR;EUR
XZAG;HT;HRHT00RA0005;2024-03-05;CT;28,60;28,70;28,40;28,70;28,524490062762;0,70;26;7648,00000;218155,30;EUR;EUR
XZAG;HT;HRHT00RA0005;2024-03-04;CT;28,10;28,50;28,10;28,50;28,458312092892;1,42;32;17655,00000;502431,50;EUR;EUR
XZAG;HT;HRHT00RA0005;2024-03-01;CT;27,70;28,40;27,70;28,10;28,044150241431;1,08;88;25266,00000;708563,50;EUR;EUR
XZAG;HT;HRHT00RA0005;2024-02-29;CT;27,70;27,80;27,60;27,80;27,735253054101;0,36;26;1719,00000;47676,90;EUR;EUR
XZAG;HT;HRHT00RA0005;2024-02-28;CT;27,70;27,70;27,60;27,70;27,619542109567;0,00;21;1223,00000;33778,70;EUR;EUR
XZAG;HT;HRHT00RA0005;2024-02-27;CT;27,60;27,70;27,60;27,70;27,609436834094;0,00;23;1314,00000;36278,80;EUR;EUR
XZAG;HT;HRHT00RA0005;2024-02-26;CT;27,60;27,70;27,60;27,70;27,608977035491;0,00;21;1916,00000;52898,80;EUR;EUR
XZAG;HT;HRHT00RA0005;2024-02-23;CT;27,70;27,70;27,60;27,70;27,679992576095;0,00;29;2694,00000;74569,90;EUR;EUR
XZAG;HT;HRHT00RA0005;2024-02-22;CT;27,60;27,70;27,40;27,70;27,456444662096;0,00;40;10210,00000;280330,30;EUR;EUR
XZAG;HT;HRHT00RA0005;2024-02-21;CT;27,60;27,70;27,50;27,70;27,512333213127;0,36;35;2773,00000;76291,70;EUR;EUR
XZAG;HT;HRHT00RA0005;2024-02-20;CT;27,50;27,60;27,40;27,60;27,489387507580;-0,36;26;1649,00000;45330,00;EUR;EUR
XZAG;HT;HRHT00RA0005;2024-02-19;CT;27,60;27,70;27,40;27,70;27,503911980440;0,00;28;1636,00000;44996,40;EUR;EUR
XZAG;HT;HRHT00RA0005;2024-02-16;CT;27,80;27,80;27,50;27,70;27,604150943396;0,00;19;795,00000;21945,30;EUR;EUR
XZAG;HT;HRHT00RA0005;2024-02-15;CT;27,60;27,70;27,40;27,70;27,505258215962;-0,36;28;1065,00000;29293,10;EUR;EUR
XZAG;HT;HRHT00RA0005;2024-02-14;CT;27,50;27,80;27,50;27,80;27,620920502092;0,36;25;1434,00000;39608,40;EUR;EUR
XZAG;HT;HRHT00RA0005;2024-02-13;CT;27,50;27,70;27,50;27,70;27,560334346505;0,00;24;1316,00000;36269,40;EUR;EUR
XZAG;HT;HRHT00RA0005;2024-02-12;CT;27,60;27,70;27,50;27,70;27,572023233301;0,36;15;1033,00000;28481,90;EUR;EUR
XZAG;HT;HRHT00RA0005;2024-02-09;CT;27,40;27,60;27,40;27,60;27,470196671710;0,00;13;661,00000;18157,80;EUR;EUR
XZAG;HT;HRHT00RA0005;2024-02-08;CT;27,40;27,60;27,40;27,60;27,450586113616;0,36;17;1109,00000;30442,70;EUR;EUR
XZAG;HT;HRHT00RA0005;2024-02-07;CT;27,40;27,50;27,40;27,50;27,456431803491;-0,72;18;1547,00000;42475,10;EUR;EUR
XZAG;HT;HRHT00RA0005;2024-02-06;CT;27,30;27,80;27,30;27,70;27,546000000000;-0,36;7;750,00000;20659,50;EUR;EUR
XZAG;HT;HRHT00RA0005;2024-02-05;CT;27,60;27,90;27,30;27,80;27,612961149200;0,72;31;3063,00000;84578,50;EUR;EUR
XZAG;HT;HRHT00RA0005;2024-02-02;BLOCK;;27,70;27,70;27,70;27,700000000000;;1;11473,00000;317802,10;EUR;EUR
XZAG;HT;HRHT00RA0005;2024-02-02;CT;27,70;27,90;27,60;27,60;27,704485671980;-0,72;34;11481,00000;318075,20;EUR;EUR
XZAG;HT;HRHT00RA0005;2024-02-01;CT;27,70;27,90;27,70;27,80;27,731080031080;-0,36;13;1287,00000;35689,90;EUR;EUR
XZAG;HT;HRHT00RA0005;2024-01-31;CT;27,40;27,90;27,40;27,90;27,673061418070;1,82;29;12651,00000;350091,90;EUR;EUR
XZAG;HT;HRHT00RA0005;2024-01-30;CT;27,40;27,50;27,40;27,40;27,424287652646;0,00;16;737,00000;20211,70;EUR;EUR
XZAG;HT;HRHT00RA0005;2024-01-29;CT;27,40;27,50;27,30;27,40;27,391631915485;-0,36;33;3597,00000;98527,70;EUR;EUR
XZAG;HT;HRHT00RA0005;2024-01-26;CT;27,30;27,60;27,30;27,50;27,445064669843;0,00;29;1469,00000;40316,80;EUR;EUR
XZAG;HT;HRHT00RA0005;2024-01-25;CT;27,50;27,50;27,30;27,50;27,335193133047;0,00;20;699,00000;19107,30;EUR;EUR
XZAG;HT;HRHT00RA0005;2024-01-24;CT;27,50;27,50;27,30;27,50;27,325990338164;0,00;28;2070,00000;56564,80;EUR;EUR
XZAG;HT;HRHT00RA0005;2024-01-23;CT;27,30;27,50;27,30;27,50;27,307771535581;0,00;23;1068,00000;29164,70;EUR;EUR
XZAG;HT;HRHT00RA0005;2024-01-22;CT;27,40;27,50;27,30;27,50;27,384184100418;0,00;24;1195,00000;32724,10;EUR;EUR
XZAG;HT;HRHT00RA0005;2024-01-19;CT;27,30;27,50;27,30;27,50;27,472457711443;0,73;35;10050,00000;276098,20;EUR;EUR
XZAG;HT;HRHT00RA0005;2024-01-18;CT;27,40;27,40;27,20;27,30;27,302612826603;-0,36;22;842,00000;22988,80;EUR;EUR
XZAG;HT;HRHT00RA0005;2024-01-17;CT;27,40;27,40;27,20;27,40;27,377000000000;-0,36;11;600,00000;16426,20;EUR;EUR
XZAG;HT;HRHT00RA0005;2024-01-16;CT;27,30;27,50;27,30;27,50;27,458898847631;0,73;10;781,00000;21445,40;EUR;EUR
XZAG;HT;HRHT00RA0005;2024-01-15;CT;27,40;27,50;27,30;27,30;27,402439024390;-0,36;24;2747,00000;75274,50;EUR;EUR
XZAG;HT;HRHT00RA0005;2024-01-12;CT;27,20;27,50;27,20;27,40;27,297440740391;0,37;16;10589,00000;289052,60;EUR;EUR
XZAG;HT;HRHT00RA0005;2024-01-11;CT;27,30;27,30;27,20;27,30;27,284382073336;0,00;16;2209,00000;60271,20;EUR;EUR
XZAG;HT;HRHT00RA0005;2024-01-10;CT;27,10;27,30;27,10;27,30;27,184150513113;0,74;16;877,00000;23840,50;EUR;EUR
XZAG;HT;HRHT00RA0005;2024-01-09;CT;27,10;27,20;27,00;27,10;27,142454954955;0,37;13;888,00000;24102,50;EUR;EUR
XZAG;HT;HRHT00RA0005;2024-01-08;CT;27,10;27,30;27,00;27,00;27,065158371041;0,00;32;1326,00000;35888,40;EUR;EUR
XZAG;HT;HRHT00RA0005;2024-01-05;CT;27,00;27,30;27,00;27,00;27,226209677419;0,00;9;496,00000;13504,20;EUR;EUR
XZAG;HT;HRHT00RA0005;2024-01-04;CT;27,20;27,30;27,00;27,00;27,258177278402;-0,74;28;6408,00000;174670,40;EUR;EUR
XZAG;HT;HRHT00RA0005;2024-01-03;CT;27,00;27,30;27,00;27,20;27,210385064177;-0,37;14;857,00000;23319,30;EUR;EUR
XZAG;HT;HRHT00RA0005;2024-01-02;CT;27,30;27,30;26,90;27,30;27,041702127660;0,00;18;705,00000;19064,40;EUR;EUR
XZAG;HT;HRHT00RA0005;2023-12-29;CT;27,20;27,30;26,90;27,30;27,256145810180;1,49;13;4499,00000;122625,40;EUR;EUR
XZAG;HT;HRHT00RA0005;2023-12-28;CT;27,20;27,20;26,90;26,90;27,048523206751;-1,47;8;237,00000;6410,50;EUR;EUR
XZAG;HT;HRHT00RA0005;2023-12-27;CT;27,00;27,30;26,90;27,30;26,994707849695;1,11;13;5083,00000;137214,10;EUR;EUR
XZAG;HT;HRHT00RA0005;2023-12-22;CT;26,90;27,00;26,90;27,00;26,953519553073;0,37;13;895,00000;24123,40;EUR;EUR
XZAG;HT;HRHT00RA0005;2023-12-21;CT;26,80;27,00;26,80;26,90;26,982797029703;0,00;19;808,00000;21802,10;EUR;EUR
XZAG;HT;HRHT00RA0005;2023-12-20;CT;26,60;26,90;26,60;26,90;26,824950798163;1,13;19;18292,00000;490682,00;EUR;EUR
XZAG;HT;HRHT00RA0005;2023-12-19;CT;26,50;26,80;26,50;26,60;26,654485981308;-0,37;23;3210,00000;85560,90;EUR;EUR
XZAG;HT;HRHT00RA0005;2023-12-18;CT;26,50;26,70;26,50;26,70;26,663655244029;0,38;11;963,00000;25677,10;EUR;EUR
XZAG;HT;HRHT00RA0005;2023-12-15;CT;26,60;26,70;26,60;26,60;26,626992805755;-0,37;14;3475,00000;92528,80;EUR;EUR
XZAG;HT;HRHT00RA0005;2023-12-14;CT;26,70;26,80;26,70;26,70;26,701591511936;0,00;9;1508,00000;40266,00;EUR;EUR
XZAG;HT;HRHT00RA0005;2023-12-13;CT;26,70;26,80;26,60;26,70;26,692827792305;1,14;16;2677,00000;71456,70;EUR;EUR
XZAG;HT;HRHT00RA0005;2023-12-12;CT;26,40;26,60;26,30;26,40;26,365686746988;0,00;27;2075,00000;54708,80;EUR;EUR
XZAG;HT;HRHT00RA0005;2023-12-11;CT;26,50;26,70;26,40;26,40;26,604766812677;-0,75;29;3881,00000;103253,10;EUR;EUR
XZAG;HT;HRHT00RA0005;2023-12-08;CT;26,50;26,60;26,50;26,60;26,503361344538;0,38;5;238,00000;6307,80;EUR;EUR
XZAG;HT;HRHT00RA0005;2023-12-07;CT;26,50;26,70;26,50;26,50;26,547750865052;0,00;12;867,00000;23016,90;EUR;EUR
XZAG;HT;HRHT00RA0005;2023-12-06;CT;26,40;26,70;26,40;26,50;26,506996381182;-0,38;13;829,00000;21974,30;EUR;EUR
XZAG;HT;HRHT00RA0005;2023-12-05;CT;26,50;26,60;26,40;26,60;26,455844155844;0,38;13;847,00000;22408,10;EUR;EUR
XZAG;HT;HRHT00RA0005;2023-12-04;CT;26,30;26,60;26,30;26,50;26,411057692308;0,76;9;416,00000;10987,00;EUR;EUR
XZAG;HT;HRHT00RA0005;2023-12-01;CT;26,40;26,40;26,30;26,30;26,396981132075;-1,13;18;530,00000;13990,40;EUR;EUR
XZAG;HT;HRHT00RA0005;2023-11-30;CT;26,60;26,70;26,50;26,60;26,679076333569;0,00;23;9917,00000;264576,40;EUR;EUR
XZAG;HT;HRHT00RA0005;2023-11-29;CT;26,50;26,70;26,50;26,60;26,591398009211;0,00;22;6731,00000;178986,70;EUR;EUR
XZAG;HT;HRHT00RA0005;2023-11-28;CT;26,40;26,60;26,40;26,60;26,554503936062;0,00;29;16641,00000;441893,50;EUR;EUR
XZAG;HT;HRHT00RA0005;2023-11-27;CT;26,40;26,60;26,30;26,60;26,546811886901;0,76;28;6932,00000;184022,50;EUR;EUR
XZAG;HT;HRHT00RA0005;2023-11-24;CT;26,30;26,40;26,30;26,40;26,347531992687;0,38;12;547,00000;14412,10;EUR;EUR
XZAG;HT;HRHT00RA0005;2023-11-23;CT;26,30;26,50;26,20;26,30;26,276682464455;0,00;17;1055,00000;27721,90;EUR;EUR
XZAG;HT;HRHT00RA0005;2023-11-22;CT;26,30;26,50;26,20;26,30;26,295776478233;0,00;27;1539,00000;40469,20;EUR;EUR
XZAG;HT;HRHT00RA0005;2023-11-21;CT;26,30;26,40;26,30;26,30;26,303673469388;0,00;19;735,00000;19333,20;EUR;EUR
XZAG;HT;HRHT00RA0005;2023-11-20;CT;26,30;26,40;26,30;26,30;26,301764386536;0,00;15;3684,00000;96895,70;EUR;EUR
XZAG;HT;HRHT00RA0005;2023-11-17;CT;26,30;26,40;26,30;26,30;26,327392739274;0,00;25;1515,00000;39886,00;EUR;EUR
XZAG;HT;HRHT00RA0005;2023-11-16;CT;26,30;26,50;26,30;26,30;26,306809078772;0,00;15;2247,00000;59111,40;EUR;EUR
XZAG;HT;HRHT00RA0005;2023-11-15;CT;26,50;26,60;26,30;26,30;26,360544217687;0,38;23;1470,00000;38750,00;EUR;EUR
XZAG;HT;HRHT00RA0005;2023-11-14;CT;26,30;26,30;26,20;26,20;26,292606284658;0,00;13;541,00000;14224,30;EUR;EUR
XZAG;HT;HRHT00RA0005;2023-11-13;CT;26,30;26,50;26,20;26,20;26,295801526718;-0,38;21;1310,00000;34447,50;EUR;EUR
XZAG;HT;HRHT00RA0005;2023-11-10;CT;26,30;26,70;26,20;26,30;26,270503597122;0,00;23;1529,00000;40167,60;EUR;EUR
XZAG;HT;HRHT00RA0005;2023-11-09;CT;26,20;26,60;26,20;26,30;26,474511892084;-0,38;25;2817,00000;74578,70;EUR;EUR
XZAG;HT;HRHT00RA0005;2023-11-08;CT;26,40;26,50;26,30;26,40;26,395180722892;-0,75;11;747,00000;19717,20;EUR;EUR
XZAG;HT;HRHT00RA0005;2023-11-07;CT;26,30;26,60;26,30;26,60;26,557479919679;1,14;14;3984,00000;105805,00;EUR;EUR
XZAG;HT;HRHT00RA0005;2023-11-06;CT;26,40;26,40;26,20;26,30;26,281641241452;-1,13;25;1901,00000;49961,40;EUR;EUR
XZAG;HT;HRHT00RA0005;2023-11-03;CT;26,30;26,60;26,30;26,60;26,439322033898;0,76;18;1180,00000;31198,40;EUR;EUR
XZAG;HT;HRHT00RA0005;2023-11-02;CT;26,30;26,60;26,30;26,40;26,443438639125;-0,38;20;1646,00000;43525,90;EUR;EUR
XZAG;HT;HRHT00RA0005;2023-10-31;CT;26,30;26,50;26,20;26,50;26,473471235548;0,38;29;14358,00000;380106,10;EUR;EUR
XZAG;HT;HRHT00RA0005;2023-10-30;CT;26,40;26,40;26,20;26,40;26,391668945402;0,38;9;10971,00000;289543,00;EUR;EUR
XZAG;HT;HRHT00RA0005;2023-10-27;CT;26,10;26,40;26,10;26,30;26,229138251705;0,00;17;1613,00000;42307,60;EUR;EUR
XZAG;HT;HRHT00RA0005;2023-10-26;CT;26,30;26,40;26,10;26,30;26,297130503145;0,38;26;2544,00000;66899,90;EUR;EUR
XZAG;HT;HRHT00RA0005;2023-10-25;CT;26,20;26,30;26,20;26,20;26,201088139282;-0,38;15;919,00000;24078,80;EUR;EUR
XZAG;HT;HRHT00RA0005;2023-10-24;CT;26,20;26,30;26,20;26,30;26,214427860697;0,77;9;402,00000;10538,20;EUR;EUR
XZAG;HT;HRHT00RA0005;2023-10-23;CT;26,10;26,10;26,10;26,10;26,100000000000;0,00;16;1624,00000;42386,40;EUR;EUR
XZAG;HT;HRHT00RA0005;2023-10-20;CT;26,10;26,10;26,10;26,10;26,100000000000;-0,38;14;2155,00000;56245,50;EUR;EUR
XZAG;HT;HRHT00RA0005;2023-10-19;CT;26,40;26,40;26,10;26,20;26,148381877023;0,00;8;618,00000;16159,70;EUR;EUR
XZAG;HT;HRHT00RA0005;2023-10-18;CT;26,20;26,20;26,20;26,20;26,200000000000;0,77;6;531,00000;13912,20;EUR;EUR
XZAG;HT;HRHT00RA0005;2023-10-17;CT;26,20;26,40;26,00;26,00;26,143859060403;-1,14;32;2980,00000;77908,70;EUR;EUR
XZAG;HT;HRHT00RA0005;2023-10-16;CT;26,10;26,30;26,10;26,30;26,201746724891;0,77;23;2519,00000;66002,20;EUR;EUR
XZAG;HT;HRHT00RA0005;2023-10-13;CT;26,20;26,20;26,10;26,10;26,167030965392;-0,38;14;1098,00000;28731,40;EUR;EUR
XZAG;HT;HRHT00RA0005;2023-10-12;CT;26,20;26,30;26,20;26,20;26,205865102639;-0,38;9;341,00000;8936,20;EUR;EUR
XZAG;HT;HRHT00RA0005;2023-10-11;CT;26,10;26,30;26,10;26,30;26,174358974359;-0,38;13;507,00000;13270,40;EUR;EUR
XZAG;HT;HRHT00RA0005;2023-10-10;CT;26,20;26,40;26,20;26,40;26,236882129278;0,38;13;1315,00000;34501,50;EUR;EUR
XZAG;HT;HRHT00RA0005;2023-10-09;CT;26,10;26,30;26,00;26,30;26,029433543132;0,38;21;2701,00000;70305,50;EUR;EUR
XZAG;HT;HRHT00RA0005;2023-10-06;CT;26,10;26,20;26,10;26,20;26,123542600897;-0,76;11;446,00000;11651,10;EUR;EUR
XZAG;HT;HRHT00RA0005;2023-10-05;CT;26,20;26,40;26,20;26,40;26,363993602924;0,76;17;4377,00000;115395,20;EUR;EUR
XZAG;HT;HRHT00RA0005;2023-10-04;CT;26,20;26,30;26,10;26,20;26,128928571429;0,00;21;3640,00000;95109,30;EUR;EUR
XZAG;HT;HRHT00RA0005;2023-10-03;CT;26,30;26,30;26,20;26,20;26,265493757094;-0,38;13;881,00000;23139,90;EUR;EUR
XZAG;HT;HRHT00RA0005;2023-10-02;CT;26,20;26,30;26,10;26,30;26,201113360324;0,00;17;988,00000;25886,70;EUR;EUR
XZAG;HT;HRHT00RA0005;2023-09-29;CT;26,10;26,30;26,10;26,30;26,210864745011;-0,38;10;902,00000;23642,20;EUR;EUR
XZAG;HT;HRHT00RA0005;2023-09-28;CT;26,20;26,40;26,10;26,40;26,222349102773;0,38;18;1226,00000;32148,60;EUR;EUR
XZAG;HT;HRHT00RA0005;2023-09-27;CT;26,10;26,30;26,10;26,30;26,194153471376;0,77;11;1642,00000;43010,80;EUR;EUR
XZAG;HT;HRHT00RA0005;2023-09-26;CT;26,10;26,10;26,10;26,10;26,100000000000;0,00;7;468,00000;12214,80;EUR;EUR
XZAG;HT;HRHT00RA0005;2023-09-25;CT;26,30;26,30;26,10;26,10;26,196008708273;-0,38;21;1378,00000;36098,10;EUR;EUR
XZAG;HT;HRHT00RA0005;2023-09-22;CT;26,10;26,30;26,10;26,20;26,182051282051;0,77;9;702,00000;18379,80;EUR;EUR
XZAG;HT;HRHT00RA0005;2023-09-21;CT;26,30;26,30;26,00;26,00;26,151865236652;-1,52;52;8578,00000;224330,70;EUR;EUR
XZAG;HT;HRHT00RA0005;2023-09-20;CT;26,40;26,50;26,30;26,40;26,363362068966;-0,38;10;928,00000;24465,20;EUR;EUR
XZAG;HT;HRHT00RA0005;2023-09-19;CT;26,50;26,50;26,40;26,50;26,410924369748;-0,38;14;1428,00000;37714,80;EUR;EUR
XZAG;HT;HRHT00RA0005;2023-09-18;CT;26,70;26,70;26,50;26,60;26,590633608815;-1,48;13;726,00000;19304,80;EUR;EUR
XZAG;HT;HRHT00RA0005;2023-09-15;CT;26,70;27,00;26,50;27,00;26,921850019033;0,37;25;5254,00000;141447,40;EUR;EUR
XZAG;HT;HRHT00RA0005;2023-09-14;BLOCK;;26,90;26,90;26,90;26,900000000000;;1;268657,00000;7226873,30;EUR;EUR
XZAG;HT;HRHT00RA0005;2023-09-14;CT;26,00;26,90;26,00;26,90;26,752399643554;3,07;78;47132,00000;1260894,10;EUR;EUR
XZAG;HT;HRHT00RA0005;2023-09-13;CT;26,10;26,20;26,10;26,10;26,127855153203;0,38;12;718,00000;18759,80;EUR;EUR
XZAG;HT;HRHT00RA0005;2023-09-12;CT;26,20;26,30;26,00;26,00;26,113444639719;0,00;16;1138,00000;29717,10;EUR;EUR
XZAG;HT;HRHT00RA0005;2023-09-11;CT;26,00;26,20;26,00;26,00;26,001698513800;0,00;11;471,00000;12246,80;EUR;EUR
XZAG;HT;HRHT00RA0005;2023-09-08;CT;26,30;26,30;26,00;26,00;26,008193548387;-0,38;12;1550,00000;40312,70;EUR;EUR
XZAG;HT;HRHT00RA0005;2023-09-07;CT;26,10;26,10;26,00;26,10;26,030387029289;0,00;14;1912,00000;49770,10;EUR;EUR
XZAG;HT;HRHT00RA0005;2023-09-06;CT;26,20;26,20;26,10;26,10;26,136491935484;-0,38;20;992,00000;25927,40;EUR;EUR
XZAG;HT;HRHT00RA0005;2023-09-05;CT;26,20;26,40;26,20;26,20;26,213137755102;0,00;16;784,00000;20551,10;EUR;EUR
XZAG;HT;HRHT00RA0005;2023-09-04;CT;26,30;26,40;26,20;26,20;26,326339622642;-0,38;16;1325,00000;34882,40;EUR;EUR
XZAG;HT;HRHT00RA0005;2023-09-01;CT;26,20;26,30;26,20;26,30;26,286760925450;0,38;9;1556,00000;40902,20;EUR;EUR
XZAG;HT;HRHT00RA0005;2023-08-31;CT;26,20;26,20;26,20;26,20;26,200000000000;-0,38;6;587,00000;15379,40;EUR;EUR
XZAG;HT;HRHT00RA0005;2023-08-30;CT;26,10;26,30;26,10;26,30;26,231023911711;0,38;10;1631,00000;42782,80;EUR;EUR
XZAG;HT;HRHT00RA0005;2023-08-29;CT;26,10;26,20;26,10;26,20;26,146384720327;0,38;9;733,00000;19165,30;EUR;EUR
XZAG;HT;HRHT00RA0005;2023-08-28;CT;26,10;26,10;26,00;26,10;26,074927953890;0,38;9;694,00000;18096,00;EUR;EUR
XZAG;HT;HRHT00RA0005;2023-08-25;CT;26,10;26,20;26,00;26,00;26,121145374449;-0,38;13;1362,00000;35577,00;EUR;EUR
XZAG;HT;HRHT00RA0005;2023-08-24;CT;26,00;26,10;26,00;26,10;26,054228300307;0,38;17;3583,00000;93352,30;EUR;EUR
XZAG;HT;HRHT00RA0005;2023-08-23;CT;26,10;26,10;26,00;26,00;26,041838774151;-0,38;16;1501,00000;39088,80;EUR;EUR
XZAG;HT;HRHT00RA0005;2023-08-22;CT;26,00;26,20;26,00;26,10;26,092893036612;0,38;23;1393,00000;36347,40;EUR;EUR
XZAG;HT;HRHT00RA0005;2023-08-21;CT;26,00;26,10;26,00;26,00;26,084100877193;-0,76;18;912,00000;23788,70;EUR;EUR
XZAG;HT;HRHT00RA0005;2023-08-18;CT;26,00;26,20;26,00;26,20;26,054341317365;0,38;27;2004,00000;52212,90;EUR;EUR
XZAG;HT;HRHT00RA0005;2023-08-17;CT;26,20;26,20;26,00;26,10;26,086320254507;-0,38;12;943,00000;24599,40;EUR;EUR
XZAG;HT;HRHT00RA0005;2023-08-16;CT;26,00;26,20;26,00;26,20;26,070274068869;0,77;15;1423,00000;37098,00;EUR;EUR
XZAG;HT;HRHT00RA0005;2023-08-14;BLOCK;;26,00;26,00;26,00;26,000000000000;;1;104439,00000;2715414,00;EUR;EUR
XZAG;HT;HRHT00RA0005;2023-08-14;CT;26,00;26,10;26,00;26,00;26,000772743238;-0,76;13;2847,00000;74024,20;EUR;EUR
XZAG;HT;HRHT00RA0005;2023-08-11;CT;26,10;26,20;26,10;26,20;26,160903149138;0,77;10;1683,00000;44028,80;EUR;EUR
XZAG;HT;HRHT00RA0005;2023-08-10;CT;26,10;26,20;26,00;26,00;26,140026197605;0,00;17;5344,00000;139692,30;EUR;EUR
XZAG;HT;HRHT00RA0005;2023-08-09;CT;26,10;26,30;26,00;26,00;26,043259883344;0,00;24;3086,00000;80369,50;EUR;EUR
XZAG;HT;HRHT00RA0005;2023-08-08;CT;26,10;26,10;26,00;26,00;26,051593773165;-1,14;27;4047,00000;105430,80;EUR;EUR
XZAG;HT;HRHT00RA0005;2023-08-07;CT;26,30;26,30;26,10;26,30;26,190220048900;0,38;14;1227,00000;32135,40;EUR;EUR
XZAG;HT;HRHT00RA0005;2023-08-04;CT;26,20;26,30;26,10;26,20;26,167910005921;0,38;21;3378,00000;88395,20;EUR;EUR
XZAG;HT;HRHT00RA0005;2023-08-03;CT;26,00;26,20;26,00;26,10;26,155117107943;0,77;24;3928,00000;102737,30;EUR;EUR
XZAG;HT;HRHT00RA0005;2023-08-02;CT;25,90;26,20;25,90;25,90;26,011535523300;-0,38;14;1309,00000;34049,10;EUR;EUR
XZAG;HT;HRHT00RA0005;2023-08-01;CT;26,10;26,20;25,90;26,00;26,023504574243;-0,76;28;2842,00000;73958,80;EUR;EUR
XZAG;HT;HRHT00RA0005;2023-07-31;CT;25,90;26,20;25,90;26,20;26,071191646192;0,77;23;1628,00000;42443,90;EUR;EUR
XZAG;HT;HRHT00RA0005;2023-07-28;CT;25,80;26,20;25,80;26,00;25,945078979344;0,39;26;1646,00000;42705,60;EUR;EUR
XZAG;HT;HRHT00RA0005;2023-07-27;CT;25,60;26,10;25,60;25,90;25,998075672864;0,00;40;7691,00000;199951,20;EUR;EUR
XZAG;HT;HRHT00RA0005;2023-07-26;CT;25,20;25,90;25,20;25,90;25,641228006661;2,78;51;13811,00000;354131,00;EUR;EUR
XZAG;HT;HRHT00RA0005;2023-07-25;CT;25,20;25,40;25,10;25,20;25,185294117647;0,00;22;1904,00000;47952,80;EUR;EUR
XZAG;HT;HRHT00RA0005;2023-07-24;CT;25,30;25,30;25,20;25,20;25,299696969697;-0,79;12;660,00000;16697,80;EUR;EUR
XZAG;HT;HRHT00RA0005;2023-07-21;CT;25,40;25,60;25,30;25,40;25,476845918083;0,00;28;3589,00000;91436,40;EUR;EUR
XZAG;HT;HRHT00RA0005;2023-07-20;CT;25,20;25,40;25,20;25,40;25,320895522388;-0,39;15;1273,00000;32233,50;EUR;EUR
XZAG;HT;HRHT00RA0005;2023-07-19;CT;25,20;25,50;25,20;25,50;25,364240218380;1,19;16;2198,00000;55750,60;EUR;EUR
XZAG;HT;HRHT00RA0005;2023-07-18;CT;25,20;25,20;25,20;25,20;25,200000000000;-0,79;22;1470,00000;37044,00;EUR;EUR
XZAG;HT;HRHT00RA0005;2023-07-17;CT;25,20;25,40;25,20;25,40;25,256763925729;0,79;7;377,00000;9521,80;EUR;EUR
XZAG;HT;HRHT00RA0005;2023-07-14;CT;25,30;25,40;25,10;25,20;25,263068181818;-0,40;19;880,00000;22231,50;EUR;EUR
XZAG;HT;HRHT00RA0005;2023-07-13;CT;25,10;25,30;25,10;25,30;25,183931777379;0,80;12;1114,00000;28054,90;EUR;EUR
XZAG;HT;HRHT00RA0005;2023-07-12;CT;25,20;25,30;25,10;25,10;25,199375487900;-0,40;23;1281,00000;32280,40;EUR;EUR
XZAG;HT;HRHT00RA0005;2023-07-11;CT;25,10;25,30;25,10;25,20;25,201266968326;-0,40;18;1105,00000;27847,40;EUR;EUR
XZAG;HT;HRHT00RA0005;2023-07-10;CT;25,10;25,30;25,10;25,30;25,183273596177;0,00;14;1674,00000;42156,80;EUR;EUR
XZAG;HT;HRHT00RA0005;2023-07-07;CT;25,20;25,40;25,20;25,30;25,336251808973;-0,39;14;1382,00000;35014,70;EUR;EUR
XZAG;HT;HRHT00RA0005;2023-07-06;CT;25,00;25,40;25,00;25,40;25,184100580271;1,20;21;2585,00000;65100,90;EUR;EUR
XZAG;HT;HRHT00RA0005;2023-07-05;CT;25,10;25,10;25,10;25,10;25,100000000000;-1,18;9;808,00000;20280,80;EUR;EUR
XZAG;HT;HRHT00RA0005;2023-07-04;CT;25,20;25,40;25,20;25,40;25,206474606475;0,40;22;3367,00000;84870,20;EUR;EUR
XZAG;HT;HRHT00RA0005;2023-07-03;CT;25,20;25,40;25,20;25,30;25,299078726968;0,40;15;1194,00000;30207,10;EUR;EUR
XZAG;HT;HRHT00RA0005;2023-06-30;CT;25,40;25,40;25,20;25,20;25,333429541596;-1,18;27;5890,00000;149213,90;EUR;EUR
XZAG;HT;HRHT00RA0005;2023-06-29;CT;25,50;25,60;25,50;25,50;25,501695633743;0,00;14;2359,00000;60158,50;EUR;EUR
XZAG;HT;HRHT00RA0005;2023-06-28;CT;25,60;25,60;25,50;25,50;25,500766283525;0,00;19;1044,00000;26622,80;EUR;EUR
XZAG;HT;HRHT00RA0005;2023-06-27;CT;25,50;25,60;25,40;25,50;25,479931442817;0,00;30;3209,00000;81765,10;EUR;EUR
XZAG;HT;HRHT00RA0005;2023-06-26;CT;25,30;25,50;25,30;25,50;25,431235870384;0,39;25;2654,00000;67494,50;EUR;EUR
XZAG;HT;HRHT00RA0005;2023-06-23;CT;25,20;25,60;25,20;25,40;25,348932384342;0,40;12;562,00000;14246,10;EUR;EUR
XZAG;HT;HRHT00RA0005;2023-06-21;CT;25,30;25,60;25,30;25,30;25,450253378378;-0,78;22;2368,00000;60266,20;EUR;EUR
XZAG;HT;HRHT00RA0005;2023-06-20;CT;25,20;25,50;25,20;25,50;25,375931842386;1,19;22;2817,00000;71484,00;EUR;EUR
XZAG;HT;HRHT00RA0005;2023-06-19;CT;25,30;25,40;25,20;25,20;25,286837606838;-0,40;16;1755,00000;44378,40;EUR;EUR
XZAG;HT;HRHT00RA0005;2023-06-16;CT;25,00;25,40;25,00;25,30;25,246615538513;0,40;33;2999,00000;75714,60;EUR;EUR
XZAG;HT;HRHT00RA0005;2023-06-15;CT;25,20;25,20;25,20;25,20;25,200000000000;0,00;13;773,00000;19479,60;EUR;EUR
XZAG;HT;HRHT00RA0005;2023-06-14;CT;25,30;25,50;25,20;25,20;25,265022421525;-1,18;23;1115,00000;28170,50;EUR;EUR
XZAG;HT;HRHT00RA0005;2023-06-13;CT;25,20;25,50;25,10;25,50;25,356970873786;1,59;27;2575,00000;65294,20;EUR;EUR
XZAG;HT;HRHT00RA0005;2023-06-12;CT;24,90;25,40;24,90;25,10;25,185820895522;0,00;30;5494,00000;138370,90;EUR;EUR
XZAG;HT;HRHT00RA0005;2023-06-09;CT;24,80;25,10;24,80;25,10;24,958152958153;1,21;24;1386,00000;34592,00;EUR;EUR
XZAG;HT;HRHT00RA0005;2023-06-07;CT;24,70;25,00;24,70;24,80;24,857528285466;0,40;22;3447,00000;85683,90;EUR;EUR
XZAG;HT;HRHT00RA0005;2023-06-06;CT;24,80;24,80;24,70;24,70;24,702820512821;0,00;22;1950,00000;48170,50;EUR;EUR
XZAG;HT;HRHT00RA0005;2023-06-05;CT;24,80;24,80;24,70;24,70;24,705053763441;-0,40;18;930,00000;22975,70;EUR;EUR
XZAG;HT;HRHT00RA0005;2023-06-02;CT;25,00;25,10;24,80;24,80;24,876021003501;-0,80;22;1714,00000;42637,50;EUR;EUR
XZAG;HT;HRHT00RA0005;2023-06-01;CT;24,80;25,00;24,80;25,00;24,881361297982;0,81;20;2527,00000;62875,20;EUR;EUR
XZAG;HT;HRHT00RA0005;2023-05-31;CT;24,80;25,00;24,80;24,80;24,808393285372;-0,80;15;834,00000;20690,20;EUR;EUR
XZAG;HT;HRHT00RA0005;2023-05-29;CT;24,80;25,00;24,80;25,00;24,989161813117;0,81;17;3949,00000;98682,20;EUR;EUR
XZAG;HT;HRHT00RA0005;2023-05-26;CT;24,50;25,00;24,50;24,80;24,859885823026;0,40;34;15765,00000;391916,10;EUR;EUR
XZAG;HT;HRHT00RA0005;2023-05-25;CT;24,60;24,70;24,50;24,70;24,636812251843;0,00;20;1763,00000;43434,70;EUR;EUR
XZAG;HT;HRHT00RA0005;2023-05-24;CT;24,60;24,70;24,50;24,70;24,654491017964;-0,40;24;4175,00000;102932,50;EUR;EUR
XZAG;HT;HRHT00RA0005;2023-05-23;CT;24,70;24,80;24,60;24,80;24,619175257732;0,81;23;1455,00000;35820,90;EUR;EUR
XZAG;HT;HRHT00RA0005;2023-05-22;CT;24,60;24,80;24,60;24,60;24,647366129734;0,00;27;2297,00000;56615,00;EUR;EUR
XZAG;HT;HRHT00RA0005;2023-05-19;CT;24,80;24,80;24,60;24,60;24,625632377740;-0,81;18;1779,00000;43809,00;EUR;EUR
XZAG;HT;HRHT00RA0005;2023-05-18;CT;24,60;24,80;24,60;24,80;24,710846394984;0,81;20;1595,00000;39413,80;EUR;EUR
XZAG;HT;HRHT00RA0005;2023-05-17;CT;24,90;24,90;24,60;24,60;24,740052046369;-0,40;27;4227,00000;104576,20;EUR;EUR
XZAG;HT;HRHT00RA0005;2023-05-16;CT;24,80;24,90;24,70;24,70;24,753123412900;0,00;26;1969,00000;48738,90;EUR;EUR
XZAG;HT;HRHT00RA0005;2023-05-15;CT;24,70;24,90;24,70;24,70;24,796414017930;-0,80;13;1227,00000;30425,20;EUR;EUR
XZAG;HT;HRHT00RA0005;2023-05-12;CT;24,70;24,90;24,40;24,90;24,761169609590;-3,11;46;6173,00000;152850,70;EUR;EUR
XZAG;HT;HRHT00RA0005;2023-05-11;CT;25,60;25,70;25,50;25,70;25,616770918786;1,18;84;19504,00000;499629,50;EUR;EUR
XZAG;HT;HRHT00RA0005;2023-05-10;CT;25,30;25,50;25,20;25,40;25,352584181676;0,40;48;7662,00000;194251,50;EUR;EUR
XZAG;HT;HRHT00RA0005;2023-05-09;CT;25,50;25,60;25,30;25,30;25,460463531016;-1,56;34;2934,00000;74701,00;EUR;EUR
XZAG;HT;HRHT00RA0005;2023-05-08;CT;25,60;25,70;25,50;25,70;25,617764633898;0,39;23;4903,00000;125603,90;EUR;EUR
XZAG;HT;HRHT00RA0005;2023-05-05;CT;25,60;25,70;25,50;25,60;25,625050641458;0,00;17;1481,00000;37950,70;EUR;EUR
XZAG;HT;HRHT00RA0005;2023-05-04;CT;25,70;25,70;25,50;25,60;25,601151079137;0,00;21;1390,00000;35585,60;EUR;EUR
XZAG;HT;HRHT00RA0005;2023-05-03;CT;25,50;25,70;25,50;25,60;25,635430463576;0,39;14;1812,00000;46451,40;EUR;EUR
XZAG;HT;HRHT00RA0005;2023-05-02;CT;25,40;25,60;25,40;25,50;25,560873129740;0,79;25;4879,00000;124711,50;EUR;EUR
XZAG;HT;HRHT00RA0005;2023-04-28;CT;25,50;25,50;25,30;25,30;25,418207320331;0,00;44;7486,00000;190280,70;EUR;EUR
XZAG;HT;HRHT00RA0005;2023-04-27;CT;25,30;25,50;25,30;25,30;25,374824253076;-0,39;20;2276,00000;57753,10;EUR;EUR
XZAG;HT;HRHT00RA0005;2023-04-26;CT;25,30;25,40;25,20;25,40;25,294895968791;0,40;33;3076,00000;77807,10;EUR;EUR
XZAG;HT;HRHT00RA0005;2023-04-25;CT;25,40;25,40;25,20;25,30;25,242112676056;-0,39;17;710,00000;17921,90;EUR;EUR
XZAG;HT;HRHT00RA0005;2023-04-24;CT;25,20;25,40;25,20;25,40;25,333572828217;0,79;17;1531,00000;38785,70;EUR;EUR
XZAG;HT;HRHT00RA0005;2023-04-21;CT;25,20;25,30;25,20;25,20;25,204219948849;0,00;14;782,00000;19709,70;EUR;EUR
XZAG;HT;HRHT00RA0005;2023-04-20;CT;25,20;25,20;25,20;25,20;25,200000000000;0,00;16;1143,00000;28803,60;EUR;EUR
XZAG;HT;HRHT00RA0005;2023-04-19;CT;25,20;25,30;25,20;25,20;25,205928853755;0,00;18;1012,00000;25508,40;EUR;EUR
XZAG;HT;HRHT00RA0005;2023-04-18;CT;25,20;25,30;25,20;25,20;25,201016138673;0,00;16;1673,00000;42161,30;EUR;EUR
XZAG;HT;HRHT00RA0005;2023-04-17;CT;25,40;25,40;25,20;25,20;25,264330675619;-0,40;20;2383,00000;60204,90;EUR;EUR
XZAG;HT;HRHT00RA0005;2023-04-14;CT;25,20;25,40;25,20;25,30;25,248030821918;0,40;17;1168,00000;29489,70;EUR;EUR
XZAG;HT;HRHT00RA0005;2023-04-13;CT;25,30;25,40;25,20;25,20;25,251739130435;0,00;17;1150,00000;29039,50;EUR;EUR
XZAG;HT;HRHT00RA0005;2023-04-12;CT;25,30;25,30;25,20;25,20;25,258068362480;0,00;24;2516,00000;63549,30;EUR;EUR
XZAG;HT;HRHT00RA0005;2023-04-11;CT;25,20;25,30;25,10;25,20;25,191076624636;0,00;14;1031,00000;25972,00;EUR;EUR
XZAG;HT;HRHT00RA0005;2023-04-06;CT;25,10;25,30;25,10;25,20;25,164145234493;0,40;12;661,00000;16633,50;EUR;EUR
XZAG;HT;HRHT00RA0005;2023-04-05;CT;25,20;25,20;25,10;25,10;25,108114035088;-0,40;23;1824,00000;45797,20;EUR;EUR
XZAG;HT;HRHT00RA0005;2023-04-04;BLOCK;;25,20;25,20;25,20;25,200000000000;;2;58916,00000;1484683,20;EUR;EUR
XZAG;HT;HRHT00RA0005;2023-04-04;CT;25,10;25,20;25,10;25,20;25,156037637219;0,00;14;1913,00000;48123,50;EUR;EUR
XZAG;HT;HRHT00RA0005;2023-04-03;CT;25,00;25,20;25,00;25,20;25,018196856907;0,00;22;2418,00000;60494,00;EUR;EUR
XZAG;HT;HRHT00RA0005;2023-03-31;CT;24,90;25,20;24,90;25,20;25,091670501611;1,20;18;2173,00000;54524,20;EUR;EUR
XZAG;HT;HRHT00RA0005;2023-03-30;CT;25,00;25,00;24,90;24,90;24,938393731636;0,00;19;1021,00000;25462,10;EUR;EUR
XZAG;HT;HRHT00RA0005;2023-03-29;CT;24,90;24,90;24,90;24,90;24,900000000000;0,00;21;1007,00000;25074,30;EUR;EUR
XZAG;HT;HRHT00RA0005;2023-03-28;CT;25,00;25,00;24,90;24,90;24,922740524781;-0,40;15;686,00000;17097,00;EUR;EUR
XZAG;HT;HRHT00RA0005;2023-03-27;CT;25,30;25,40;25,00;25,00;25,237506112469;-1,19;40;4090,00000;103221,40;EUR;EUR
XZAG;HT;HRHT00RA0005;2023-03-24;CT;25,50;25,50;25,30;25,30;25,401767441860;-0,78;28;4300,00000;109227,60;EUR;EUR
XZAG;HT;HRHT00RA0005;2023-03-23;CT;25,50;25,70;25,50;25,50;25,529108327192;0,00;30;1357,00000;34643,00;EUR;EUR
XZAG;HT;HRHT00RA0005;2023-03-22;CT;25,50;25,70;25,50;25,50;25,554349775785;-0,39;18;1115,00000;28493,10;EUR;EUR
XZAG;HT;HRHT00RA0005;2023-03-21;CT;25,50;25,60;25,50;25,60;25,541162867526;0,39;32;3027,00000;77313,10;EUR;EUR
XZAG;HT;HRHT00RA0005;2023-03-20;CT;25,40;25,70;25,40;25,50;25,525519287834;-1,16;33;2022,00000;51612,60;EUR;EUR
XZAG;HT;HRHT00RA0005;2023-03-17;CT;25,60;25,80;25,50;25,80;25,693281733746;1,18;49;3230,00000;82989,30;EUR;EUR
XZAG;HT;HRHT00RA0005;2023-03-16;CT;25,50;25,70;25,50;25,50;25,611856823266;0,00;6;894,00000;22897,00;EUR;EUR
XZAG;HT;HRHT00RA0005;2023-03-15;CT;25,70;25,80;25,40;25,50;25,641160300926;-0,78;52;6912,00000;177231,70;EUR;EUR
XZAG;HT;HRHT00RA0005;2023-03-14;CT;25,60;25,80;25,60;25,70;25,690771678600;0,00;23;1257,00000;32293,30;EUR;EUR
XZAG;HT;HRHT00RA0005;2023-03-13;CT;25,50;25,70;25,50;25,70;25,599159925327;-0,39;33;3214,00000;82275,70;EUR;EUR
XZAG;HT;HRHT00RA0005;2023-03-10;CT;25,80;25,80;25,50;25,80;25,721400424371;0,00;40;6598,00000;169709,80;EUR;EUR
XZAG;HT;HRHT00RA0005;2023-03-09;CT;25,80;25,80;25,70;25,80;25,781550802139;0,00;38;5984,00000;154276,80;EUR;EUR
XZAG;HT;HRHT00RA0005;2023-03-08;CT;25,60;25,80;25,60;25,80;25,648735244519;0,39;28;4151,00000;106467,90;EUR;EUR
XZAG;HT;HRHT00RA0005;2023-03-07;CT;25,60;25,70;25,50;25,70;25,633102081269;0,39;40;7063,00000;181046,60;EUR;EUR
XZAG;HT;HRHT00RA0005;2023-03-06;CT;25,40;25,60;25,40;25,60;25,527286432161;1,19;28;1990,00000;50799,30;EUR;EUR
XZAG;HT;HRHT00RA0005;2023-03-03;CT;25,30;25,40;25,30;25,30;25,383910034602;-0,39;18;4624,00000;117375,20;EUR;EUR
XZAG;HT;HRHT00RA0005;2023-03-02;CT;25,40;25,60;25,40;25,40;25,413284839204;-0,78;22;2612,00000;66379,50;EUR;EUR
XZAG;HT;HRHT00RA0005;2023-03-01;CT;25,20;25,60;25,20;25,60;25,474780560908;1,19;38;4671,00000;118992,70;EUR;EUR
XZAG;HT;HRHT00RA0005;2023-02-28;CT;25,10;25,30;25,10;25,30;25,189904306220;0,80;25;2090,00000;52646,90;EUR;EUR
XZAG;HT;HRHT00RA0005;2023-02-27;CT;25,30;25,40;25,10;25,10;25,255447470817;-1,18;29;3598,00000;90869,10;EUR;EUR
XZAG;HT;HRHT00RA0005;2023-02-24;CT;25,40;25,50;25,30;25,40;25,368497474747;0,79;30;4752,00000;120551,10;EUR;EUR
XZAG;HT;HRHT00RA0005;2023-02-23;CT;25,40;25,40;25,20;25,20;25,303345070423;0,00;13;568,00000;14372,30;EUR;EUR
XZAG;HT;HRHT00RA0005;2023-02-22;CT;25,10;25,40;25,10;25,20;25,253231776765;0,00;34;7024,00000;177378,70;EUR;EUR
XZAG;HT;HRHT00RA0005;2023-02-21;CT;25,10;25,20;25,10;25,20;25,172103386809;0,40;9;1122,00000;28243,10;EUR;EUR
XZAG;HT;HRHT00RA0005;2023-02-20;CT;25,10;25,30;24,90;25,10;24,997970479705;0,00;18;1084,00000;27097,80;EUR;EUR
XZAG;HT;HRHT00RA0005;2023-02-17;BLOCK;;25,10;25,10;25,10;25,100000000000;;1;21000,00000;527100,00;EUR;EUR
XZAG;HT;HRHT00RA0005;2023-02-17;CT;25,00;25,10;25,00;25,10;25,006446540881;0,40;16;636,00000;15904,10;EUR;EUR
XZAG;HT;HRHT00RA0005;2023-02-16;CT;25,10;25,10;25,00;25,00;25,022769953052;-0,79;19;852,00000;21319,40;EUR;EUR
XZAG;HT;HRHT00RA0005;2023-02-15;CT;25,20;25,40;25,00;25,20;25,222700587084;-0,79;19;1533,00000;38666,40;EUR;EUR
XZAG;HT;HRHT00RA0005;2023-02-14;CT;25,10;25,40;25,00;25,40;25,073158443363;0,79;32;5756,00000;144321,10;EUR;EUR
XZAG;HT;HRHT00RA0005;2023-02-13;CT;24,80;25,40;24,60;25,20;25,010322299652;1,61;26;4592,00000;114847,40;EUR;EUR
XZAG;HT;HRHT00RA0005;2023-02-10;CT;24,70;24,90;24,70;24,80;24,857579564489;0,40;15;2388,00000;59359,90;EUR;EUR
XZAG;HT;HRHT00RA0005;2023-02-09;CT;24,60;24,90;24,60;24,70;24,774740608229;0,41;23;2795,00000;69245,40;EUR;EUR
XZAG;HT;HRHT00RA0005;2023-02-08;CT;24,40;24,70;24,40;24,60;24,617729908865;0,00;17;2414,00000;59427,20;EUR;EUR
XZAG;HT;HRHT00RA0005;2023-02-07;CT;24,40;24,70;24,40;24,60;24,517096774194;0,41;18;1240,00000;30401,20;EUR;EUR
XZAG;HT;HRHT00RA0005;2023-02-06;CT;24,40;24,60;24,30;24,50;24,441562759767;0,82;18;1203,00000;29403,20;EUR;EUR
XZAG;HT;HRHT00RA0005;2023-02-03;CT;24,30;24,30;24,30;24,30;24,300000000000;0,00;12;625,00000;15187,50;EUR;EUR
XZAG;HT;HRHT00RA0005;2023-02-02;CT;24,30;24,60;24,30;24,30;24,323108384458;0,00;20;1467,00000;35682,00;EUR;EUR
XZAG;HT;HRHT00RA0005;2023-02-01;CT;24,30;24,40;24,30;24,30;24,353720985882;0,00;29;4179,00000;101774,20;EUR;EUR
XZAG;HT;HRHT00RA0005;2023-01-31;CT;24,50;24,80;24,30;24,30;24,481789883268;-0,41;32;7710,00000;188754,60;EUR;EUR
XZAG;HT;HRHT00RA0005;2023-01-30;CT;24,30;24,90;24,30;24,40;24,558257804632;0,00;13;1986,00000;48772,70;EUR;EUR
XZAG;HT;HRHT00RA0005;2023-01-27;CT;24,70;24,70;24,40;24,40;24,544872053194;-0,81;24;4963,00000;121816,20;EUR;EUR
XZAG;HT;HRHT00RA0005;2023-01-26;CT;24,80;24,90;24,60;24,60;24,792733564014;0,00;38;3179,00000;78816,10;EUR;EUR
XZAG;HT;HRHT00RA0005;2023-01-25;CT;24,60;24,80;24,40;24,60;24,579023218575;0,41;19;1249,00000;30699,20;EUR;EUR
XZAG;HT;HRHT00RA0005;2023-01-24;CT;23,90;24,50;23,90;24,50;24,252724481965;1,24;19;2606,00000;63202,60;EUR;EUR
XZAG;HT;HRHT00RA0005;2023-01-23;CT;23,80;24,20;23,80;24,20;24,035487232934;1,68;14;1919,00000;46124,10;EUR;EUR
XZAG;HT;HRHT00RA0005;2023-01-20;CT;23,80;23,80;23,80;23,80;23,800000000000;0,00;11;1252,00000;29797,60;EUR;EUR
XZAG;HT;HRHT00RA0005;2023-01-19;CT;24,00;24,00;23,80;23,80;23,863861386139;-2,06;28;3434,00000;81948,50;EUR;EUR
XZAG;HT;HRHT00RA0005;2023-01-18;CT;24,00;24,30;23,90;24,30;23,991016548463;1,25;9;846,00000;20296,40;EUR;EUR
XZAG;HT;HRHT00RA0005;2023-01-17;CT;23,70;24,30;23,70;24,00;23,998220140515;1,69;18;2135,00000;51236,20;EUR;EUR
XZAG;HT;HRHT00RA0005;2023-01-16;CT;24,20;24,20;23,60;23,60;23,942429498934;-2,48;61;20177,00000;483086,40;EUR;EUR
XZAG;HT;HRHT00RA0005;2023-01-13;CT;24,00;24,40;24,00;24,20;24,245423728814;1,68;31;2065,00000;50066,80;EUR;EUR
XZAG;HT;HRHT00RA0005;2023-01-12;CT;24,00;24,00;23,70;23,80;23,904027777778;0,42;20;720,00000;17210,90;EUR;EUR
XZAG;HT;HRHT00RA0005;2023-01-11;CT;24,00;24,00;23,70;23,70;23,851960784314;0,42;21;1122,00000;26761,90;EUR;EUR
XZAG;HT;HRHT00RA0005;2023-01-10;CT;23,70;23,70;23,60;23,60;23,631697054698;-0,42;25;2139,00000;50548,20;EUR;EUR
XZAG;HT;HRHT00RA0005;2023-01-09;CT;23,70;23,90;23,50;23,70;23,774748490946;0,42;14;994,00000;23632,10;EUR;EUR
XZAG;HT;HRHT00RA0005;2023-01-05;CT;23,40;23,60;23,30;23,60;23,529566094854;0,85;13;991,00000;23317,80;EUR;EUR
XZAG;HT;HRHT00RA0005;2023-01-04;CT;23,50;23,60;23,20;23,40;23,384466403162;-1,68;25;2530,00000;59162,70;EUR;EUR
XZAG;HT;HRHT00RA0005;2023-01-03;CT;23,80;23,80;23,50;23,80;23,660084925690;1,28;10;471,00000;11143,90;EUR;EUR
XZAG;HT;HRHT00RA0005;2023-01-02;CT;23,70;23,70;23,20;23,50;23,472695652174;-0,42;12;575,00000;13496,80;EUR;EUR
XZAG;HT;HRHT00RA0005;2022-12-28;CT;175,00;177,50;174,50;177,50;176,387029288700;1,72;27;2151,00000;379408,50;HRK;HRK
XZAG;HT;HRHT00RA0005;2022-12-27;CT;175,50;175,50;174,50;174,50;174,934367541770;0,00;22;1257,00000;219892,50;HRK;HRK
XZAG;HT;HRHT00RA0005;2022-12-23;CT;175,00;175,00;174,00;174,50;174,666666666670;-0,29;4;72,00000;12576,00;HRK;HRK
XZAG;HT;HRHT00RA0005;2022-12-22;CT;175,50;176,00;174,50;175,00;174,912729026040;-0,28;15;1037,00000;181384,50;HRK;HRK
XZAG;HT;HRHT00RA0005;2022-12-21;CT;175,00;176,00;175,00;175,50;175,630313199110;0,29;18;894,00000;157013,50;HRK;HRK
XZAG;HT;HRHT00RA0005;2022-12-20;CT;174,50;175,00;174,50;175,00;174,530927835050;0,29;7;291,00000;50788,50;HRK;HRK
XZAG;HT;HRHT00RA0005;2022-12-19;CT;175,50;175,50;173,50;174,50;174,904612159330;0,58;13;954,00000;166859,00;HRK;HRK
XZAG;HT;HRHT00RA0005;2022-12-16;CT;174,00;174,00;173,50;173,50;173,673664122140;0,00;8;262,00000;45502,50;HRK;HRK
XZAG;HT;HRHT00RA0005;2022-12-15;CT;174,00;176,00;173,50;173,50;173,940795454550;-1,14;30;4400,00000;765339,50;HRK;HRK
XZAG;HT;HRHT00RA0005;2022-12-14;CT;174,00;175,50;173,50;175,50;174,208563535910;0,00;8;362,00000;63063,50;HRK;HRK
XZAG;HT;HRHT00RA0005;2022-12-13;CT;173,50;175,50;173,50;175,50;173,667378917380;0,29;20;1404,00000;243829,00;HRK;HRK
XZAG;HT;HRHT00RA0005;2022-12-12;CT;174,00;175,00;173,50;175,00;173,622558922560;0,57;18;1485,00000;257829,50;HRK;HRK
XZAG;HT;HRHT00RA0005;2022-12-09;CT;174,00;174,50;173,50;174,00;173,975439882700;0,29;7;1364,00000;237302,50;HRK;HRK
XZAG;HT;HRHT00RA0005;2022-12-08;CT;173,50;173,50;173,50;173,50;173,500000000000;-0,29;15;988,00000;171418,00;HRK;HRK
XZAG;HT;HRHT00RA0005;2022-12-07;CT;173,50;175,00;173,50;174,00;173,971877584780;0,29;16;1209,00000;210332,00;HRK;HRK
XZAG;HT;HRHT00RA0005;2022-12-06;CT;174,00;174,00;173,00;173,50;173,336674219980;0,00;38;5737,00000;994432,50;HRK;HRK
XZAG;HT;HRHT00RA0005;2022-12-05;CT;174,00;174,00;173,50;173,50;173,552013422820;-0,57;26;4172,00000;724059,00;HRK;HRK
XZAG;HT;HRHT00RA0005;2022-12-02;CT;174,50;174,50;174,00;174,50;174,308417997100;-0,29;10;689,00000;120098,50;HRK;HRK
XZAG;HT;HRHT00RA0005;2022-12-01;CT;174,00;175,00;174,00;175,00;174,481927710840;0,86;6;415,00000;72410,00;HRK;HRK
XZAG;HT;HRHT00RA0005;2022-11-30;CT;174,50;174,50;173,50;173,50;173,534473752940;-0,57;18;3829,00000;664463,50;HRK;HRK
XZAG;HT;HRHT00RA0005;2022-11-29;CT;173,50;174,50;173,50;174,50;173,591324200910;0,58;20;3285,00000;570247,50;HRK;HRK
XZAG;HT;HRHT00RA0005;2022-11-28;CT;174,00;174,50;173,50;173,50;173,758580942620;-0,29;20;3904,00000;678353,50;HRK;HRK
XZAG;HT;HRHT00RA0005;2022-11-25;CT;173,50;174,50;173,00;174,00;173,733265720080;0,29;14;1479,00000;256951,50;HRK;HRK
XZAG;HT;HRHT00RA0005;2022-11-24;CT;174,00;174,00;173,50;173,50;173,713883072960;-0,29;45;6209,00000;1078589,50;HRK;HRK
XZAG;HT;HRHT00RA0005;2022-11-23;CT;174,50;175,00;174,00;174,00;174,076409495550;-0,29;17;2696,00000;469310,00;HRK;HRK
XZAG;HT;HRHT00RA0005;2022-11-22;CT;174,50;176,50;174,00;174,50;174,458550573510;-0,57;29;3836,00000;669223,00;HRK;HRK
XZAG;HT;HRHT00RA0005;2022-11-21;CT;174,50;175,50;174,50;175,50;174,850148367950;0,57;16;1685,00000;294622,50;HRK;HRK
XZAG;HT;HRHT00RA0005;2022-11-17;CT;174,50;175,00;174,50;174,50;174,564556962030;0,00;13;395,00000;68953,00;HRK;HRK
XZAG;HT;HRHT00RA0005;2022-11-16;CT;175,00;175,00;173,50;174,50;174,194098179810;-0,29;43;9065,00000;1579069,50;HRK;HRK
XZAG;HT;HRHT00RA0005;2022-11-15;CT;175,00;175,00;174,50;175,00;174,850168350170;0,00;19;891,00000;155791,50;HRK;HRK
XZAG;HT;HRHT00RA0005;2022-11-14;CT;175,50;175,50;175,00;175,00;175,056242969630;-0,28;19;1778,00000;311250,00;HRK;HRK
XZAG;HT;HRHT00RA0005;2022-11-11;CT;177,00;177,00;175,00;175,50;176,413496376810;0,29;18;1104,00000;194760,50;HRK;HRK
XZAG;HT;HRHT00RA0005;2022-11-10;CT;174,50;175,00;174,00;175,00;174,627470355730;-1,13;22;1012,00000;176723,00;HRK;HRK
XZAG;HT;HRHT00RA0005;2022-11-09;CT;174,50;177,00;174,50;177,00;175,546997389030;1,72;14;766,00000;134469,00;HRK;HRK
XZAG;HT;HRHT00RA0005;2022-11-08;CT;174,00;175,00;174,00;174,00;174,733180428130;0,00;19;1308,00000;228551,00;HRK;HRK
XZAG;HT;HRHT00RA0005;2022-11-07;CT;176,00;176,50;174,00;174,00;174,651339989490;-1,69;26;1903,00000;332361,50;HRK;HRK
XZAG;HT;HRHT00RA0005;2022-11-04;BLOCK;;175,00;175,00;175,00;175,000000000000;;1;11500,00000;2012500,00;HRK;HRK
XZAG;HT;HRHT00RA0005;2022-11-04;CT;175,00;177,00;174,00;177,00;174,678521027380;1,43;35;7086,00000;1237772,00;HRK;HRK
XZAG;HT;HRHT00RA0005;2022-11-03;CT;174,00;174,50;174,00;174,50;174,444976076560;0,00;18;1463,00000;255213,00;HRK;HRK
XZAG;HT;HRHT00RA0005;2022-11-02;BLOCK;;174,00;174,00;174,00;174,000000000000;;1;20000,00000;3480000,00;HRK;HRK
XZAG;HT;HRHT00RA0005;2022-11-02;CT;175,50;176,00;174,50;174,50;174,727998319680;-1,41;42;4761,00000;831880,00;HRK;HRK
XZAG;HT;HRHT00RA0005;2022-10-31;CT;175,50;177,00;175,50;177,00;175,965838509320;1,43;8;322,00000;56661,00;HRK;HRK
XZAG;HT;HRHT00RA0005;2022-10-28;CT;175,00;176,00;174,50;174,50;175,072549019610;-0,29;19;1020,00000;178574,00;HRK;HRK
XZAG;HT;HRHT00RA0005;2022-10-27;CT;175,00;176,00;175,00;175,00;175,010519801980;0,00;16;1616,00000;282817,00;HRK;HRK
XZAG;HT;HRHT00RA0005;2022-10-26;CT;175,50;176,00;175,00;175,00;175,247723620780;-0,57;27;1867,00000;327187,50;HRK;HRK
XZAG;HT;HRHT00RA0005;2022-10-25;CT;176,00;176,00;175,00;176,00;175,299625468160;0,00;32;4005,00000;702075,00;HRK;HRK
XZAG;HT;HRHT00RA0005;2022-10-24;CT;177,00;177,00;176,00;176,00;176,552614996850;-0,56;24;3174,00000;560378,00;HRK;HRK
XZAG;HT;HRHT00RA0005;2022-10-21;CT;178,00;178,00;177,00;177,00;177,418055555560;-1,39;15;720,00000;127741,00;HRK;HRK
XZAG;HT;HRHT00RA0005;2022-10-20;CT;178,00;179,50;177,00;179,50;178,758691206540;0,00;13;978,00000;174826,00;HRK;HRK
XZAG;HT;HRHT00RA0005;2022-10-19;CT;178,00;179,50;177,50;179,50;178,582746478870;0,28;22;1420,00000;253587,50;HRK;HRK
XZAG;HT;HRHT00RA0005;2022-10-18;CT;178,00;179,00;177,50;179,00;178,238741721850;0,28;16;1510,00000;269140,50;HRK;HRK
XZAG;HT;HRHT00RA0005;2022-10-17;CT;177,00;178,50;176,50;178,50;177,881072874490;0,85;18;988,00000;175746,50;HRK;HRK
XZAG;HT;HRHT00RA0005;2022-10-14;CT;175,50;177,50;175,50;177,00;176,456036287510;0,85;15;1433,00000;252861,50;HRK;HRK
XZAG;HT;HRHT00RA0005;2022-10-13;CT;176,00;176,50;175,00;175,50;176,078863090470;-0,28;18;2498,00000;439845,00;HRK;HRK
XZAG;HT;HRHT00RA0005;2022-10-12;CT;175,50;176,00;175,00;176,00;175,291914893620;0,57;13;1175,00000;205968,00;HRK;HRK
XZAG;HT;HRHT00RA0005;2022-10-11;CT;176,50;177,50;175,00;175,00;176,017229254570;-1,41;34;5688,00000;1001186,00;HRK;HRK
XZAG;HT;HRHT00RA0005;2022-10-10;CT;178,00;178,00;177,00;177,50;177,238525206920;0,00;23;2658,00000;471100,00;HRK;HRK
XZAG;HT;HRHT00RA0005;2022-10-07;CT;177,00;178,00;177,00;177,50;177,564059900170;0,00;13;601,00000;106716,00;HRK;HRK
XZAG;HT;HRHT00RA0005;2022-10-06;CT;178,50;178,50;177,00;177,50;177,306878306880;-0,84;26;1890,00000;335110,00;HRK;HRK
XZAG;HT;HRHT00RA0005;2022-10-05;CT;179,50;179,50;177,50;179,00;178,927721088440;-0,28;15;588,00000;105209,50;HRK;HRK
XZAG;HT;HRHT00RA0005;2022-10-04;CT;177,50;180,00;177,50;179,50;178,833882740760;1,13;31;4247,00000;759507,50;HRK;HRK
XZAG;HT;HRHT00RA0005;2022-10-03;CT;177,50;180,00;177,00;177,50;177,299266727770;-1,39;15;1091,00000;193433,50;HRK;HRK
XZAG;HT;HRHT00RA0005;2022-09-30;CT;177,00;180,00;177,00;180,00;178,415305364770;0,56;45;10774,00000;1922246,50;HRK;HRK
XZAG;HT;HRHT00RA0005;2022-09-29;BLOCK;;178,00;178,00;178,00;178,000000000000;;1;13000,00000;2314000,00;HRK;HRK
XZAG;HT;HRHT00RA0005;2022-09-29;CT;178,00;179,50;177,00;179,00;178,005331215970;0,56;38;4408,00000;784647,50;HRK;HRK
XZAG;HT;HRHT00RA0005;2022-09-28;CT;181,00;181,00;178,00;178,00;179,415475985540;-2,20;37;5809,00000;1042224,50;HRK;HRK
XZAG;HT;HRHT00RA0005;2022-09-27;CT;186,00;186,00;180,00;182,00;183,084797630800;-2,15;44;10130,00000;1854649,00;HRK;HRK
XZAG;HT;HRHT00RA0005;2022-09-26;BLOCK;;187,00;187,00;187,00;187,000000000000;;1;15209,00000;2844083,00;HRK;HRK
XZAG;HT;HRHT00RA0005;2022-09-26;CT;187,00;187,00;186,00;186,00;186,814138114410;-0,53;18;13163,00000;2459034,50;HRK;HRK
XZAG;HT;HRHT00RA0005;2022-09-23;CT;187,00;188,00;187,00;187,00;187,497970573310;0,27;18;1971,00000;369558,50;HRK;HRK
XZAG;HT;HRHT00RA0005;2022-09-22;CT;187,00;187,00;186,50;186,50;186,581683168320;-0,27;11;1212,00000;226137,00;HRK;HRK
XZAG;HT;HRHT00RA0005;2022-09-21;CT;186,00;187,50;186,00;187,00;186,490089514070;0,54;21;3128,00000;583341,00;HRK;HRK
XZAG;HT;HRHT00RA0005;2022-09-20;CT;187,00;187,50;185,00;186,00;186,635385926950;-0,53;65;15249,00000;2846003,00;HRK;HRK
XZAG;HT;HRHT00RA0005;2022-09-19;CT;186,50;187,00;186,00;187,00;186,498817034700;-1,06;20;1268,00000;236480,50;HRK;HRK
XZAG;HT;HRHT00RA0005;2022-09-16;CT;186,00;189,00;186,00;189,00;188,186890574210;1,07;27;3692,00000;694786,00;HRK;HRK
XZAG;HT;HRHT00RA0005;2022-09-15;CT;186,00;187,00;186,00;187,00;186,286964129480;0,54;15;1143,00000;212926,00;HRK;HRK
XZAG;HT;HRHT00RA0005;2022-09-14;CT;186,50;187,00;186,00;186,00;186,349356804330;-0,53;20;2954,00000;550476,00;HRK;HRK
XZAG;HT;HRHT00RA0005;2022-09-13;CT;187,50;188,00;187,00;187,00;187,266545075560;-0,27;26;1919,00000;359364,50;HRK;HRK
XZAG;HT;HRHT00RA0005;2022-09-12;CT;187,00;187,50;186,50;187,50;187,141075721150;0,54;25;3328,00000;622805,50;HRK;HRK
XZAG;HT;HRHT00RA0005;2022-09-09;CT;186,50;187,00;186,50;186,50;186,570195627160;-0,27;12;869,00000;162129,50;HRK;HRK
XZAG;HT;HRHT00RA0005;2022-09-08;CT;186,00;187,00;186,00;187,00;186,481065918650;0,00;9;713,00000;132961,00;HRK;HRK
XZAG;HT;HRHT00RA0005;2022-09-07;CT;186,00;187,00;186,00;187,00;186,430875576040;0,54;19;1953,00000;364099,50;HRK;HRK
XZAG;HT;HRHT00RA0005;2022-09-06;CT;186,00;186,50;186,00;186,00;186,071615720520;0,00;16;1145,00000;213052,00;HRK;HRK
XZAG;HT;HRHT00RA0005;2022-09-05;CT;186,00;186,00;186,00;186,00;186,000000000000;0,00;18;1282,00000;238452,00;HRK;HRK
XZAG;HT;HRHT00RA0005;2022-09-02;CT;186,00;187,00;186,00;186,00;186,228161668840;0,00;25;1534,00000;285674,00;HRK;HRK
XZAG;HT;HRHT00RA0005;2022-09-01;CT;186,00;186,50;186,00;186,00;186,394891532540;-0,53;17;7145,00000;1331791,50;HRK;HRK
XZAG;HT;HRHT00RA0005;2022-08-31;CT;185,50;187,00;185,50;187,00;186,087174348700;0,81;16;998,00000;185715,00;HRK;HRK
XZAG;HT;HRHT00RA0005;2022-08-30;CT;185,50;186,00;185,00;185,50;185,690256525650;-0,27;15;4444,00000;825207,50;HRK;HRK
XZAG;HT;HRHT00RA0005;2022-08-29;CT;187,50;187,50;185,00;186,00;186,008263575870;-1,06;25;4659,00000;866612,50;HRK;HRK
XZAG;HT;HRHT00RA0005;2022-08-26;CT;183,00;188,00;183,00;188,00;185,250305748060;2,73;43;4906,00000;908838,00;HRK;HRK
XZAG;HT;HRHT00RA0005;2022-08-25;CT;182,50;183,00;182,50;183,00;182,638279192270;0,55;12;1139,00000;208025,00;HRK;HRK
XZAG;HT;HRHT00RA0005;2022-08-24;CT;182,50;183,00;182,00;182,00;182,534871794870;0,28;20;975,00000;177971,50;HRK;HRK
XZAG;HT;HRHT00RA0005;2022-08-23;CT;181,50;182,00;181,50;181,50;181,507930912940;0,28;23;2837,00000;514938,00;HRK;HRK
XZAG;HT;HRHT00RA0005;2022-08-22;CT;180,50;181,00;180,50;181,00;180,614696312360;0,28;17;1844,00000;333053,50;HRK;HRK
XZAG;HT;HRHT00RA0005;2022-08-19;CT;180,00;180,50;179,00;180,50;180,100116114050;0,84;40;7751,00000;1395956,00;HRK;HRK
XZAG;HT;HRHT00RA0005;2022-08-18;CT;178,00;180,00;177,50;179,00;178,372922776150;0,85;17;1023,00000;182475,50;HRK;HRK
XZAG;HT;HRHT00RA0005;2022-08-17;CT;177,50;178,50;177,50;177,50;177,970403899720;-0,28;21;1436,00000;255565,50;HRK;HRK
XZAG;HT;HRHT00RA0005;2022-08-16;CT;177,00;178,00;177,00;178,00;177,522591181270;0,28;28;1837,00000;326109,00;HRK;HRK
XZAG;HT;HRHT00RA0005;2022-08-12;CT;177,50;177,50;177,00;177,50;177,421496095360;0,00;17;2433,00000;431666,50;HRK;HRK
XZAG;HT;HRHT00RA0005;2022-08-11;CT;177,00;177,50;176,50;177,50;176,648129921260;0,57;25;1016,00000;179474,50;HRK;HRK
XZAG;HT;HRHT00RA0005;2022-08-10;CT;177,00;177,00;176,50;176,50;176,685185185190;-0,56;7;351,00000;62016,50;HRK;HRK
XZAG;HT;HRHT00RA0005;2022-08-09;CT;176,50;177,50;176,50;177,50;177,106982990150;0,57;16;1117,00000;197828,50;HRK;HRK
XZAG;HT;HRHT00RA0005;2022-08-08;CT;177,00;177,00;176,00;176,50;176,708469055370;-0,28;14;921,00000;162748,50;HRK;HRK
XZAG;HT;HRHT00RA0005;2022-08-04;CT;177,00;177,00;177,00;177,00;177,000000000000;0,00;15;1023,00000;181071,00;HRK;HRK
XZAG;HT;HRHT00RA0005;2022-08-03;CT;177,00;177,00;177,00;177,00;177,000000000000;-0,28;6;329,00000;58233,00;HRK;HRK
XZAG;HT;HRHT00RA0005;2022-08-02;CT;177,00;177,50;176,50;177,50;177,057408844070;0,00;16;1289,00000;228227,00;HRK;HRK
XZAG;HT;HRHT00RA0005;2022-08-01;CT;177,50;177,50;177,00;177,50;177,181449432130;0,28;19;1849,00000;327608,50;HRK;HRK
XZAG;HT;HRHT00RA0005;2022-07-29;CT;177,00;178,00;177,00;177,00;177,029940119760;-0,28;18;2672,00000;473024,00;HRK;HRK
XZAG;HT;HRHT00RA0005;2022-07-28;CT;177,00;178,00;177,00;177,50;177,350835322200;0,28;18;1257,00000;222930,00;HRK;HRK
XZAG;HT;HRHT00RA0005;2022-07-27;CT;177,50;178,00;177,00;177,00;177,539835164840;-0,28;15;1820,00000;323122,50;HRK;HRK
XZAG;HT;HRHT00RA0005;2022-07-26;CT;175,50;178,00;175,00;177,50;176,865472127420;1,43;18;1758,00000;310929,50;HRK;HRK
XZAG;HT;HRHT00RA0005;2022-07-25;CT;175,50;175,50;175,00;175,00;175,027800658980;-1,41;19;2428,00000;424967,50;HRK;HRK
XZAG;HT;HRHT00RA0005;2022-07-22;CT;176,00;177,50;175,00;177,50;176,603030303030;0,85;31;3795,00000;670208,50;HRK;HRK
XZAG;HT;HRHT00RA0005;2022-07-21;CT;175,00;176,00;174,50;176,00;175,784011916580;0,86;12;1007,00000;177014,50;HRK;HRK
XZAG;HT;HRHT00RA0005;2022-07-20;CT;174,00;174,50;174,00;174,50;174,327697262480;0,29;8;621,00000;108257,50;HRK;HRK
XZAG;HT;HRHT00RA0005;2022-07-19;CT;175,50;176,00;174,00;174,00;174,824161510910;-0,85;26;3071,00000;536885,00;HRK;HRK
XZAG;HT;HRHT00RA0005;2022-07-18;CT;175,00;175,50;174,50;175,50;174,543882978720;0,29;8;1128,00000;196885,50;HRK;HRK
XZAG;HT;HRHT00RA0005;2022-07-15;CT;175,50;176,00;175,00;175,00;175,285018993350;-0,57;26;4212,00000;738300,50;HRK;HRK
XZAG;HT;HRHT00RA0005;2022-07-14;CT;176,00;177,50;176,00;176,00;176,442069976950;0,00;31;4773,00000;842158,00;HRK;HRK
XZAG;HT;HRHT00RA0005;2022-07-13;CT;176,50;177,00;176,00;176,00;176,276530612240;-0,28;21;2940,00000;518253,00;HRK;HRK
XZAG;HT;HRHT00RA0005;2022-07-12;CT;177,00;177,50;176,50;176,50;176,591353576940;0,28;23;1943,00000;343117,00;HRK;HRK
XZAG;HT;HRHT00RA0005;2022-07-11;CT;176,00;177,00;176,00;176,00;176,188133874240;0,00;21;1972,00000;347443,00;HRK;HRK
XZAG;HT;HRHT00RA0005;2022-07-08;CT;176,00;176,00;176,00;176,00;176,000000000000;0,57;17;1986,00000;349536,00;HRK;HRK
XZAG;HT;HRHT00RA0005;2022-07-07;CT;175,00;175,50;175,00;175,00;175,043103448280;-1,41;12;812,00000;142135,00;HRK;HRK
XZAG;HT;HRHT00RA0005;2022-07-06;CT;175,00;177,50;174,50;177,50;175,501771793050;0,57;17;1411,00000;247633,00;HRK;HRK
XZAG;HT;HRHT00RA0005;2022-07-05;CT;174,00;176,50;173,50;176,50;175,664358974360;1,44;17;1950,00000;342545,50;HRK;HRK
XZAG;HT;HRHT00RA0005;2022-07-04;CT;174,00;174,50;174,00;174,00;174,124003678720;0,00;23;3262,00000;567992,50;HRK;HRK
XZAG;HT;HRHT00RA0005;2022-07-01;CT;175,00;176,00;173,50;174,00;174,629457364340;-0,57;29;4515,00000;788452,00;HRK;HRK
XZAG;HT;HRHT00RA0005;2022-06-30;CT;175,50;176,00;175,00;175,00;175,579669631510;-1,96;24;3935,00000;690906,00;HRK;HRK
XZAG;HT;HRHT00RA0005;2022-06-29;CT;176,00;178,50;175,50;178,50;177,120054945050;1,42;20;1820,00000;322358,50;HRK;HRK
XZAG;HT;HRHT00RA0005;2022-06-28;CT;178,00;178,50;176,00;176,00;177,033375052150;-1,12;25;2397,00000;424349,00;HRK;HRK
XZAG;HT;HRHT00RA0005;2022-06-27;CT;177,50;179,00;175,00;178,00;177,667498865180;0,28;25;2203,00000;391401,50;HRK;HRK
XZAG;HT;HRHT00RA0005;2022-06-24;CT;174,00;177,50;173,50;177,50;174,406960057400;2,01;33;16724,00000;2916782,00;HRK;HRK
XZAG;HT;HRHT00RA0005;2022-06-23;CT;173,50;175,00;173,50;174,00;174,207336108220;0,29;20;1922,00000;334826,50;HRK;HRK
XZAG;HT;HRHT00RA0005;2022-06-21;CT;173,00;174,00;172,50;173,50;173,181672025720;0,00;26;2177,00000;377016,50;HRK;HRK
XZAG;HT;HRHT00RA0005;2022-06-20;CT;173,50;174,50;173,00;173,50;173,633821223210;0,00;19;1913,00000;332161,50;HRK;HRK
XZAG;HT;HRHT00RA0005;2022-06-17;CT;174,00;175,00;173,50;173,50;173,935072711720;-0,86;37;5845,00000;1016650,50;HRK;HRK
XZAG;HT;HRHT00RA0005;2022-06-15;CT;175,00;176,00;175,00;175,00;175,013661202190;0,00;35;2562,00000;448385,00;HRK;HRK
XZAG;HT;HRHT00RA0005;2022-06-14;CT;176,00;176,00;175,00;175,00;175,709718670080;-0,57;28;1955,00000;343512,50;HRK;HRK
XZAG;HT;HRHT00RA0005;2022-06-13;CT;176,50;178,00;176,00;176,00;176,292742180380;-0,28;41;3293,00000;580532,00;HRK;HRK
XZAG;HT;HRHT00RA0005;2022-06-10;CT;177,00;178,00;176,50;176,50;176,884038800710;-0,28;28;2268,00000;401173,00;HRK;HRK
XZAG;HT;HRHT00RA0005;2022-06-09;CT;177,00;178,00;177,00;177,00;177,103759398500;-0,56;13;665,00000;117774,00;HRK;HRK
XZAG;HT;HRHT00RA0005;2022-06-08;CT;177,00;178,00;177,00;178,00;177,325467860050;0,56;21;1229,00000;217933,00;HRK;HRK
XZAG;HT;HRHT00RA0005;2022-06-07;CT;177,50;178,00;177,00;177,00;177,283161004430;-0,56;27;3385,00000;600103,50;HRK;HRK
XZAG;HT;HRHT00RA0005;2022-06-06;CT;178,00;178,00;177,00;178,00;177,567698259190;0,56;26;1551,00000;275407,50;HRK;HRK
XZAG;HT;HRHT00RA0005;2022-06-03;CT;178,00;179,00;177,00;177,00;177,299431321080;-0,56;28;9144,00000;1621226,00;HRK;HRK
XZAG;HT;HRHT00RA0005;2022-06-02;CT;178,50;179,00;178,00;178,00;178,435997400910;0,28;25;1539,00000;274613,00;HRK;HRK
XZAG;HT;HRHT00RA0005;2022-06-01;CT;178,00;178,50;177,50;177,50;177,948093220340;0,00;14;472,00000;83991,50;HRK;HRK
XZAG;HT;HRHT00RA0005;2022-05-31;CT;177,50;179,50;177,50;177,50;177,817103620470;-0,28;22;801,00000;142431,50;HRK;HRK
XZAG;HT;HRHT00RA0005;2022-05-27;CT;178,50;179,00;178,00;178,00;178,214393939390;0,28;12;1320,00000;235243,00;HRK;HRK
XZAG;HT;HRHT00RA0005;2022-05-26;CT;177,50;178,00;177,00;177,50;177,525735294120;0,28;25;1224,00000;217291,50;HRK;HRK
XZAG;HT;HRHT00RA0005;2022-05-25;CT;177,00;178,00;177,00;177,00;177,314366424540;-0,28;37;9912,00000;1757540,00;HRK;HRK
XZAG;HT;HRHT00RA0005;2022-05-24;CT;177,00;178,00;177,00;177,50;177,547325361860;0,28;43;7945,00000;1410613,50;HRK;HRK
XZAG;HT;HRHT00RA0005;2022-05-23;CT;178,00;178,50;177,00;177,00;177,670109119250;-0,56;41;2566,00000;455901,50;HRK;HRK
XZAG;HT;HRHT00RA0005;2022-05-20;CT;177,50;178,50;177,50;178,00;177,824776785710;0,28;17;448,00000;79665,50;HRK;HRK
XZAG;HT;HRHT00RA0005;2022-05-19;CT;178,00;178,50;177,50;177,50;177,793778801840;0,00;13;434,00000;77162,50;HRK;HRK
XZAG;HT;HRHT00RA0005;2022-05-18;CT;179,00;180,00;177,50;177,50;178,148056449620;-0,84;48;4039,00000;719540,00;HRK;HRK
XZAG;HT;HRHT00RA0005;2022-05-17;CT;179,00;180,00;178,50;179,00;179,531405472640;0,00;51;6432,00000;1154746,00;HRK;HRK
XZAG;HT;HRHT00RA0005;2022-05-16;CT;179,00;180,00;177,50;179,00;178,153776978420;-0,56;25;2224,00000;396214,00;HRK;HRK
XZAG;HT;HRHT00RA0005;2022-05-13;CT;177,00;180,00;177,00;180,00;179,444753946150;1,69;20;1077,00000;193262,00;HRK;HRK
XZAG;HT;HRHT00RA0005;2022-05-12;CT;180,00;180,00;176,00;177,00;177,261780104710;-1,12;45;3056,00000;541712,00;HRK;HRK
XZAG;HT;HRHT00RA0005;2022-05-11;CT;181,00;181,50;179,00;179,00;180,762601626020;-0,56;30;3690,00000;667014,00;HRK;HRK
XZAG;HT;HRHT00RA0005;2022-05-10;CT;181,50;182,50;180,00;180,00;181,090065058280;-1,10;64;7378,00000;1336082,50;HRK;HRK
XZAG;HT;HRHT00RA0005;2022-05-09;CT;182,00;182,00;181,50;182,00;181,840576111250;0,00;29;4027,00000;732272,00;HRK;HRK
XZAG;HT;HRHT00RA0005;2022-05-06;CT;183,00;183,00;181,50;182,00;182,064111378480;-0,55;65;5818,00000;1059249,00;HRK;HRK
XZAG;HT;HRHT00RA0005;2022-05-05;CT;184,00;184,50;182,50;183,00;183,121305075290;-0,27;18;1793,00000;328336,50;HRK;HRK
XZAG;HT;HRHT00RA0005;2022-05-04;CT;185,00;185,00;183,00;183,50;183,594961809640;-4,18;66;6808,00000;1249914,50;HRK;HRK
XZAG;HT;HRHT00RA0005;2022-05-03;CT;192,50;192,50;191,50;191,50;192,031990851790;0,00;61;17927,00000;3442557,50;HRK;HRK
XZAG;HT;HRHT00RA0005;2022-05-02;CT;192,50;192,50;191,00;191,50;191,985203028220;-0,26;31;2906,00000;557909,00;HRK;HRK
XZAG;HT;HRHT00RA0005;2022-04-29;CT;191,50;192,50;191,00;192,00;191,730681619060;0,26;42;5707,00000;1094207,00;HRK;HRK
XZAG;HT;HRHT00RA0005;2022-04-28;CT;192,00;192,00;191,00;191,50;191,492334054830;0,00;41;5544,00000;1061633,50;HRK;HRK
XZAG;HT;HRHT00RA0005;2022-04-27;CT;192,00;193,00;191,50;191,50;191,864959469420;-0,52;35;2714,00000;520721,50;HRK;HRK
XZAG;HT;HRHT00RA0005;2022-04-26;CT;192,00;193,00;192,00;192,50;192,410036041030;0,26;29;3607,00000;694023,00;HRK;HRK
XZAG;HT;HRHT00RA0005;2022-04-25;CT;193,00;193,00;192,00;192,00;192,359312192940;-0,26;32;2239,00000;430692,50;HRK;HRK
XZAG;HT;HRHT00RA0005;2022-04-22;CT;192,50;193,00;192,00;192,50;192,887779910430;-0,26;30;7815,00000;1507418,00;HRK;HRK
XZAG;HT;HRHT00RA0005;2022-04-21;CT;192,00;193,00;192,00;193,00;192,497031492000;-0,26;21;3874,00000;745733,50;HRK;HRK
XZAG;HT;HRHT00RA0005;2022-04-20;CT;192,00;193,50;191,50;193,50;192,468439288940;1,31;34;13276,00000;2555211,00;HRK;HRK
XZAG;HT;HRHT00RA0005;2022-04-19;CT;191,00;192,00;191,00;191,00;191,446880907370;0,00;35;2645,00000;506377,00;HRK;HRK
XZAG;HT;HRHT00RA0005;2022-04-14;CT;192,00;192,00;191,00;191,00;191,154252974880;0,00;18;2269,00000;433729,00;HRK;HRK
XZAG;HT;HRHT00RA0005;2022-04-13;CT;191,00;192,00;191,00;191,00;191,631378584160;0,00;21;6173,00000;1182940,50;HRK;HRK
XZAG;HT;HRHT00RA0005;2022-04-12;CT;192,00;192,00;191,00;191,00;191,052394596810;-0,26;18;2443,00000;466741,00;HRK;HRK
XZAG;HT;HRHT00RA0005;2022-04-11;CT;191,00;192,00;191,00;191,50;191,781044664390;0,26;38;12023,00000;2305783,50;HRK;HRK
XZAG;HT;HRHT00RA0005;2022-04-08;CT;191,00;191,50;191,00;191,00;191,145560407570;0,00;11;1374,00000;262634,00;HRK;HRK
XZAG;HT;HRHT00RA0005;2022-04-07;CT;191,50;191,50;190,50;191,00;190,908661417320;0,00;23;1905,00000;363681,00;HRK;HRK
XZAG;HT;HRHT00RA0005;2022-04-06;CT;191,00;191,50;190,50;191,00;190,969181486800;0,00;33;9053,00000;1728844,00;HRK;HRK
XZAG;HT;HRHT00RA0005;2022-04-05;CT;191,00;191,50;191,00;191,00;191,437988955360;0,00;24;8692,00000;1663979,00;HRK;HRK
XZAG;HT;HRHT00RA0005;2022-04-04;CT;190,50;191,00;190,50;191,00;190,960122699390;0,26;14;1630,00000;311265,00;HRK;HRK
XZAG;HT;HRHT00RA0005;2022-04-01;CT;190,50;191,00;190,50;190,50;190,610770577930;0,00;12;1142,00000;217677,50;HRK;HRK
XZAG;HT;HRHT00RA0005;2022-03-31;CT;190,50;191,50;190,50;190,50;190,639890710380;0,00;23;5490,00000;1046613,00;HRK;HRK
XZAG;HT;HRHT00RA0005;2022-03-30;CT;191,00;191,00;190,50;190,50;190,674912543730;-0,26;23;2001,00000;381540,50;HRK;HRK
XZAG;HT;HRHT00RA0005;2022-03-29;CT;190,00;191,00;190,00;191,00;190,932510451920;0,26;27;5023,00000;959054,00;HRK;HRK
XZAG;HT;HRHT00RA0005;2022-03-28;CT;190,50;191,00;190,00;190,50;190,516644072900;0,26;38;13278,00000;2529680,00;HRK;HRK
XZAG;HT;HRHT00RA0005;2022-03-25;CT;190,00;190,00;190,00;190,00;190,000000000000;-0,52;19;1410,00000;267900,00;HRK;HRK
XZAG;HT;HRHT00RA0005;2022-03-24;CT;190,00;191,00;190,00;191,00;190,175662727560;0,79;23;3131,00000;595440,00;HRK;HRK
XZAG;HT;HRHT00RA0005;2022-03-23;CT;189,50;190,50;189,00;189,50;189,454809437390;0,00;35;8265,00000;1565844,00;HRK;HRK
XZAG;HT;HRHT00RA0005;2022-03-22;CT;190,00;190,00;189,50;189,50;189,949435897440;-0,26;63;14625,00000;2778010,50;HRK;HRK
XZAG;HT;HRHT00RA0005;2022-03-21;CT;190,50;191,50;190,00;190,00;190,535055350550;0,53;36;4336,00000;826160,00;HRK;HRK
XZAG;HT;HRHT00RA0005;2022-03-18;CT;190,00;191,50;189,00;189,00;190,282102461740;-0,26;50;10521,00000;2001958,00;HRK;HRK
XZAG;HT;HRHT00RA0005;2022-03-17;CT;189,50;190,00;189,50;189,50;189,890369733450;0,00;13;2326,00000;441685,00;HRK;HRK
XZAG;HT;HRHT00RA0005;2022-03-16;CT;190,00;190,50;189,50;189,50;190,106807511740;0,00;23;1278,00000;242956,50;HRK;HRK
XZAG;HT;HRHT00RA0005;2022-03-15;CT;189,50;190,00;189,50;189,50;189,783841247340;-0,26;34;2822,00000;535570,00;HRK;HRK
XZAG;HT;HRHT00RA0005;2022-03-14;CT;189,50;190,00;189,00;190,00;189,536189358370;0,26;35;2556,00000;484454,50;HRK;HRK
XZAG;HT;HRHT00RA0005;2022-03-11;CT;190,00;190,00;188,00;189,50;188,826401446650;0,26;19;1106,00000;208842,00;HRK;HRK
XZAG;HT;HRHT00RA0005;2022-03-10;CT;187,50;189,00;187,50;189,00;188,014760147600;1,61;38;7046,00000;1324752,00;HRK;HRK
XZAG;HT;HRHT00RA0005;2022-03-09;CT;185,50;186,00;185,50;186,00;185,815357766140;0,27;42;2865,00000;532361,00;HRK;HRK
XZAG;HT;HRHT00RA0005;2022-03-08;CT;183,50;185,50;183,50;185,50;184,270591565240;1,09;46;3533,00000;651028,00;HRK;HRK
XZAG;HT;HRHT00RA0005;2022-03-07;CT;183,50;184,50;183,50;183,50;183,546451834080;-0,27;52;5834,00000;1070810,00;HRK;HRK
XZAG;HT;HRHT00RA0005;2022-03-04;BLOCK;;184,00;184,00;184,00;184,000000000000;;2;125178,00000;23032752,00;HRK;HRK
XZAG;HT;HRHT00RA0005;2022-03-04;CT;184,00;185,00;183,50;184,00;184,149385022580;-0,27;37;6423,00000;1182791,50;HRK;HRK
XZAG;HT;HRHT00RA0005;2022-03-03;CT;184,00;185,50;183,50;184,50;184,305665112940;-0,27;26;2789,00000;514028,50;HRK;HRK
XZAG;HT;HRHT00RA0005;2022-03-02;BLOCK;;184,00;184,00;184,00;184,000000000000;;1;82502,00000;15180368,00;HRK;HRK
XZAG;HT;HRHT00RA0005;2022-03-02;CT;183,50;186,00;183,50;185,00;184,710059171600;1,09;21;1690,00000;312160,00;HRK;HRK
XZAG;HT;HRHT00RA0005;2022-03-01;CT;183,00;184,00;183,00;183,00;183,242075931730;-0,54;37;5742,00000;1052176,00;HRK;HRK
XZAG;HT;HRHT00RA0005;2022-02-28;BLOCK;;183,50;183,50;183,50;183,500000000000;;1;20000,00000;3670000,00;HRK;HRK
XZAG;HT;HRHT00RA0005;2022-02-28;CT;184,00;184,00;183,00;184,00;183,441292417100;0,00;52;12937,00000;2373180,00;HRK;HRK
XZAG;HT;HRHT00RA0005;2022-02-25;BLOCK;;183,50;183,50;183,50;183,500000000000;;1;100000,00000;18350000,00;HRK;HRK
XZAG;HT;HRHT00RA0005;2022-02-25;CT;183,00;185,00;183,00;184,00;183,989315740310;0,55;78;17128,00000;3151369,00;HRK;HRK
XZAG;HT;HRHT00RA0005;2022-02-24;CT;185,00;187,00;183,00;183,00;184,085118487130;-2,66;117;25488,00000;4691961,50;HRK;HRK
XZAG;HT;HRHT00RA0005;2022-02-23;CT;187,00;188,00;186,50;188,00;187,288389900660;1,08;43;4832,00000;904977,50;HRK;HRK
XZAG;HT;HRHT00RA0005;2022-02-22;BLOCK;;186,00;186,00;186,00;186,000000000000;;1;50000,00000;9300000,00;HRK;HRK
XZAG;HT;HRHT00RA0005;2022-02-22;CT;186,50;187,00;186,00;186,00;186,404799063600;-0,53;26;5126,00000;955511,00;HRK;HRK
XZAG;HT;HRHT00RA0005;2022-02-21;CT;186,50;188,00;186,50;187,00;187,202352661600;0,27;28;4208,00000;787747,50;HRK;HRK
XZAG;HT;HRHT00RA0005;2022-02-18;CT;187,50;188,00;186,50;186,50;187,306001481850;-0,80;30;4049,00000;758402,00;HRK;HRK
XZAG;HT;HRHT00RA0005;2022-02-17;CT;187,00;188,00;186,50;188,00;187,109589041100;0,00;40;8541,00000;1598103,00;HRK;HRK
XZAG;HT;HRHT00RA0005;2022-02-16;CT;187,00;188,00;186,00;188,00;186,598802395210;1,08;17;668,00000;124648,00;HRK;HRK
XZAG;HT;HRHT00RA0005;2022-02-15;CT;186,00;186,50;186,00;186,00;186,037285607760;0,00;22;1341,00000;249476,00;HRK;HRK
XZAG;HT;HRHT00RA0005;2022-02-14;BLOCK;;186,00;186,00;186,00;186,000000000000;;1;75000,00000;13950000,00;HRK;HRK
XZAG;HT;HRHT00RA0005;2022-02-14;CT;188,00;188,00;186,00;186,00;187,218678959330;-0,80;38;7918,00000;1482397,50;HRK;HRK
XZAG;HT;HRHT00RA0005;2022-02-11;CT;187,00;188,00;187,00;187,50;187,292846768340;0,54;38;5508,00000;1031609,00;HRK;HRK
XZAG;HT;HRHT00RA0005;2022-02-10;CT;185,50;187,00;185,50;186,50;186,464890668310;0,27;27;3247,00000;605451,50;HRK;HRK
XZAG;HT;HRHT00RA0005;2022-02-09;CT;185,50;186,00;185,00;186,00;185,691752746350;0,54;37;6099,00000;1132534,00;HRK;HRK
XZAG;HT;HRHT00RA0005;2022-02-08;CT;185,00;185,50;185,00;185,00;185,005486466720;-0,27;16;1367,00000;252902,50;HRK;HRK
XZAG;HT;HRHT00RA0005;2022-02-07;CT;184,50;185,50;184,50;185,50;185,117602096530;0,54;32;4579,00000;847653,50;HRK;HRK
XZAG;HT;HRHT00RA0005;2022-02-04;CT;184,50;185,00;184,50;184,50;184,520627062710;0,00;13;2424,00000;447278,00;HRK;HRK
XZAG;HT;HRHT00RA0005;2022-02-03;CT;184,00;184,50;184,00;184,50;184,195007800310;-0,27;14;1282,00000;236138,00;HRK;HRK
XZAG;HT;HRHT00RA0005;2022-02-02;CT;183,50;185,00;183,50;185,00;184,378768020970;0,54;21;1526,00000;281362,00;HRK;HRK
XZAG;HT;HRHT00RA0005;2022-02-01;BLOCK;;183,00;183,00;183,00;183,000000000000;;1;445769,00000;81575727,00;HRK;HRK
XZAG;HT;HRHT00RA0005;2022-02-01;CT;184,00;184,00;183,00;184,00;183,579419525070;-0,27;51;11370,00000;2087298,00;HRK;HRK
XZAG;HT;HRHT00RA0005;2022-01-31;BLOCK;;184,00;183,00;183,00;183,215686274510;;2;255000,00000;46720000,00;HRK;HRK
XZAG;HT;HRHT00RA0005;2022-01-31;CT;184,00;184,50;184,00;184,50;184,044585987260;0,00;23;1884,00000;346740,00;HRK;HRK
XZAG;HT;HRHT00RA0005;2022-01-28;CT;184,00;184,50;184,00;184,50;184,018733608090;0,27;20;2669,00000;491146,00;HRK;HRK
XZAG;HT;HRHT00RA0005;2022-01-27;CT;184,50;184,50;184,00;184,00;184,265585241730;0,00;14;1572,00000;289665,50;HRK;HRK
XZAG;HT;HRHT00RA0005;2022-01-26;CT;184,50;185,00;184,00;184,00;184,226960110040;0,27;36;6543,00000;1205397,00;HRK;HRK
XZAG;HT;HRHT00RA0005;2022-01-25;CT;184,00;184,50;183,50;183,50;183,946303454940;-0,27;35;8278,00000;1522707,50;HRK;HRK
XZAG;HT;HRHT00RA0005;2022-01-24;CT;186,00;186,00;184,00;184,00;184,790299110750;-0,54;51;12370,00000;2285856,00;HRK;HRK
XZAG;HT;HRHT00RA0005;2022-01-21;CT;185,50;186,00;185,00;185,00;185,517146955270;0,00;41;15338,00000;2845462,00;HRK;HRK
XZAG;HT;HRHT00RA0005;2022-01-20;CT;185,50;186,00;185,00;185,00;185,497155896550;-0,27;36;15119,00000;2804531,50;HRK;HRK
XZAG;HT;HRHT00RA0005;2022-01-19;CT;185,50;186,00;185,00;185,50;185,634909909910;0,54;27;2220,00000;412109,50;HRK;HRK
XZAG;HT;HRHT00RA0005;2022-01-18;CT;185,50;186,00;184,50;184,50;185,143645740990;-0,54;61;12409,00000;2297447,50;HRK;HRK
XZAG;HT;HRHT00RA0005;2022-01-17;CT;185,50;186,50;185,00;185,50;185,528437910950;0,27;47;21292,00000;3950271,50;HRK;HRK
XZAG;HT;HRHT00RA0005;2022-01-14;BLOCK;;185,50;185,50;185,50;185,500000000000;;1;11000,00000;2040500,00;HRK;HRK
XZAG;HT;HRHT00RA0005;2022-01-14;CT;186,00;186,00;185,00;185,00;185,631637843340;-0,27;29;4915,00000;912379,50;HRK;HRK
XZAG;HT;HRHT00RA0005;2022-01-13;CT;185,50;186,00;185,50;185,50;185,839266793810;0,00;27;4719,00000;876975,50;HRK;HRK
XZAG;HT;HRHT00RA0005;2022-01-12;CT;185,00;185,50;185,00;185,50;185,090321034980;0,27;15;2087,00000;386283,50;HRK;HRK
XZAG;HT;HRHT00RA0005;2022-01-11;CT;185,50;185,50;184,50;185,00;184,663413576230;0,54;44;4611,00000;851483,00;HRK;HRK
XZAG;HT;HRHT00RA0005;2022-01-10;CT;185,00;186,00;184,00;184,00;184,979629252390;-0,54;33;9818,00000;1816130,00;HRK;HRK
XZAG;HT;HRHT00RA0005;2022-01-07;CT;185,00;185,50;184,50;185,00;185,215119363400;0,00;22;1885,00000;349130,50;HRK;HRK
XZAG;HT;HRHT00RA0005;2022-01-05;CT;186,00;186,00;185,00;185,00;185,367447495960;-0,27;25;6190,00000;1147424,50;HRK;HRK
XZAG;HT;HRHT00RA0005;2022-01-04;CT;186,00;186,50;185,50;185,50;186,063923690210;-0,27;28;3512,00000;653456,50;HRK;HRK
XZAG;HT;HRHT00RA0005;2022-01-03;CT;185,50;186,50;185,50;186,00;185,990266656870;0,27;38;13613,00000;2531885,50;HRK;HRK
XZAG;HT;HRHT00RA0005;2021-12-30;CT;186,00;186,00;184,50;185,50;185,356804949050;0,27;23;2748,00000;509360,50;HRK;HRK
XZAG;HT;HRHT00RA0005;2021-12-29;CT;184,00;185,00;184,00;185,00;184,697448232590;0,27;45;4781,00000;883038,50;HRK;HRK
XZAG;HT;HRHT00RA0005;2021-12-28;CT;184,00;184,50;184,00;184,50;184,316141806520;0,27;31;5303,00000;977428,50;HRK;HRK
XZAG;HT;HRHT00RA0005;2021-12-27;CT;184,00;184,50;183,00;184,00;184,178546348310;0,27;35;5696,00000;1049081,00;HRK;HRK
XZAG;HT;HRHT00RA0005;2021-12-23;CT;184,00;184,50;183,50;183,50;184,131762185320;-0,27;21;3734,00000;687548,00;HRK;HRK
XZAG;HT;HRHT00RA0005;2021-12-22;CT;184,00;184,50;184,00;184,00;184,274672489080;0,00;18;1145,00000;210994,50;HRK;HRK
XZAG;HT;HRHT00RA0005;2021-12-21;CT;184,00;184,50;184,00;184,00;184,201353637900;-0,27;28;1773,00000;326589,00;HRK;HRK
XZAG;HT;HRHT00RA0005;2021-12-20;CT;184,00;184,50;184,00;184,50;184,155799074330;0,54;39;7346,00000;1352808,50;HRK;HRK
XZAG;HT;HRHT00RA0005;2021-12-17;CT;183,00;184,50;183,00;183,50;183,574319066150;0,27;22;1285,00000;235893,00;HRK;HRK
XZAG;HT;HRHT00RA0005;2021-12-16;CT;183,00;184,00;183,00;183,00;183,050989600810;0,00;26;2981,00000;545675,00;HRK;HRK
XZAG;HT;HRHT00RA0005;2021-12-15;CT;183,50;184,00;183,00;183,00;183,510857461020;-0,27;19;1796,00000;329585,50;HRK;HRK
XZAG;HT;HRHT00RA0005;2021-12-14;CT;183,00;184,00;183,00;183,50;183,907614318230;0,27;39;9666,00000;1777651,00;HRK;HRK
XZAG;HT;HRHT00RA0005;2021-12-13;CT;183,00;184,00;183,00;183,00;183,912546517810;-0,27;30;16929,00000;3113455,50;HRK;HRK
XZAG;HT;HRHT00RA0005;2021-12-10;CT;183,50;184,00;183,50;183,50;183,557077625570;-0,27;25;876,00000;160796,00;HRK;HRK
XZAG;HT;HRHT00RA0005;2021-12-09;CT;183,50;185,00;183,50;184,00;184,041002277900;0,00;15;878,00000;161588,00;HRK;HRK
XZAG;HT;HRHT00RA0005;2021-12-08;CT;184,00;184,00;183,50;184,00;183,852900552490;0,00;17;724,00000;133109,50;HRK;HRK
XZAG;HT;HRHT00RA0005;2021-12-07;CT;184,00;184,00;184,00;184,00;184,000000000000;-0,27;21;6115,00000;1125160,00;HRK;HRK
XZAG;HT;HRHT00RA0005;2021-12-06;CT;183,50;187,00;183,50;184,50;185,454068241470;0,54;39;3810,00000;706580,00;HRK;HRK
XZAG;HT;HRHT00RA0005;2021-12-03;CT;185,00;185,00;183,00;183,50;183,793543543540;0,27;12;666,00000;122406,50;HRK;HRK
XZAG;HT;HRHT00RA0005;2021-12-02;CT;183,00;184,00;182,50;183,00;183,280568011960;0,00;29;3345,00000;613073,50;HRK;HRK
XZAG;HT;HRHT00RA0005;2021-12-01;BLOCK;;183,50;183,50;183,50;183,500000000000;;1;35095,00000;6439932,50;HRK;HRK
XZAG;HT;HRHT00RA0005;2021-12-01;CT;183,00;183,50;182,50;183,00;183,021774632550;0,00;23;1837,00000;336211,00;HRK;HRK
XZAG;HT;HRHT00RA0005;2021-11-30;CT;184,50;184,50;183,00;183,00;183,568288033450;-0,54;52;16262,00000;2985187,50;HRK;HRK
XZAG;HT;HRHT00RA0005;2021-11-29;CT;184,00;184,00;183,50;184,00;183,991195551440;0,00;32;8632,00000;1588212,00;HRK;HRK
XZAG;HT;HRHT00RA0005;2021-11-26;CT;185,00;185,00;184,00;184,00;184,736964917930;-0,54;29;6214,00000;1147955,50;HRK;HRK
XZAG;HT;HRHT00RA0005;2021-11-25;CT;185,00;185,50;185,00;185,00;185,351545650610;0,00;24;1391,00000;257824,00;HRK;HRK
XZAG;HT;HRHT00RA0005;2021-11-24;CT;184,50;185,00;184,50;185,00;184,748648648650;0,00;11;555,00000;102535,50;HRK;HRK
XZAG;HT;HRHT00RA0005;2021-11-23;CT;184,50;185,50;184,50;185,00;184,843837144450;0,27;20;1793,00000;331425,00;HRK;HRK
XZAG;HT;HRHT00RA0005;2021-11-22;CT;184,50;185,50;184,50;184,50;184,732459847840;-0,27;17;1183,00000;218538,50;HRK;HRK
XZAG;HT;HRHT00RA0005;2021-11-19;CT;185,00;185,50;184,50;185,00;185,137617370890;0,00;19;1704,00000;315474,50;HRK;HRK
XZAG;HT;HRHT00RA0005;2021-11-17;CT;184,00;185,50;184,00;185,00;184,870406824150;0,54;21;1524,00000;281742,50;HRK;HRK
XZAG;HT;HRHT00RA0005;2021-11-16;CT;185,00;185,50;184,00;184,00;184,483132962500;-0,54;24;5573,00000;1028124,50;HRK;HRK
XZAG;HT;HRHT00RA0005;2021-11-15;CT;185,50;186,00;185,00;185,00;185,516625103910;-0,27;31;4812,00000;892706,00;HRK;HRK
XZAG;HT;HRHT00RA0005;2021-11-12;CT;186,00;186,50;185,50;185,50;185,786245726930;-0,27;29;4973,00000;923915,00;HRK;HRK
XZAG;HT;HRHT00RA0005;2021-11-11;CT;186,00;186,00;186,00;186,00;186,000000000000;0,00;20;1214,00000;225804,00;HRK;HRK
XZAG;HT;HRHT00RA0005;2021-11-10;CT;187,00;187,00;186,00;186,00;186,244652406420;0,27;25;1496,00000;278622,00;HRK;HRK
XZAG;HT;HRHT00RA0005;2021-11-09;CT;186,00;186,00;185,50;185,50;185,809948979590;0,27;16;1176,00000;218512,50;HRK;HRK
XZAG;HT;HRHT00RA0005;2021-11-08;CT;185,00;186,00;185,00;185,00;185,158325750680;-0,27;20;1099,00000;203489,00;HRK;HRK
XZAG;HT;HRHT00RA0005;2021-11-05;CT;186,00;187,00;185,50;185,50;186,033832501390;-0,27;20;1803,00000;335419,00;HRK;HRK
XZAG;HT;HRHT00RA0005;2021-11-04;CT;186,00;188,00;186,00;186,00;186,486142154670;-1,06;14;2237,00000;417169,50;HRK;HRK
XZAG;HT;HRHT00RA0005;2021-11-03;CT;185,00;188,00;185,00;188,00;186,861172566370;1,08;25;1808,00000;337845,00;HRK;HRK
XZAG;HT;HRHT00RA0005;2021-11-02;CT;187,00;187,00;186,00;186,00;186,337734111150;0,00;23;3257,00000;606902,00;HRK;HRK
XZAG;HT;HRHT00RA0005;2021-10-29;CT;186,50;187,00;185,50;186,00;186,098159278740;0,00;54;13310,00000;2476966,50;HRK;HRK
XZAG;HT;HRHT00RA0005;2021-10-28;BLOCK;;185,00;185,00;185,00;185,000000000000;;2;199500,00000;36907500,00;HRK;HRK
XZAG;HT;HRHT00RA0005;2021-10-28;CT;186,00;187,00;185,00;186,00;186,139188794860;0,54;29;3427,00000;637899,00;HRK;HRK
XZAG;HT;HRHT00RA0005;2021-10-27;CT;185,00;185,00;184,50;185,00;184,974482061650;0,27;33;5937,00000;1098193,50;HRK;HRK
XZAG;HT;HRHT00RA0005;2021-10-26;CT;184,00;185,00;184,00;184,50;184,577553593950;-0,27;30;3172,00000;585480,00;HRK;HRK
XZAG;HT;HRHT00RA0005;2021-10-25;CT;187,00;187,00;184,00;185,00;185,099933433180;0,00;63;6009,00000;1112265,50;HRK;HRK
XZAG;HT;HRHT00RA0005;2021-10-22;CT;185,00;186,00;185,00;185,00;185,456271023550;0,00;15;2081,00000;385934,50;HRK;HRK
XZAG;HT;HRHT00RA0005;2021-10-21;CT;184,00;185,00;183,50;185,00;183,987218045110;0,54;17;665,00000;122351,50;HRK;HRK
XZAG;HT;HRHT00RA0005;2021-10-20;CT;184,50;185,00;184,00;184,00;184,138020833330;-0,54;34;5760,00000;1060635,00;HRK;HRK
XZAG;HT;HRHT00RA0005;2021-10-19;CT;185,00;186,00;184,50;185,00;184,784773567470;0,00;39;4328,00000;799748,50;HRK;HRK
XZAG;HT;HRHT00RA0005;2021-10-18;CT;185,00;185,00;184,50;185,00;184,951720633080;0,00;47;6887,00000;1273762,50;HRK;HRK
XZAG;HT;HRHT00RA0005;2021-10-15;BLOCK;;185,00;185,00;185,00;185,000000000000;;1;14870,00000;2750950,00;HRK;HRK
XZAG;HT;HRHT00RA0005;2021-10-15;CT;187,00;187,50;184,50;185,00;185,878472936820;0,00;35;4859,00000;903183,50;HRK;HRK
XZAG;HT;HRHT00RA0005;2021-10-14;CT;185,50;185,50;185,00;185,00;185,016614106610;-0,27;59;13001,00000;2405401,00;HRK;HRK
XZAG;HT;HRHT00RA0005;2021-10-13;BLOCK;;185,00;185,00;185,00;185,000000000000;;2;170000,00000;31450000,00;HRK;HRK
XZAG;HT;HRHT00RA0005;2021-10-13;CT;187,00;187,50;185,00;185,50;185,590479177730;-1,07;54;20723,00000;3845991,50;HRK;HRK
XZAG;HT;HRHT00RA0005;2021-10-12;CT;187,00;190,00;187,00;187,50;188,784113796580;0,00;41;3972,00000;749850,50;HRK;HRK
XZAG;HT;HRHT00RA0005;2021-10-11;CT;190,00;190,50;187,50;187,50;189,240582134490;-1,32;69;14945,00000;2828200,50;HRK;HRK
XZAG;HT;HRHT00RA0005;2021-10-08;CT;190,00;190,50;190,00;190,00;190,382386910490;0,00;32;5195,00000;989036,50;HRK;HRK
XZAG;HT;HRHT00RA0005;2021-10-07;CT;190,00;190,50;190,00;190,00;190,399478232510;0,00;25;6133,00000;1167720,00;HRK;HRK
XZAG;HT;HRHT00RA0005;2021-10-06;CT;191,50;191,50;189,50;190,00;189,925506731770;0,00;29;6759,00000;1283706,50;HRK;HRK
XZAG;HT;HRHT00RA0005;2021-10-05;CT;191,00;191,00;190,00;190,00;190,599814052330;0,00;25;7529,00000;1435026,00;HRK;HRK
XZAG;HT;HRHT00RA0005;2021-10-04;CT;190,00;191,50;190,00;190,00;190,523510183560;0,00;37;7954,00000;1515424,00;HRK;HRK
XZAG;HT;HRHT00RA0005;2021-10-01;CT;190,00;191,00;190,00;190,00;190,014543784450;0,00;30;6532,00000;1241175,00;HRK;HRK
XZAG;HT;HRHT00RA0005;2021-09-30;BLOCK;;191,00;191,00;191,00;191,000000000000;;2;150000,00000;28650000,00;HRK;HRK
XZAG;HT;HRHT00RA0005;2021-09-30;CT;191,00;191,50;190,00;190,00;190,993172978630;-0,52;46;85103,00000;16254092,00;HRK;HRK
XZAG;HT;HRHT00RA0005;2021-09-29;CT;191,00;192,00;191,00;191,00;191,414201183430;0,00;30;8788,00000;1682148,00;HRK;HRK
XZAG;HT;HRHT00RA0005;2021-09-28;CT;190,50;191,50;190,50;191,00;191,107197549770;0,26;26;3265,00000;623965,00;HRK;HRK
XZAG;HT;HRHT00RA0005;2021-09-27;CT;190,50;191,00;190,50;190,50;190,540069686410;0,00;24;2870,00000;546850,00;HRK;HRK
XZAG;HT;HRHT00RA0005;2021-09-24;CT;191,00;191,50;190,50;190,50;190,674493326740;-0,26;21;2023,00000;385734,50;HRK;HRK
XZAG;HT;HRHT00RA0005;2021-09-23;CT;190,50;191,00;190,50;191,00;190,829077644610;0,26;22;3838,00000;732402,00;HRK;HRK
XZAG;HT;HRHT00RA0005;2021-09-22;CT;190,00;190,50;190,00;190,50;190,064956331880;0,26;16;916,00000;174099,50;HRK;HRK
XZAG;HT;HRHT00RA0005;2021-09-21;CT;190,50;191,00;190,00;190,00;190,409160696010;-0,26;27;3908,00000;744119,00;HRK;HRK
XZAG;HT;HRHT00RA0005;2021-09-20;CT;190,50;191,00;190,00;190,50;190,247009244150;-0,78;36;3678,00000;699728,50;HRK;HRK
XZAG;HT;HRHT00RA0005;2021-09-17;CT;189,50;192,00;189,50;192,00;190,827446891700;1,32;38;7673,00000;1464219,00;HRK;HRK
XZAG;HT;HRHT00RA0005;2021-09-16;CT;189,50;190,50;189,50;189,50;189,731018935980;0,00;22;5545,00000;1052058,50;HRK;HRK
XZAG;HT;HRHT00RA0005;2021-09-15;CT;190,00;190,50;189,50;189,50;189,880424806610;-0,26;34;7627,00000;1448218,00;HRK;HRK
XZAG;HT;HRHT00RA0005;2021-09-14;CT;190,50;191,00;190,00;190,00;190,487967914440;-0,52;16;748,00000;142485,00;HRK;HRK
XZAG;HT;HRHT00RA0005;2021-09-13;CT;190,50;191,00;190,00;191,00;190,275043177890;0,26;26;2316,00000;440677,00;HRK;HRK
XZAG;HT;HRHT00RA0005;2021-09-10;CT;190,50;190,50;190,50;190,50;190,500000000000;0,26;11;528,00000;100584,00;HRK;HRK
XZAG;HT;HRHT00RA0005;2021-09-09;CT;190,00;190,50;190,00;190,00;190,162548764630;0,00;20;1538,00000;292470,00;HRK;HRK
XZAG;HT;HRHT00RA0005;2021-09-08;CT;190,00;191,50;190,00;190,00;190,469856459330;0,00;16;1045,00000;199041,00;HRK;HRK
XZAG;HT;HRHT00RA0005;2021-09-07;CT;190,00;190,50;190,00;190,00;190,092768227620;0,00;22;3374,00000;641373,00;HRK;HRK
XZAG;HT;HRHT00RA0005;2021-09-06;CT;190,00;192,00;190,00;190,00;190,217872968980;-0,26;25;2031,00000;386332,50;HRK;HRK
XZAG;HT;HRHT00RA0005;2021-09-03;CT;191,00;191,00;190,50;190,50;190,534168564920;0,00;7;439,00000;83644,50;HRK;HRK
XZAG;HT;HRHT00RA0005;2021-09-02;CT;190,50;192,50;190,00;190,50;190,974480968860;0,00;20;1156,00000;220766,50;HRK;HRK
XZAG;HT;HRHT00RA0005;2021-09-01;BLOCK;;192,00;192,00;192,00;192,000000000000;;1;15000,00000;2880000,00;HRK;HRK
XZAG;HT;HRHT00RA0005;2021-09-01;CT;190,50;191,00;190,50;190,50;190,569392812890;0,26;14;807,00000;153789,50;HRK;HRK
XZAG;HT;HRHT00RA0005;2021-08-31;CT;190,50;192,00;190,00;190,00;190,946308724830;-0,52;30;3874,00000;739726,00;HRK;HRK
XZAG;HT;HRHT00RA0005;2021-08-30;CT;190,50;191,00;190,50;191,00;190,555113288430;0,53;21;1633,00000;311176,50;HRK;HRK
XZAG;HT;HRHT00RA0005;2021-08-27;CT;190,00;191,50;190,00;190,00;190,775599765950;0,00;21;3418,00000;652071,00;HRK;HRK
XZAG;HT;HRHT00RA0005;2021-08-26;CT;190,00;190,50;190,00;190,00;190,192332268370;0,26;18;1565,00000;297651,00;HRK;HRK
XZAG;HT;HRHT00RA0005;2021-08-25;CT;191,00;191,50;189,50;189,50;189,947628458500;-0,52;21;4048,00000;768908,00;HRK;HRK
XZAG;HT;HRHT00RA0005;2021-08-24;CT;191,50;191,50;190,50;190,50;191,054129911790;0,00;20;1247,00000;238244,50;HRK;HRK
XZAG;HT;HRHT00RA0005;2021-08-23;CT;191,50;191,50;190,50;190,50;190,501215066830;0,00;15;1646,00000;313565,00;HRK;HRK
XZAG;HT;HRHT00RA0005;2021-08-20;CT;190,50;191,50;190,50;190,50;190,890862944160;0,26;16;1970,00000;376055,00;HRK;HRK
XZAG;HT;HRHT00RA0005;2021-08-19;CT;190,50;191,00;189,50;190,00;190,149074374800;0,00;31;6158,00000;1170938,00;HRK;HRK
XZAG;HT;HRHT00RA0005;2021-08-18;CT;190,50;191,50;190,00;190,00;190,265987025020;0,00;19;1079,00000;205297,00;HRK;HRK
XZAG;HT;HRHT00RA0005;2021-08-17;CT;192,00;192,00;190,00;190,00;190,510574018130;-0,78;15;1655,00000;315295,00;HRK;HRK
XZAG;HT;HRHT00RA0005;2021-08-16;CT;191,00;193,00;191,00;191,50;191,091826923080;0,26;19;1040,00000;198735,50;HRK;HRK
XZAG;HT;HRHT00RA0005;2021-08-13;CT;191,00;191,00;190,50;191,00;190,935737704920;-0,26;17;1525,00000;291177,00;HRK;HRK
XZAG;HT;HRHT00RA0005;2021-08-12;CT;191,50;192,00;191,50;191,50;191,817732709310;0,00;13;1923,00000;368865,50;HRK;HRK
XZAG;HT;HRHT00RA0005;2021-08-11;CT;192,00;192,00;191,50;191,50;191,541551246540;-0,26;13;722,00000;138293,00;HRK;HRK
XZAG;HT;HRHT00RA0005;2021-08-10;CT;190,00;192,50;190,00;192,00;192,285786460090;0,52;12;2969,00000;570896,50;HRK;HRK
XZAG;HT;HRHT00RA0005;2021-08-09;CT;190,00;192,00;189,50;191,00;190,563525372000;0,26;26;2621,00000;499467,00;HRK;HRK
XZAG;HT;HRHT00RA0005;2021-08-06;CT;190,50;190,50;189,50;190,50;190,142194744980;0,00;26;1941,00000;369066,00;HRK;HRK
XZAG;HT;HRHT00RA0005;2021-08-04;CT;191,00;191,50;190,00;190,50;190,536431226770;0,26;19;1345,00000;256271,50;HRK;HRK
XZAG;HT;HRHT00RA0005;2021-08-03;CT;191,50;191,50;190,00;190,00;190,463358338140;0,00;19;1733,00000;330073,00;HRK;HRK
XZAG;HT;HRHT00RA0005;2021-08-02;CT;190,50;191,00;190,00;190,00;190,286221871300;-0,26;14;2533,00000;481995,00;HRK;HRK
XZAG;HT;HRHT00RA0005;2021-07-30;CT;190,50;190,50;190,00;190,50;190,423946557040;-0,26;12;973,00000;185282,50;HRK;HRK
XZAG;HT;HRHT00RA0005;2021-07-29;CT;190,00;191,00;189,50;191,00;190,282118707740;0,26;14;1331,00000;253265,50;HRK;HRK
XZAG;HT;HRHT00RA0005;2021-07-28;BLOCK;;190,00;190,00;190,00;190,000000000000;;1;14020,00000;2663800,00;HRK;HRK
XZAG;HT;HRHT00RA0005;2021-07-28;CT;190,00;190,50;190,00;190,50;190,292213883680;0,00;16;1066,00000;202851,50;HRK;HRK
XZAG;HT;HRHT00RA0005;2021-07-27;CT;190,50;191,50;190,00;190,50;190,167909057030;0,26;16;2683,00000;510220,50;HRK;HRK
XZAG;HT;HRHT00RA0005;2021-07-26;CT;191,50;191,50;190,00;190,00;190,579252003560;-0,52;21;1123,00000;214020,50;HRK;HRK
XZAG;HT;HRHT00RA0005;2021-07-23;CT;192,00;193,00;191,00;191,00;191,233396584440;0,00;11;527,00000;100780,00;HRK;HRK
XZAG;HT;HRHT00RA0005;2021-07-22;CT;190,50;191,00;190,50;191,00;190,900000000000;-0,26;7;400,00000;76360,00;HRK;HRK
XZAG;HT;HRHT00RA0005;2021-07-21;CT;190,50;191,50;190,00;191,50;190,360780065010;0,26;20;4615,00000;878515,00;HRK;HRK
XZAG;HT;HRHT00RA0005;2021-07-20;CT;191,50;191,50;191,00;191,00;191,258251833740;0,00;22;1636,00000;312898,50;HRK;HRK
XZAG;HT;HRHT00RA0005;2021-07-19;CT;193,00;193,00;191,00;191,00;191,468196902650;0,00;16;1808,00000;346174,50;HRK;HRK
XZAG;HT;HRHT00RA0005;2021-07-16;CT;191,00;193,00;191,00;191,00;191,459578207380;0,26;19;1138,00000;217881,00;HRK;HRK
XZAG;HT;HRHT00RA0005;2021-07-15;CT;191,00;191,50;190,50;190,50;190,902408111530;-0,52;16;789,00000;150622,00;HRK;HRK
XZAG;HT;HRHT00RA0005;2021-07-14;CT;191,50;191,50;191,00;191,50;191,326446280990;-1,29;15;726,00000;138903,00;HRK;HRK
XZAG;HT;HRHT00RA0005;2021-07-13;CT;191,00;194,00;191,00;194,00;192,381796941380;1,84;30;4708,00000;905733,50;HRK;HRK
XZAG;HT;HRHT00RA0005;2021-07-12;CT;189,00;190,50;189,00;190,50;189,966263526420;0,00;16;1571,00000;298437,00;HRK;HRK
XZAG;HT;HRHT00RA0005;2021-07-09;CT;189,00;191,50;189,00;190,50;190,119811320750;-0,78;22;1060,00000;201527,00;HRK;HRK
XZAG;HT;HRHT00RA0005;2021-07-08;CT;191,00;192,00;190,00;192,00;191,342398694590;0,79;29;3677,00000;703566,00;HRK;HRK
XZAG;HT;HRHT00RA0005;2021-07-07;CT;189,50;190,50;189,50;190,50;189,771972656250;1,06;21;4096,00000;777306,00;HRK;HRK
XZAG;HT;HRHT00RA0005;2021-07-06;CT;189,00;190,50;188,50;188,50;189,686627365810;-0,79;27;3223,00000;611360,00;HRK;HRK
XZAG;HT;HRHT00RA0005;2021-07-05;CT;188,50;190,00;188,50;190,00;189,725991649270;0,80;17;2874,00000;545272,50;HRK;HRK
XZAG;HT;HRHT00RA0005;2021-07-02;CT;188,00;191,00;188,00;188,50;189,921940928270;0,27;21;1659,00000;315080,50;HRK;HRK
XZAG;HT;HRHT00RA0005;2021-07-01;CT;189,00;190,50;187,00;188,00;189,466930889270;0,27;21;4037,00000;764878,00;HRK;HRK
XZAG;HT;HRHT00RA0005;2021-06-30;CT;186,00;189,50;186,00;187,50;187,745350999540;0,54;32;4302,00000;807680,50;HRK;HRK
XZAG;HT;HRHT00RA0005;2021-06-29;BLOCK;;186,50;186,50;186,50;186,500000000000;;1;17892,00000;3336858,00;HRK;HRK
XZAG;HT;HRHT00RA0005;2021-06-29;CT;186,50;186,50;186,50;186,50;186,500000000000;-0,27;7;545,00000;101642,50;HRK;HRK
XZAG;HT;HRHT00RA0005;2021-06-28;CT;184,50;187,00;184,50;187,00;186,145143487860;0,81;38;5436,00000;1011885,00;HRK;HRK
XZAG;HT;HRHT00RA0005;2021-06-25;CT;184,00;186,00;184,00;185,50;185,168756815700;0,27;21;5502,00000;1018798,50;HRK;HRK
XZAG;HT;HRHT00RA0005;2021-06-24;BLOCK;;185,00;185,00;185,00;185,000000000000;;3;80182,00000;14833670,00;HRK;HRK
XZAG;HT;HRHT00RA0005;2021-06-24;CT;184,00;185,00;184,00;185,00;184,218158066620;0,54;18;1531,00000;282038,00;HRK;HRK
XZAG;HT;HRHT00RA0005;2021-06-23;BLOCK;;185,00;185,00;185,00;185,000000000000;;4;156806,00000;29009110,00;HRK;HRK
XZAG;HT;HRHT00RA0005;2021-06-23;CT;184,00;185,00;183,50;184,00;184,381437768240;0,00;41;3728,00000;687374,00;HRK;HRK
XZAG;HT;HRHT00RA0005;2021-06-21;BLOCK;;185,00;185,00;185,00;185,000000000000;;2;78400,00000;14504000,00;HRK;HRK
XZAG;HT;HRHT00RA0005;2021-06-21;CT;184,00;184,50;184,00;184,00;184,077346743300;0,00;23;2088,00000;384353,50;HRK;HRK
XZAG;HT;HRHT00RA0005;2021-06-18;BLOCK;;185,00;185,00;185,00;185,000000000000;;3;87000,00000;16095000,00;HRK;HRK
XZAG;HT;HRHT00RA0005;2021-06-18;CT;185,00;185,00;184,00;184,00;184,235576923080;0,00;10;624,00000;114963,00;HRK;HRK
XZAG;HT;HRHT00RA0005;2021-06-17;BLOCK;;185,00;185,00;185,00;185,000000000000;;1;25000,00000;4625000,00;HRK;HRK
XZAG;HT;HRHT00RA0005;2021-06-17;CT;185,00;185,00;184,00;184,00;184,094206311820;-0,54;30;2123,00000;390832,00;HRK;HRK
XZAG;HT;HRHT00RA0005;2021-06-16;BLOCK;;185,00;185,00;185,00;185,000000000000;;3;72000,00000;13320000,00;HRK;HRK
XZAG;HT;HRHT00RA0005;2021-06-16;CT;184,50;185,00;184,50;185,00;184,710114702820;0,27;13;959,00000;177137,00;HRK;HRK
XZAG;HT;HRHT00RA0005;2021-06-15;CT;184,50;184,50;184,00;184,50;184,376677852350;0,27;19;2384,00000;439554,00;HRK;HRK
XZAG;HT;HRHT00RA0005;2021-06-14;BLOCK;;185,00;185,00;185,00;185,000000000000;;4;88114,00000;16301090,00;HRK;HRK
XZAG;HT;HRHT00RA0005;2021-06-14;CT;184,50;185,00;184,00;184,00;184,350000000000;-0,27;21;2040,00000;376074,00;HRK;HRK
XZAG;HT;HRHT00RA0005;2021-06-11;BLOCK;;185,00;185,00;185,00;185,000000000000;;3;57000,00000;10545000,00;HRK;HRK
XZAG;HT;HRHT00RA0005;2021-06-11;CT;184,00;185,50;184,00;184,50;185,046841731720;-0,27;27;4227,00000;782193,00;HRK;HRK
XZAG;HT;HRHT00RA0005;2021-06-10;BLOCK;;185,00;185,00;185,00;185,000000000000;;1;20782,00000;3844670,00;HRK;HRK
XZAG;HT;HRHT00RA0005;2021-06-10;CT;184,50;185,50;184,50;185,00;184,694527736130;0,27;35;5336,00000;985530,00;HRK;HRK
XZAG;HT;HRHT00RA0005;2021-06-09;CT;184,50;185,00;184,50;184,50;184,661009379190;-0,27;23;2239,00000;413456,00;HRK;HRK
XZAG;HT;HRHT00RA0005;2021-06-08;BLOCK;;185,00;185,00;185,00;185,000000000000;;1;15000,00000;2775000,00;HRK;HRK
XZAG;HT;HRHT00RA0005;2021-06-08;CT;184,50;185,00;184,00;185,00;184,386876725680;1,09;18;6157,00000;1135270,00;HRK;HRK
XZAG;HT;HRHT00RA0005;2021-06-07;CT;184,00;185,50;183,00;183,00;183,632016806720;-0,81;35;5950,00000;1092610,50;HRK;HRK
XZAG;HT;HRHT00RA0005;2021-06-04;CT;186,00;186,00;184,50;184,50;185,064390396010;-0,54;20;3207,00000;593501,50;HRK;HRK
XZAG;HT;HRHT00RA0005;2021-06-02;CT;185,50;186,50;185,50;185,50;186,255917345020;0,00;38;15970,00000;2974507,00;HRK;HRK
XZAG;HT;HRHT00RA0005;2021-06-01;CT;186,00;186,50;185,00;185,50;185,457784663050;0,27;19;1291,00000;239426,00;HRK;HRK
XZAG;HT;HRHT00RA0005;2021-05-31;CT;185,00;185,00;185,00;185,00;185,000000000000;-0,54;18;1856,00000;343360,00;HRK;HRK
XZAG;HT;HRHT00RA0005;2021-05-28;CT;185,50;186,00;185,00;186,00;185,207074886220;0,54;25;2417,00000;447645,50;HRK;HRK
XZAG;HT;HRHT00RA0005;2021-05-27;CT;185,00;186,00;184,00;185,00;185,010126864010;0,00;42;8986,00000;1662501,00;HRK;HRK
XZAG;HT;HRHT00RA0005;2021-05-26;CT;184,50;186,00;184,50;185,00;184,964835833000;0,00;37;4934,00000;912616,50;HRK;HRK
XZAG;HT;HRHT00RA0005;2021-05-25;CT;185,00;185,50;183,50;185,00;184,409587217040;0,54;52;7510,00000;1384916,00;HRK;HRK
XZAG;HT;HRHT00RA0005;2021-05-24;CT;185,00;185,50;184,00;184,00;184,231284916200;-0,27;39;1790,00000;329774,00;HRK;HRK
XZAG;HT;HRHT00RA0005;2021-05-21;CT;184,50;185,00;184,00;184,50;184,591468777480;0,00;23;1137,00000;209880,50;HRK;HRK
XZAG;HT;HRHT00RA0005;2021-05-20;CT;184,00;185,00;184,00;184,50;184,459011791130;0,00;34;3562,00000;657043,00;HRK;HRK
XZAG;HT;HRHT00RA0005;2021-05-19;CT;185,00;185,00;184,50;184,50;184,520199370410;-0,27;33;1906,00000;351695,50;HRK;HRK
XZAG;HT;HRHT00RA0005;2021-05-18;CT;184,50;185,00;183,50;185,00;184,439110733500;0,82;56;7062,00000;1302509,00;HRK;HRK
XZAG;HT;HRHT00RA0005;2021-05-17;CT;185,00;185,00;183,50;183,50;183,999617737000;0,00;33;3924,00000;722014,50;HRK;HRK
XZAG;HT;HRHT00RA0005;2021-05-14;CT;185,00;185,00;183,50;183,50;183,896434249380;-0,54;41;4403,00000;809696,00;HRK;HRK
XZAG;HT;HRHT00RA0005;2021-05-13;CT;185,50;186,00;184,00;184,50;185,012322154470;-0,54;40;7872,00000;1456417,00;HRK;HRK
XZAG;HT;HRHT00RA0005;2021-05-12;CT;186,50;187,00;185,50;185,50;185,860224895400;-0,54;38;3824,00000;710729,50;HRK;HRK
XZAG;HT;HRHT00RA0005;2021-05-11;CT;186,50;187,00;186,00;186,50;186,288659793810;-0,27;21;1552,00000;289120,00;HRK;HRK
XZAG;HT;HRHT00RA0005;2021-05-10;CT;186,50;187,00;186,00;187,00;186,485800604230;0,27;28;1655,00000;308634,00;HRK;HRK
XZAG;HT;HRHT00RA0005;2021-05-07;CT;187,00;187,00;186,00;186,50;186,687827225130;-1,32;27;1528,00000;285259,00;HRK;HRK
XZAG;HT;HRHT00RA0005;2021-05-06;CT;188,50;189,00;187,50;189,00;187,982626619550;0,27;26;1698,00000;319194,50;HRK;HRK
XZAG;HT;HRHT00RA0005;2021-05-05;CT;191,00;191,00;186,00;188,50;188,039855840580;-2,33;59;9434,00000;1773968,00;HRK;HRK
XZAG;HT;HRHT00RA0005;2021-05-04;CT;194,00;194,00;192,50;193,00;193,186130857390;-0,26;64;6893,00000;1331632,00;HRK;HRK
XZAG;HT;HRHT00RA0005;2021-05-03;CT;191,00;194,00;191,00;193,50;193,078339629120;1,31;71;11648,00000;2248976,50;HRK;HRK
XZAG;HT;HRHT00RA0005;2021-04-30;CT;191,00;192,00;191,00;191,00;191,409186290510;-0,52;29;4289,00000;820954,00;HRK;HRK
XZAG;HT;HRHT00RA0005;2021-04-29;CT;190,00;192,00;190,00;192,00;191,603786434210;0,79;52;7342,00000;1406755,00;HRK;HRK
XZAG;HT;HRHT00RA0005;2021-04-28;CT;190,00;191,50;189,00;190,50;190,109156193900;-0,26;28;2785,00000;529454,00;HRK;HRK
XZAG;HT;HRHT00RA0005;2021-04-27;CT;190,00;191,00;189,00;191,00;189,825795644890;0,53;18;597,00000;113326,00;HRK;HRK
XZAG;HT;HRHT00RA0005;2021-04-26;CT;190,00;190,00;188,50;190,00;189,221812434140;0,80;32;2847,00000;538714,50;HRK;HRK
XZAG;HT;HRHT00RA0005;2021-04-23;CT;190,00;190,00;188,50;188,50;189,173105870550;-0,26;47;3986,00000;754044,00;HRK;HRK
XZAG;HT;HRHT00RA0005;2021-04-22;CT;189,50;190,00;188,50;189,00;189,511874197690;0,00;41;1558,00000;295259,50;HRK;HRK
XZAG;HT;HRHT00RA0005;2021-04-21;CT;190,00;190,50;188,50;189,00;189,266981132080;-0,79;37;2120,00000;401246,00;HRK;HRK
XZAG;HT;HRHT00RA0005;2021-04-20;CT;190,50;190,50;190,00;190,50;190,143859649120;-0,26;36;4560,00000;867056,00;HRK;HRK
XZAG;HT;HRHT00RA0005;2021-04-19;CT;191,50;192,00;190,00;191,00;191,048307341190;-0,26;43;2629,00000;502266,00;HRK;HRK
XZAG;HT;HRHT00RA0005;2021-04-16;CT;191,00;192,00;191,00;191,50;191,586464793870;0,00;40;8223,00000;1575415,50;HRK;HRK
XZAG;HT;HRHT00RA0005;2021-04-15;CT;190,50;191,50;190,50;191,50;191,147115384620;0,52;25;2080,00000;397586,00;HRK;HRK
XZAG;HT;HRHT00RA0005;2021-04-14;CT;191,50;191,50;190,50;190,50;190,973868125190;-0,52;40;3291,00000;628495,00;HRK;HRK
XZAG;HT;HRHT00RA0005;2021-04-13;CT;191,50;192,00;190,50;191,50;191,382646276600;-0,26;22;1504,00000;287839,50;HRK;HRK
XZAG;HT;HRHT00RA0005;2021-04-12;CT;192,00;193,00;191,00;192,00;191,686159844050;-0,26;36;3078,00000;590010,00;HRK;HRK
XZAG;HT;HRHT00RA0005;2021-04-09;CT;193,50;193,50;192,00;192,50;192,738313253010;-0,26;15;2075,00000;399932,00;HRK;HRK
XZAG;HT;HRHT00RA0005;2021-04-08;CT;193,00;194,00;192,00;193,00;193,292005292010;-0,26;28;5291,00000;1022708,00;HRK;HRK
XZAG;HT;HRHT00RA0005;2021-04-07;CT;192,50;193,50;192,50;193,50;192,965475833080;0,52;30;3331,00000;642768,00;HRK;HRK
XZAG;HT;HRHT00RA0005;2021-04-06;CT;193,00;194,00;192,50;192,50;192,996052112120;0,00;38;2533,00000;488859,00;HRK;HRK
XZAG;HT;HRHT00RA0005;2021-04-01;CT;190,50;192,50;190,50;192,50;192,068109339410;0,26;22;6585,00000;1264768,50;HRK;HRK
XZAG;HT;HRHT00RA0005;2021-03-31;CT;190,50;192,00;190,00;192,00;191,398368883310;1,05;39;7173,00000;1372900,50;HRK;HRK
XZAG;HT;HRHT00RA0005;2021-03-30;CT;190,00;191,00;189,00;190,00;190,500000000000;0,26;27;4169,00000;794194,50;HRK;HRK
XZAG;HT;HRHT00RA0005;2021-03-29;CT;188,50;190,00;188,00;189,50;188,946615824590;0,53;29;2098,00000;396410,00;HRK;HRK
XZAG;HT;HRHT00RA0005;2021-03-26;CT;188,50;189,00;188,00;188,50;188,143169398910;0,27;19;915,00000;172151,00;HRK;HRK
XZAG;HT;HRHT00RA0005;2021-03-25;CT;189,00;189,00;188,00;188,00;188,881979041400;-0,53;19;5821,00000;1099482,00;HRK;HRK
XZAG;HT;HRHT00RA0005;2021-03-24;CT;189,00;189,00;188,00;189,00;188,632766272190;0,00;25;1352,00000;255031,50;HRK;HRK
XZAG;HT;HRHT00RA0005;2021-03-23;CT;187,50;189,50;187,50;189,00;188,458986175120;0,80;24;1085,00000;204478,00;HRK;HRK
XZAG;HT;HRHT00RA0005;2021-03-22;CT;187,50;189,00;187,00;187,50;187,689983669030;-0,27;31;1837,00000;344786,50;HRK;HRK
XZAG;HT;HRHT00RA0005;2021-03-19;CT;187,50;188,50;187,50;188,00;188,235977738980;0,53;23;9164,00000;1724994,50;HRK;HRK
XZAG;HT;HRHT00RA0005;2021-03-18;CT;192,00;192,00;187,00;187,00;190,036836129680;-2,86;64;7927,00000;1506422,00;HRK;HRK
XZAG;HT;HRHT00RA0005;2021-03-17;CT;192,50;193,50;192,00;192,50;192,513236549960;-1,79;30;3513,00000;676299,00;HRK;HRK
XZAG;HT;HRHT00RA0005;2021-03-16;CT;194,00;196,00;194,00;196,00;194,453896103900;0,77;40;4620,00000;898377,00;HRK;HRK
XZAG;HT;HRHT00RA0005;2021-03-15;CT;194,00;195,00;194,00;194,50;194,843770070650;0,00;37;3114,00000;606743,50;HRK;HRK
XZAG;HT;HRHT00RA0005;2021-03-12;CT;191,00;197,00;191,00;194,50;194,746985220780;1,30;69;11029,00000;2147864,50;HRK;HRK
XZAG;HT;HRHT00RA0005;2021-03-11;CT;188,00;193,00;188,00;192,00;190,583030200490;2,13;82;11821,00000;2252882,00;HRK;HRK
XZAG;HT;HRHT00RA0005;2021-03-10;CT;186,00;188,50;185,00;188,00;186,996728086790;1,62;65;5807,00000;1085890,00;HRK;HRK
XZAG;HT;HRHT00RA0005;2021-03-09;CT;182,50;186,00;182,50;185,00;185,236536868270;0,54;52;9656,00000;1788644,00;HRK;HRK
XZAG;HT;HRHT00RA0005;2021-03-08;CT;183,00;184,00;183,00;184,00;183,515035740700;0,55;41;4057,00000;744520,50;HRK;HRK
XZAG;HT;HRHT00RA0005;2021-03-05;CT;181,00;183,50;181,00;183,00;182,487176025920;1,10;18;11112,00000;2027797,50;HRK;HRK
XZAG;HT;HRHT00RA0005;2021-03-04;CT;182,00;182,00;180,50;181,00;181,125400213450;-0,55;31;1874,00000;339429,00;HRK;HRK
XZAG;HT;HRHT00RA0005;2021-03-03;CT;183,50;183,50;182,00;182,00;182,380630630630;0,00;14;888,00000;161954,00;HRK;HRK
XZAG;HT;HRHT00RA0005;2021-03-02;CT;181,00;182,00;181,00;182,00;181,384852216750;0,55;28;1624,00000;294569,00;HRK;HRK
XZAG;HT;HRHT00RA0005;2021-03-01;CT;180,00;181,00;180,00;181,00;180,538370440550;0,84;29;2111,00000;381116,50;HRK;HRK
XZAG;HT;HRHT00RA0005;2021-02-26;CT;180,50;180,50;179,50;179,50;179,902540033130;-0,55;43;3622,00000;651607,00;HRK;HRK
XZAG;HT;HRHT00RA0005;2021-02-25;CT;182,00;182,00;180,00;180,50;180,908134642360;-0,82;62;5704,00000;1031900,00;HRK;HRK
XZAG;HT;HRHT00RA0005;2021-02-24;CT;182,50;182,50;182,00;182,00;182,232645403380;-0,27;24;1599,00000;291390,00;HRK;HRK
XZAG;HT;HRHT00RA0005;2021-02-23;CT;184,00;184,00;182,50;182,50;182,645121193290;-0,82;26;1609,00000;293876,00;HRK;HRK
XZAG;HT;HRHT00RA0005;2021-02-22;CT;183,50;185,50;183,50;184,00;184,726570993690;0,00;46;9198,00000;1699115,00;HRK;HRK
XZAG;HT;HRHT00RA0005;2021-02-19;CT;184,00;184,50;184,00;184,00;184,009066183140;0,00;16;1103,00000;202962,00;HRK;HRK
XZAG;HT;HRHT00RA0005;2021-02-18;CT;184,00;184,00;183,00;184,00;183,480438184660;0,00;16;1278,00000;234488,00;HRK;HRK
XZAG;HT;HRHT00RA0005;2021-02-17;BLOCK;;184,00;184,00;184,00;184,000000000000;;1;50000,00000;9200000,00;HRK;HRK
XZAG;HT;HRHT00RA0005;2021-02-17;CT;183,00;184,00;183,00;184,00;183,886554621850;0,27;23;2023,00000;372002,50;HRK;HRK
XZAG;HT;HRHT00RA0005;2021-02-16;CT;182,00;183,50;182,00;183,50;183,000842395470;0,82;49;6529,00000;1194812,50;HRK;HRK
XZAG;HT;HRHT00RA0005;2021-02-15;CT;182,00;182,50;182,00;182,00;182,357378854630;0,00;11;908,00000;165580,50;HRK;HRK
XZAG;HT;HRHT00RA0005;2021-02-12;CT;181,50;183,00;181,50;182,00;182,104606525910;0,28;15;1042,00000;189753,00;HRK;HRK
XZAG;HT;HRHT00RA0005;2021-02-11;CT;182,00;182,50;181,50;181,50;181,868206039080;-0,27;39;2815,00000;511959,00;HRK;HRK
XZAG;HT;HRHT00RA0005;2021-02-10;CT;183,00;183,00;182,00;182,00;182,306148590950;-0,55;40;2342,00000;426961,00;HRK;HRK
XZAG;HT;HRHT00RA0005;2021-02-09;BLOCK;;182,00;182,00;182,00;182,000000000000;;1;15930,00000;2899260,00;HRK;HRK
XZAG;HT;HRHT00RA0005;2021-02-09;CT;182,50;183,00;182,50;183,00;182,790692989520;0,00;36;2482,00000;453686,50;HRK;HRK
XZAG;HT;HRHT00RA0005;2021-02-08;BLOCK;;184,00;182,00;182,00;182,727272727270;;2;55000,00000;10050000,00;HRK;HRK
XZAG;HT;HRHT00RA0005;2021-02-08;CT;184,00;184,00;183,00;183,00;183,016949152540;0,00;20;1003,00000;183566,00;HRK;HRK
XZAG;HT;HRHT00RA0005;2021-02-05;CT;183,00;184,50;183,00;183,00;183,458047945210;-0,81;18;1168,00000;214279,00;HRK;HRK
XZAG;HT;HRHT00RA0005;2021-02-04;CT;184,00;184,50;183,50;184,50;183,711559432930;0,54;37;2751,00000;505390,50;HRK;HRK
XZAG;HT;HRHT00RA0005;2021-02-03;CT;183,50;184,50;183,50;183,50;183,904834347530;-0,81;31;2958,00000;543990,50;HRK;HRK
XZAG;HT;HRHT00RA0005;2021-02-02;CT;184,00;185,00;183,50;185,00;184,178465199290;0,00;48;5043,00000;928812,00;HRK;HRK
XZAG;HT;HRHT00RA0005;2021-02-01;CT;185,00;185,50;184,00;185,00;185,164878599660;0,54;15;1771,00000;327927,00;HRK;HRK
XZAG;HT;HRHT00RA0005;2021-01-29;CT;185,00;185,00;183,50;184,00;184,110749185670;-0,54;20;614,00000;113044,00;HRK;HRK
XZAG;HT;HRHT00RA0005;2021-01-28;CT;184,50;185,00;183,50;185,00;184,775597269620;0,27;28;3516,00000;649671,00;HRK;HRK
XZAG;HT;HRHT00RA0005;2021-01-27;CT;184,00;186,50;184,00;184,50;185,657280328130;0,27;46;6339,00000;1176881,50;HRK;HRK
XZAG;HT;HRHT00RA0005;2021-01-26;CT;183,50;185,50;183,50;184,00;184,534244644870;0,00;25;3548,00000;654727,50;HRK;HRK
XZAG;HT;HRHT00RA0005;2021-01-25;CT;185,00;185,50;183,50;184,00;184,480142264370;-0,54;37;1687,00000;311218,00;HRK;HRK
XZAG;HT;HRHT00RA0005;2021-01-22;CT;184,50;185,00;183,50;185,00;184,141628440370;0,27;24;2616,00000;481714,50;HRK;HRK
XZAG;HT;HRHT00RA0005;2021-01-21;CT;184,50;185,00;184,50;184,50;184,830690098590;-0,27;20;2333,00000;431210,00;HRK;HRK
XZAG;HT;HRHT00RA0005;2021-01-20;CT;184,00;186,00;184,00;185,00;184,580191415310;0,54;22;3448,00000;636432,50;HRK;HRK
XZAG;HT;HRHT00RA0005;2021-01-19;CT;185,00;185,50;184,00;184,00;184,987653224370;-0,27;22;5629,00000;1041295,50;HRK;HRK
XZAG;HT;HRHT00RA0005;2021-01-18;CT;183,50;186,00;183,50;184,50;185,042063094640;-0,27;26;5991,00000;1108587,00;HRK;HRK
XZAG;HT;HRHT00RA0005;2021-01-15;CT;184,00;185,00;183,50;185,00;184,090509666080;0,54;22;1707,00000;314242,50;HRK;HRK
XZAG;HT;HRHT00RA0005;2021-01-14;BLOCK;;184,00;184,00;184,00;184,000000000000;;1;19660,00000;3617440,00;HRK;HRK
XZAG;HT;HRHT00RA0005;2021-01-14;CT;184,00;184,00;183,50;184,00;183,752150537630;0,00;13;930,00000;170889,50;HRK;HRK
XZAG;HT;HRHT00RA0005;2021-01-13;CT;184,00;185,50;183,50;184,00;183,953524229070;-0,27;38;6810,00000;1252723,50;HRK;HRK
XZAG;HT;HRHT00RA0005;2021-01-12;CT;184,50;185,00;183,00;184,50;183,976163450620;0,27;25;1762,00000;324166,00;HRK;HRK
XZAG;HT;HRHT00RA0005;2021-01-11;CT;182,50;184,00;182,50;184,00;183,155626134300;1,10;17;1102,00000;201837,50;HRK;HRK
XZAG;HT;HRHT00RA0005;2021-01-08;CT;182,00;183,50;180,50;182,00;181,908067542210;0,00;19;1066,00000;193914,00;HRK;HRK
XZAG;HT;HRHT00RA0005;2021-01-07;CT;181,00;182,00;180,50;182,00;181,597261235960;1,11;17;1424,00000;258594,50;HRK;HRK
XZAG;HT;HRHT00RA0005;2021-01-05;BLOCK;;180,00;180,00;180,00;180,000000000000;;1;23832,00000;4289760,00;HRK;HRK
XZAG;HT;HRHT00RA0005;2021-01-05;CT;181,50;182,00;180,00;180,00;180,244749596120;-0,28;23;1238,00000;223143,00;HRK;HRK
XZAG;HT;HRHT00RA0005;2021-01-04;BLOCK;;180,00;180,00;180,00;180,000000000000;;1;32440,00000;5839200,00;HRK;HRK
XZAG;HT;HRHT00RA0005;2021-01-04;CT;180,00;181,00;180,00;180,50;180,437613019890;-0,55;13;553,00000;99782,00;HRK;HRK
XZAG;HT;HRHT00RA0005;2020-12-30;CT;180,50;182,00;179,50;181,50;180,766534391530;1,40;11;756,00000;136659,50;HRK;HRK
XZAG;HT;HRHT00RA0005;2020-12-29;CT;179,50;179,50;179,00;179,00;179,160409556310;-0,28;9;293,00000;52494,00;HRK;HRK
XZAG;HT;HRHT00RA0005;2020-12-28;CT;179,00;180,50;179,00;179,50;179,726375908620;0,28;20;963,00000;173076,50;HRK;HRK
XZAG;HT;HRHT00RA0005;2020-12-23;CT;178,50;180,00;178,50;179,00;178,745341614910;-0,28;7;322,00000;57556,00;HRK;HRK
XZAG;HT;HRHT00RA0005;2020-12-22;CT;178,50;180,00;178,50;179,50;179,299195318220;1,13;19;1367,00000;245102,00;HRK;HRK
XZAG;HT;HRHT00RA0005;2020-12-21;CT;178,50;180,00;177,50;177,50;177,987410071940;-1,39;20;3614,00000;643246,50;HRK;HRK
XZAG;HT;HRHT00RA0005;2020-12-18;CT;177,00;180,50;177,00;180,00;179,485228951260;1,12;11;1354,00000;243023,00;HRK;HRK
XZAG;HT;HRHT00RA0005;2020-12-17;CT;177,00;179,50;176,50;178,00;178,243421052630;0,00;16;1672,00000;298023,00;HRK;HRK
XZAG;HT;HRHT00RA0005;2020-12-16;CT;178,50;178,50;177,00;178,00;177,732041511270;-0,28;27;6167,00000;1096073,50;HRK;HRK
XZAG;HT;HRHT00RA0005;2020-12-15;BLOCK;;179,00;179,00;179,00;179,000000000000;;1;83354,00000;14920366,00;HRK;HRK
XZAG;HT;HRHT00RA0005;2020-12-15;CT;179,00;180,00;178,50;178,50;179,046975329500;-0,83;36;2959,00000;529800,00;HRK;HRK
XZAG;HT;HRHT00RA0005;2020-12-14;BLOCK;;180,00;180,00;180,00;180,000000000000;;1;12000,00000;2160000,00;HRK;HRK
XZAG;HT;HRHT00RA0005;2020-12-14;CT;181,00;181,00;179,50;180,00;180,209642664750;-1,64;33;5569,00000;1003587,50;HRK;HRK
XZAG;HT;HRHT00RA0005;2020-12-11;CT;182,50;183,00;182,00;183,00;182,429447852760;0,00;17;1630,00000;297360,00;HRK;HRK
XZAG;HT;HRHT00RA0005;2020-12-10;CT;185,00;185,00;183,00;183,00;183,152024708300;-0,81;14;1457,00000;266852,50;HRK;HRK
XZAG;HT;HRHT00RA0005;2020-12-09;CT;184,50;185,00;184,00;184,50;184,138017565870;0,27;20;1594,00000;293516,00;HRK;HRK
XZAG;HT;HRHT00RA0005;2020-12-08;CT;184,50;186,00;184,00;184,00;184,290170613700;0,00;22;3927,00000;723707,50;HRK;HRK
XZAG;HT;HRHT00RA0005;2020-12-07;CT;185,00;185,00;184,00;184,00;184,667089985490;0,27;21;2756,00000;508942,50;HRK;HRK
XZAG;HT;HRHT00RA0005;2020-12-04;CT;183,50;184,00;183,50;183,50;183,624563445870;0,00;17;859,00000;157733,50;HRK;HRK
XZAG;HT;HRHT00RA0005;2020-12-03;CT;183,50;184,00;183,50;183,50;183,710104529620;0,00;21;1435,00000;263624,00;HRK;HRK
XZAG;HT;HRHT00RA0005;2020-12-02;CT;182,00;187,00;182,00;183,50;184,176430594900;1,38;56;8825,00000;1625357,00;HRK;HRK
XZAG;HT;HRHT00RA0005;2020-12-01;CT;178,50;181,00;178,50;181,00;179,612969004890;0,28;21;1226,00000;220205,50;HRK;HRK
XZAG;HT;HRHT00RA0005;2020-11-30;CT;177,50;181,50;177,50;180,50;180,026143147670;1,69;50;15243,00000;2744138,50;HRK;HRK
XZAG;HT;HRHT00RA0005;2020-11-27;CT;177,50;179,00;177,50;177,50;177,882541720150;-0,84;15;2337,00000;415711,50;HRK;HRK
XZAG;HT;HRHT00RA0005;2020-11-26;CT;177,00;179,00;177,00;179,00;177,426346693900;0,85;34;3917,00000;694979,00;HRK;HRK
XZAG;HT;HRHT00RA0005;2020-11-25;CT;177,50;177,50;176,50;177,50;177,192393736020;0,57;27;2235,00000;396025,00;HRK;HRK
XZAG;HT;HRHT00RA0005;2020-11-24;CT;176,50;177,50;176,50;176,50;176,855254237290;-0,28;34;7375,00000;1304307,50;HRK;HRK
XZAG;HT;HRHT00RA0005;2020-11-23;CT;176,50;177,50;176,50;177,00;177,273414634150;0,85;24;2050,00000;363410,50;HRK;HRK
XZAG;HT;HRHT00RA0005;2020-11-20;CT;175,50;177,50;175,50;175,50;175,903696498050;-0,28;15;1028,00000;180829,00;HRK;HRK
XZAG;HT;HRHT00RA0005;2020-11-19;CT;175,50;176,00;175,50;176,00;175,599697885200;-0,56;13;662,00000;116247,00;HRK;HRK
XZAG;HT;HRHT00RA0005;2020-11-17;CT;178,00;178,50;177,00;177,00;177,482638130600;0,00;26;4579,00000;812693,00;HRK;HRK
XZAG;HT;HRHT00RA0005;2020-11-16;BLOCK;;175,00;175,00;175,00;175,000000000000;;1;12000,00000;2100000,00;HRK;HRK
XZAG;HT;HRHT00RA0005;2020-11-16;CT;174,50;178,50;174,50;177,00;176,755692983470;0,85;41;8651,00000;1529113,50;HRK;HRK
XZAG;HT;HRHT00RA0005;2020-11-13;CT;175,00;176,00;175,00;175,50;175,256059245960;0,57;26;4456,00000;780941,00;HRK;HRK
XZAG;HT;HRHT00RA0005;2020-11-12;CT;174,00;175,00;174,00;174,50;174,507368421050;0,00;26;4275,00000;746019,00;HRK;HRK
XZAG;HT;HRHT00RA0005;2020-11-11;BLOCK;;174,00;174,00;174,00;174,000000000000;;1;110000,00000;19140000,00;HRK;HRK
XZAG;HT;HRHT00RA0005;2020-11-11;CT;174,00;174,50;173,50;174,50;174,031916817360;0,29;18;5530,00000;962396,50;HRK;HRK
XZAG;HT;HRHT00RA0005;2020-11-10;CT;174,00;175,00;173,50;174,00;173,979681274900;-0,29;26;1255,00000;218344,50;HRK;HRK
XZAG;HT;HRHT00RA0005;2020-11-09;CT;172,00;174,50;172,00;174,50;173,669103313840;1,16;29;3078,00000;534553,50;HRK;HRK
XZAG;HT;HRHT00RA0005;2020-11-06;CT;172,50;173,00;172,50;172,50;172,521133302370;-0,29;29;19377,00000;3342942,00;HRK;HRK
XZAG;HT;HRHT00RA0005;2020-11-05;CT;172,00;173,00;172,00;173,00;172,433985839230;0,87;19;2401,00000;414014,00;HRK;HRK
XZAG;HT;HRHT00RA0005;2020-11-04;CT;171,50;171,50;171,50;171,50;171,500000000000;0,00;11;1257,00000;215575,50;HRK;HRK
XZAG;HT;HRHT00RA0005;2020-11-03;CT;173,00;173,00;171,50;171,50;171,538755458520;0,29;15;4580,00000;785647,50;HRK;HRK
XZAG;HT;HRHT00RA0005;2020-11-02;CT;171,50;172,00;171,00;171,00;171,097213426220;-0,58;22;1579,00000;270162,50;HRK;HRK
XZAG;HT;HRHT00RA0005;2020-10-30;CT;171,00;172,00;171,00;172,00;171,514705882350;0,88;20;1904,00000;326564,00;HRK;HRK
XZAG;HT;HRHT00RA0005;2020-10-29;BLOCK;;171,00;171,00;171,00;171,000000000000;;2;100000,00000;17100000,00;HRK;HRK
XZAG;HT;HRHT00RA0005;2020-10-29;CT;171,50;171,50;170,00;170,50;170,488438714960;-0,87;31;4887,00000;833177,00;HRK;HRK
XZAG;HT;HRHT00RA0005;2020-10-28;CT;173,50;173,50;172,00;172,00;172,925186727070;-1,15;29;8167,00000;1412280,00;HRK;HRK
XZAG;HT;HRHT00RA0005;2020-10-27;CT;175,00;175,00;174,00;174,00;174,649656412860;-0,57;38;21683,00000;3786928,50;HRK;HRK
XZAG;HT;HRHT00RA0005;2020-10-26;CT;175,50;175,50;175,00;175,00;175,156854130050;0,00;32;6828,00000;1195971,00;HRK;HRK
XZAG;HT;HRHT00RA0005;2020-10-23;CT;175,50;176,00;175,00;175,00;175,480301274620;-0,57;27;2589,00000;454318,50;HRK;HRK
XZAG;HT;HRHT00RA0005;2020-10-22;CT;176,50;176,50;175,50;176,00;175,669308357350;0,00;13;694,00000;121914,50;HRK;HRK
XZAG;HT;HRHT00RA0005;2020-10-21;CT;175,50;176,50;175,50;176,00;175,956777749940;0,00;27;3991,00000;702243,50;HRK;HRK
XZAG;HT;HRHT00RA0005;2020-10-20;CT;176,50;176,50;175,00;176,00;175,636015325670;0,57;25;2610,00000;458410,00;HRK;HRK
XZAG;HT;HRHT00RA0005;2020-10-19;CT;176,00;176,00;175,00;175,00;175,689751801440;-0,57;22;3747,00000;658309,50;HRK;HRK
XZAG;HT;HRHT00RA0005;2020-10-16;CT;176,00;177,00;176,00;176,00;176,099637681160;0,00;19;1104,00000;194414,00;HRK;HRK
XZAG;HT;HRHT00RA0005;2020-10-15;CT;177,00;177,00;176,00;176,00;176,502500000000;-0,56;20;2400,00000;423606,00;HRK;HRK
XZAG;HT;HRHT00RA0005;2020-10-14;CT;177,00;177,00;176,00;177,00;176,541950113380;0,57;18;2205,00000;389275,00;HRK;HRK
XZAG;HT;HRHT00RA0005;2020-10-13;CT;176,50;177,00;176,00;176,00;176,433457422060;-0,28;31;2149,00000;379155,50;HRK;HRK
XZAG;HT;HRHT00RA0005;2020-10-12;BLOCK;;177,00;177,00;177,00;177,000000000000;;1;20574,00000;3641598,00;HRK;HRK
XZAG;HT;HRHT00RA0005;2020-10-12;CT;176,50;177,00;176,00;176,50;176,435297356830;0,28;22;1816,00000;320406,50;HRK;HRK
XZAG;HT;HRHT00RA0005;2020-10-09;CT;177,00;177,00;176,00;176,00;176,234399580490;0,00;20;1907,00000;336079,00;HRK;HRK
XZAG;HT;HRHT00RA0005;2020-10-08;BLOCK;;177,00;177,00;177,00;177,000000000000;;1;11500,00000;2035500,00;HRK;HRK
XZAG;HT;HRHT00RA0005;2020-10-08;CT;177,00;177,00;176,00;176,00;176,683328988530;-0,56;29;7672,00000;1355514,50;HRK;HRK
XZAG;HT;HRHT00RA0005;2020-10-07;CT;177,00;177,00;176,50;177,00;176,952674897120;0,00;13;3645,00000;644992,50;HRK;HRK
XZAG;HT;HRHT00RA0005;2020-10-06;CT;177,00;177,00;177,00;177,00;177,000000000000;0,00;16;1627,00000;287979,00;HRK;HRK
XZAG;HT;HRHT00RA0005;2020-10-05;CT;177,00;177,00;177,00;177,00;177,000000000000;0,28;9;1935,00000;342495,00;HRK;HRK
XZAG;HT;HRHT00RA0005;2020-10-02;CT;176,50;177,50;176,00;176,50;176,678735376870;-0,28;38;6753,00000;1193111,50;HRK;HRK
XZAG;HT;HRHT00RA0005;2020-10-01;CT;175,50;177,00;175,50;177,00;176,289839181290;1,14;15;1368,00000;241164,50;HRK;HRK
XZAG;HT;HRHT00RA0005;2020-09-30;CT;173,00;175,00;173,00;175,00;174,842921061040;0,86;13;6258,00000;1094167,00;HRK;HRK
XZAG;HT;HRHT00RA0005;2020-09-29;CT;176,50;176,50;173,50;173,50;174,824764353040;-1,70;35;8169,00000;1428143,50;HRK;HRK
XZAG;HT;HRHT00RA0005;2020-09-28;CT;174,50;177,00;174,50;176,50;176,574761101740;1,15;23;1779,00000;314126,50;HRK;HRK
XZAG;HT;HRHT00RA0005;2020-09-25;CT;177,00;177,00;174,50;174,50;175,663452638070;-1,41;27;6482,00000;1138650,50;HRK;HRK
XZAG;HT;HRHT00RA0005;2020-09-24;CT;178,00;178,50;175,00;177,00;177,014817227060;-0,56;44;24566,00000;4348546,00;HRK;HRK
XZAG;HT;HRHT00RA0005;2020-09-23;BLOCK;;176,00;176,00;176,00;176,000000000000;;1;21000,00000;3696000,00;HRK;HRK
XZAG;HT;HRHT00RA0005;2020-09-23;CT;175,50;178,00;175,50;178,00;177,015556919300;1,14;50;16295,00000;2884468,50;HRK;HRK
XZAG;HT;HRHT00RA0005;2020-09-22;CT;172,50;176,00;172,50;176,00;174,890230664860;1,73;58;11055,00000;1933411,50;HRK;HRK
XZAG;HT;HRHT00RA0005;2020-09-21;CT;171,50;173,00;171,50;173,00;171,781280788180;1,17;19;1015,00000;174358,00;HRK;HRK
XZAG;HT;HRHT00RA0005;2020-09-18;CT;171,50;172,00;171,00;171,00;171,270775623270;-0,29;17;1444,00000;247315,00;HRK;HRK
XZAG;HT;HRHT00RA0005;2020-09-17;CT;172,00;172,00;171,50;171,50;171,899189463020;-0,58;15;987,00000;169664,50;HRK;HRK
XZAG;HT;HRHT00RA0005;2020-09-16;CT;172,00;173,00;171,50;172,50;172,572314981950;0,00;26;4432,00000;764840,50;HRK;HRK
XZAG;HT;HRHT00RA0005;2020-09-15;CT;172,00;172,50;171,50;172,50;171,912509593250;0,00;15;1303,00000;224002,00;HRK;HRK
XZAG;HT;HRHT00RA0005;2020-09-14;CT;171,50;173,00;171,50;172,50;172,578201368520;-0,29;26;2046,00000;353095,00;HRK;HRK
XZAG;HT;HRHT00RA0005;2020-09-11;CT;171,50;173,00;171,00;173,00;172,001986445430;1,17;28;8558,00000;1471993,00;HRK;HRK
XZAG;HT;HRHT00RA0005;2020-09-10;CT;170,00;171,00;170,00;171,00;170,861737523110;0,29;25;5410,00000;924362,00;HRK;HRK
XZAG;HT;HRHT00RA0005;2020-09-09;CT;169,00;171,50;168,50;170,50;170,266280193240;1,19;54;10350,00000;1762256,00;HRK;HRK
XZAG;HT;HRHT00RA0005;2020-09-08;CT;168,50;169,50;168,50;168,50;168,576550387600;-0,30;21;1032,00000;173971,00;HRK;HRK
XZAG;HT;HRHT00RA0005;2020-09-07;CT;168,50;169,00;168,50;169,00;168,555907173000;0,60;10;474,00000;79895,50;HRK;HRK
XZAG;HT;HRHT00RA0005;2020-09-04;CT;168,50;169,00;168,00;168,00;168,385553470920;-1,18;37;13858,00000;2333487,00;HRK;HRK
XZAG;HT;HRHT00RA0005;2020-09-03;CT;169,50;170,50;169,00;170,00;169,897752808990;0,00;26;2670,00000;453627,00;HRK;HRK
XZAG;HT;HRHT00RA0005;2020-09-02;CT;168,00;170,00;168,00;170,00;169,098372537390;1,19;51;15177,00000;2566406,00;HRK;HRK
XZAG;HT;HRHT00RA0005;2020-09-01;CT;168,00;168,50;168,00;168,00;168,003688304720;0,00;45;7456,00000;1252635,50;HRK;HRK
XZAG;HT;HRHT00RA0005;2020-08-31;CT;165,50;168,00;165,50;168,00;166,121416366050;1,20;52;15801,00000;2624884,50;HRK;HRK
XZAG;HT;HRHT00RA0005;2020-08-28;CT;165,50;166,00;165,00;166,00;165,690050160960;0,30;35;13357,00000;2213122,00;HRK;HRK
XZAG;HT;HRHT00RA0005;2020-08-27;CT;165,00;166,00;164,50;165,50;165,480042845870;0,30;27;8869,00000;1467642,50;HRK;HRK
XZAG;HT;HRHT00RA0005;2020-08-26;CT;166,00;166,00;165,00;165,00;165,265922826590;-0,60;28;2151,00000;355487,00;HRK;HRK
XZAG;HT;HRHT00RA0005;2020-08-25;CT;166,00;166,00;166,00;166,00;166,000000000000;0,00;23;1452,00000;241032,00;HRK;HRK
XZAG;HT;HRHT00RA0005;2020-08-24;CT;165,00;166,00;165,00;166,00;165,249476987450;0,30;12;956,00000;157978,50;HRK;HRK
XZAG;HT;HRHT00RA0005;2020-08-21;CT;165,00;166,00;165,00;165,50;165,902802101580;0,00;17;5139,00000;852574,50;HRK;HRK
XZAG;HT;HRHT00RA0005;2020-08-20;CT;166,00;166,00;165,50;165,50;165,961093672560;-0,30;19;6053,00000;1004562,50;HRK;HRK
XZAG;HT;HRHT00RA0005;2020-08-19;CT;168,50;168,50;166,00;166,00;167,418313570490;-0,90;17;6831,00000;1143634,50;HRK;HRK
XZAG;HT;HRHT00RA0005;2020-08-18;CT;168,00;168,50;167,50;167,50;167,665062560150;-0,30;16;1039,00000;174204,00;HRK;HRK
XZAG;HT;HRHT00RA0005;2020-08-17;CT;167,00;168,00;167,00;168,00;167,701357466060;0,00;17;1547,00000;259434,00;HRK;HRK
XZAG;HT;HRHT00RA0005;2020-08-14;CT;167,50;168,00;167,00;168,00;167,780228334200;0,00;21;1927,00000;323312,50;HRK;HRK
XZAG;HT;HRHT00RA0005;2020-08-13;CT;167,50;168,00;167,00;168,00;167,705937921730;0,30;34;3705,00000;621350,50;HRK;HRK
XZAG;HT;HRHT00RA0005;2020-08-12;CT;168,00;168,00;167,00;167,50;167,469910371320;-0,59;14;781,00000;130794,00;HRK;HRK
XZAG;HT;HRHT00RA0005;2020-08-11;CT;166,00;168,50;166,00;168,50;166,924050632910;1,51;26;3239,00000;540667,00;HRK;HRK
XZAG;HT;HRHT00RA0005;2020-08-10;CT;164,00;166,00;164,00;166,00;165,298933500630;0,91;17;1594,00000;263486,50;HRK;HRK
XZAG;HT;HRHT00RA0005;2020-08-07;CT;165,00;165,50;164,50;164,50;164,769662921350;0,92;6;445,00000;73322,50;HRK;HRK
XZAG;HT;HRHT00RA0005;2020-08-06;CT;163,50;165,50;163,00;163,00;164,108139534880;-0,31;23;4300,00000;705665,00;HRK;HRK
XZAG;HT;HRHT00RA0005;2020-08-04;CT;164,50;165,00;163,50;163,50;164,691836734690;0,62;13;1225,00000;201747,50;HRK;HRK
XZAG;HT;HRHT00RA0005;2020-08-03;CT;163,00;164,00;162,50;162,50;162,536379018610;0,31;12;591,00000;96059,00;HRK;HRK
XZAG;HT;HRHT00RA0005;2020-07-31;CT;164,50;164,50;162,00;162,00;162,865628742510;-1,22;30;4175,00000;679964,00;HRK;HRK
XZAG;HT;HRHT00RA0005;2020-07-30;CT;165,50;165,50;164,00;164,00;164,401920220670;-1,20;33;9426,00000;1549652,50;HRK;HRK
XZAG;HT;HRHT00RA0005;2020-07-29;CT;165,00;166,50;165,00;166,00;165,747610513740;0,61;23;1674,00000;277461,50;HRK;HRK
XZAG;HT;HRHT00RA0005;2020-07-28;CT;166,00;167,00;165,00;165,00;165,668739119620;-0,60;36;4021,00000;666154,00;HRK;HRK
XZAG;HT;HRHT00RA0005;2020-07-27;CT;167,50;167,50;165,50;166,00;166,905517241380;-4,05;16;1450,00000;242013,00;HRK;HRK
XZAG;HT;HRHT00RA0005;2020-07-24;CT;173,50;174,00;172,50;173,00;173,239429866620;-0,86;54;11471,00000;1987229,50;HRK;HRK
XZAG;HT;HRHT00RA0005;2020-07-23;CT;174,50;175,00;174,00;174,50;174,527850761950;-0,29;22;1903,00000;332126,50;HRK;HRK
XZAG;HT;HRHT00RA0005;2020-07-22;CT;174,50;175,50;174,00;175,00;174,635912608100;0,00;34;10985,00000;1918375,50;HRK;HRK
XZAG;HT;HRHT00RA0005;2020-07-21;CT;175,50;175,50;174,50;175,00;175,343990526940;-0,28;37;13512,00000;2369248,00;HRK;HRK
XZAG;HT;HRHT00RA0005;2020-07-20;CT;175,00;176,00;173,50;175,50;174,805454102750;-0,28;46;4107,00000;717926,00;HRK;HRK
XZAG;HT;HRHT00RA0005;2020-07-17;CT;176,00;176,00;175,00;176,00;175,546543359610;0,00;18;3298,00000;578952,50;HRK;HRK
XZAG;HT;HRHT00RA0005;2020-07-16;CT;175,50;177,00;175,50;176,00;176,106443719410;0,28;18;1226,00000;215906,50;HRK;HRK
XZAG;HT;HRHT00RA0005;2020-07-15;CT;176,50;176,50;175,50;175,50;175,917768832660;-0,57;17;1739,00000;305921,00;HRK;HRK
XZAG;HT;HRHT00RA0005;2020-07-14;CT;176,50;176,50;175,50;176,50;176,181660899650;0,00;11;578,00000;101833,00;HRK;HRK
XZAG;HT;HRHT00RA0005;2020-07-13;CT;174,50;177,00;174,50;176,50;175,359060402680;1,15;12;596,00000;104514,00;HRK;HRK
XZAG;HT;HRHT00RA0005;2020-07-10;CT;176,00;176,00;174,50;174,50;175,207122093020;-1,41;14;688,00000;120542,50;HRK;HRK
XZAG;HT;HRHT00RA0005;2020-07-09;CT;175,00;177,00;175,00;177,00;176,013633669240;1,14;19;1687,00000;296935,00;HRK;HRK
XZAG;HT;HRHT00RA0005;2020-07-08;CT;175,00;176,00;175,00;175,00;175,034111310590;0,00;16;1114,00000;194988,00;HRK;HRK
XZAG;HT;HRHT00RA0005;2020-07-07;CT;175,00;175,00;174,00;175,00;174,721062618600;0,29;12;527,00000;92078,00;HRK;HRK
XZAG;HT;HRHT00RA0005;2020-07-06;CT;174,00;175,00;174,00;174,50;174,054054054050;0,58;9;444,00000;77280,00;HRK;HRK
XZAG;HT;HRHT00RA0005;2020-07-03;CT;174,00;175,50;173,50;173,50;174,329357798170;0,00;16;545,00000;95009,50;HRK;HRK
XZAG;HT;HRHT00RA0005;2020-07-02;CT;174,00;175,00;173,50;173,50;173,932411674350;0,00;21;651,00000;113230,00;HRK;HRK
XZAG;HT;HRHT00RA0005;2020-07-01;CT;175,00;175,00;173,50;173,50;174,513736263740;-1,98;8;364,00000;63523,00;HRK;HRK
XZAG;HT;HRHT00RA0005;2020-06-30;CT;174,50;177,00;174,50;177,00;176,331390134530;1,14;22;2230,00000;393219,00;HRK;HRK
XZAG;HT;HRHT00RA0005;2020-06-29;CT;173,00;175,00;173,00;175,00;173,612244897960;0,29;9;441,00000;76563,00;HRK;HRK
XZAG;HT;HRHT00RA0005;2020-06-26;CT;174,00;175,50;173,00;174,50;174,472042014210;0,29;37;6474,00000;1129532,00;HRK;HRK
XZAG;HT;HRHT00RA0005;2020-06-25;CT;174,50;174,50;173,00;174,00;173,687993882230;-0,29;27;3923,00000;681378,00;HRK;HRK
XZAG;HT;HRHT00RA0005;2020-06-24;CT;175,00;175,50;174,50;174,50;174,980315674890;-0,29;43;5512,00000;964491,50;HRK;HRK
XZAG;HT;HRHT00RA0005;2020-06-23;CT;175,00;175,50;174,50;175,00;174,962897526500;0,00;16;849,00000;148543,50;HRK;HRK
XZAG;HT;HRHT00RA0005;2020-06-19;CT;175,00;175,50;174,50;175,00;174,875051292570;0,00;18;2437,00000;426170,50;HRK;HRK
XZAG;HT;HRHT00RA0005;2020-06-18;CT;175,00;176,00;174,00;175,00;175,655728788980;0,29;27;5516,00000;968917,00;HRK;HRK
XZAG;HT;HRHT00RA0005;2020-06-17;CT;173,50;174,50;173,00;174,50;173,676296633300;0,58;33;4396,00000;763481,00;HRK;HRK
XZAG;HT;HRHT00RA0005;2020-06-16;CT;171,50;173,50;171,50;173,50;172,102793296090;1,17;20;895,00000;154032,00;HRK;HRK
XZAG;HT;HRHT00RA0005;2020-06-15;CT;171,50;172,00;171,00;171,50;171,307752853210;-0,58;19;2541,00000;435293,00;HRK;HRK
XZAG;HT;HRHT00RA0005;2020-06-12;CT;171,00;172,50;170,50;172,50;171,515519253210;0,58;40;4285,00000;734944,00;HRK;HRK
XZAG;HT;HRHT00RA0005;2020-06-10;CT;171,00;172,00;170,50;171,50;171,827318156580;0,29;31;7204,00000;1237844,00;HRK;HRK
XZAG;HT;HRHT00RA0005;2020-06-09;CT;171,00;171,00;170,00;171,00;170,969155330590;-0,29;17;6322,00000;1080867,00;HRK;HRK
XZAG;HT;HRHT00RA0005;2020-06-08;CT;171,00;172,00;170,50;171,50;171,222627088520;0,29;23;5626,00000;963298,50;HRK;HRK
XZAG;HT;HRHT00RA0005;2020-06-05;CT;171,00;171,50;170,50;171,00;171,237106838150;-1,16;24;7853,00000;1344725,00;HRK;HRK
XZAG;HT;HRHT00RA0005;2020-06-04;CT;172,50;173,50;172,00;173,00;172,893581081080;0,58;14;4144,00000;716471,00;HRK;HRK
XZAG;HT;HRHT00RA0005;2020-06-03;CT;169,00;173,00;169,00;172,00;170,987602384800;2,08;62;17947,00000;3068714,50;HRK;HRK
XZAG;HT;HRHT00RA0005;2020-06-02;CT;168,00;169,00;167,50;168,50;168,336397058820;0,30;23;1360,00000;228937,50;HRK;HRK
XZAG;HT;HRHT00RA0005;2020-06-01;CT;167,00;168,00;167,00;168,00;167,353365384620;-0,30;18;832,00000;139238,00;HRK;HRK
XZAG;HT;HRHT00RA0005;2020-05-29;CT;167,50;168,50;167,50;168,50;167,899709302330;0,60;23;8256,00000;1386180,00;HRK;HRK
XZAG;HT;HRHT00RA0005;2020-05-28;CT;167,00;167,50;167,00;167,50;167,100877192980;0,00;7;342,00000;57148,50;HRK;HRK
XZAG;HT;HRHT00RA0005;2020-05-27;CT;167,00;167,50;166,00;167,50;167,396013289040;0,90;19;3010,00000;503862,00;HRK;HRK
XZAG;HT;HRHT00RA0005;2020-05-26;CT;165,00;167,50;165,00;166,00;166,694310308630;0,61;31;9526,00000;1587930,00;HRK;HRK
XZAG;HT;HRHT00RA0005;2020-05-25;CT;165,00;165,00;165,00;165,00;165,000000000000;-0,30;10;1237,00000;204105,00;HRK;HRK
XZAG;HT;HRHT00RA0005;2020-05-22;CT;165,50;166,00;165,50;165,50;165,514052838670;0,00;7;3558,00000;588899,00;HRK;HRK
XZAG;HT;HRHT00RA0005;2020-05-21;CT;166,00;166,00;165,50;165,50;165,765957446810;-0,30;5;188,00000;31164,00;HRK;HRK
XZAG;HT;HRHT00RA0005;2020-05-20;CT;167,00;168,00;166,00;166,00;166,372492124030;-0,60;14;6031,00000;1003392,50;HRK;HRK
XZAG;HT;HRHT00RA0005;2020-05-19;CT;165,50;167,00;165,00;167,00;165,582514734770;0,91;33;9671,00000;1601348,50;HRK;HRK
XZAG;HT;HRHT00RA0005;2020-05-18;CT;166,00;166,50;164,50;165,50;166,167707404100;0,00;11;3363,00000;558822,00;HRK;HRK
XZAG;HT;HRHT00RA0005;2020-05-15;CT;166,50;166,50;165,00;165,50;166,105263157890;-0,30;14;7752,00000;1287648,00;HRK;HRK
XZAG;HT;HRHT00RA0005;2020-05-14;CT;164,50;168,00;164,50;166,00;166,012400124520;0,00;29;9637,00000;1599861,50;HRK;HRK
XZAG;HT;HRHT00RA0005;2020-05-13;CT;164,50;166,00;164,50;166,00;165,040254237290;0,61;12;1180,00000;194747,50;HRK;HRK
XZAG;HT;HRHT00RA0005;2020-05-12;CT;165,00;166,00;165,00;165,00;165,482214317470;0,30;25;2249,00000;372169,50;HRK;HRK
XZAG;HT;HRHT00RA0005;2020-05-11;CT;164,00;164,50;164,00;164,50;164,200636942680;-0,90;8;314,00000;51559,00;HRK;HRK
XZAG;HT;HRHT00RA0005;2020-05-08;CT;164,00;166,00;163,00;166,00;165,018111254850;1,22;16;3092,00000;510236,00;HRK;HRK
XZAG;HT;HRHT00RA0005;2020-05-07;CT;164,00;164,00;163,50;164,00;163,970459709840;-1,20;17;5721,00000;938075,00;HRK;HRK
XZAG;HT;HRHT00RA0005;2020-05-06;CT;164,50;166,00;164,00;166,00;164,315075757580;0,00;33;6600,00000;1084479,50;HRK;HRK
XZAG;HT;HRHT00RA0005;2020-05-05;CT;163,50;166,00;163,00;166,00;164,163355966480;1,53;32;13844,00000;2272677,50;HRK;HRK
XZAG;HT;HRHT00RA0005;2020-05-04;CT;165,50;165,50;163,50;163,50;164,726880446740;-0,91;31;11819,00000;1946907,00;HRK;HRK
XZAG;HT;HRHT00RA0005;2020-04-30;CT;166,00;166,00;165,00;165,00;165,541524757660;-0,90;16;3817,00000;631872,00;HRK;HRK
XZAG;HT;HRHT00RA0005;2020-04-29;CT;166,00;166,50;165,50;166,50;165,903372868790;0,30;59;13490,00000;2238036,50;HRK;HRK
XZAG;HT;HRHT00RA0005;2020-04-28;CT;166,50;166,50;166,00;166,00;166,023598820060;0,00;37;8475,00000;1407050,00;HRK;HRK
XZAG;HT;HRHT00RA0005;2020-04-27;CT;166,50;167,00;166,00;166,00;166,431496649290;0,30;18;2686,00000;447035,00;HRK;HRK
XZAG;HT;HRHT00RA0005;2020-04-24;CT;166,00;166,00;165,50;165,50;165,820312500000;-0,90;4;192,00000;31837,50;HRK;HRK
XZAG;HT;HRHT00RA0005;2020-04-23;CT;165,50;167,00;165,50;167,00;166,010810810810;0,60;4;185,00000;30712,00;HRK;HRK
XZAG;HT;HRHT00RA0005;2020-04-22;CT;165,00;166,50;165,00;166,00;165,376712328770;0,91;5;438,00000;72435,00;HRK;HRK
XZAG;HT;HRHT00RA0005;2020-04-21;CT;166,00;166,00;164,00;164,50;164,739099859350;-0,90;50;15642,00000;2576849,00;HRK;HRK
XZAG;HT;HRHT00RA0005;2020-04-20;CT;167,00;167,50;165,50;166,00;166,438095238100;0,00;19;4095,00000;681564,00;HRK;HRK
XZAG;HT;HRHT00RA0005;2020-04-17;CT;164,50;166,50;164,50;166,00;165,983720930230;0,91;28;12470,00000;2069817,00;HRK;HRK
XZAG;HT;HRHT00RA0005;2020-04-16;CT;167,00;168,50;164,50;164,50;166,251178407700;-2,08;44;30974,00000;5149464,00;HRK;HRK
XZAG;HT;HRHT00RA0005;2020-04-15;CT;167,00;168,00;166,50;168,00;167,554118950870;0,90;30;2707,00000;453569,00;HRK;HRK
XZAG;HT;HRHT00RA0005;2020-04-14;CT;168,00;168,00;166,50;166,50;166,821296928330;-0,30;27;7325,00000;1221966,00;HRK;HRK
XZAG;HT;HRHT00RA0005;2020-04-09;CT;169,00;169,00;166,50;167,00;167,711512134410;0,00;27;8035,00000;1347562,00;HRK;HRK
XZAG;HT;HRHT00RA0005;2020-04-08;CT;166,00;167,00;164,50;167,00;165,893594381780;0,60;27;4699,00000;779534,00;HRK;HRK
XZAG;HT;HRHT00RA0005;2020-04-07;CT;166,50;170,00;165,00;166,00;168,339870848120;0,91;104;31281,00000;5265839,50;HRK;HRK
XZAG;HT;HRHT00RA0005;2020-04-06;CT;162,00;165,00;162,00;164,50;164,179113018600;2,49;64;24465,00000;4016642,00;HRK;HRK
XZAG;HT;HRHT00RA0005;2020-04-03;CT;161,00;161,50;160,00;160,50;160,281665385040;0,31;45;9103,00000;1459044,00;HRK;HRK
XZAG;HT;HRHT00RA0005;2020-04-02;CT;162,00;162,50;159,50;160,00;161,378203100280;0,00;33;9483,00000;1530349,50;HRK;HRK
XZAG;HT;HRHT00RA0005;2020-04-01;CT;162,50;162,50;160,00;160,00;160,670287006090;-1,54;60;20348,00000;3269319,00;HRK;HRK
XZAG;HT;HRHT00RA0005;2020-03-31;CT;164,00;164,50;162,00;162,50;163,035958242040;0,00;38;15518,00000;2529992,00;HRK;HRK
XZAG;HT;HRHT00RA0005;2020-03-30;CT;164,00;164,00;162,00;162,50;162,696830985920;-0,91;27;4260,00000;693088,50;HRK;HRK
XZAG;HT;HRHT00RA0005;2020-03-27;CT;164,50;166,00;164,00;164,00;165,246576654220;0,00;47;10443,00000;1725670,00;HRK;HRK
XZAG;HT;HRHT00RA0005;2020-03-26;CT;167,50;167,50;161,50;164,00;164,075933783850;-1,20;57;19089,00000;3132045,50;HRK;HRK
XZAG;HT;HRHT00RA0005;2020-03-25;CT;169,00;170,50;165,00;166,00;168,033318553240;-1,78;42;15787,00000;2652742,00;HRK;HRK
XZAG;HT;HRHT00RA0005;2020-03-24;CT;165,50;170,50;165,50;169,00;168,907950861630;3,36;76;23444,00000;3959878,00;HRK;HRK
XZAG;HT;HRHT00RA0005;2020-03-23;CT;161,00;164,50;158,00;163,50;161,423884835720;-1,21;70;20423,00000;3296760,00;HRK;HRK
XZAG;HT;HRHT00RA0005;2020-03-20;CT;161,00;167,50;161,00;165,50;165,981580137710;4,75;99;39794,00000;6605071,00;HRK;HRK
XZAG;HT;HRHT00RA0005;2020-03-19;CT;154,00;160,50;153,50;158,00;158,112217844390;2,60;77;27157,00000;4293853,50;HRK;HRK
XZAG;HT;HRHT00RA0005;2020-03-18;CT;157,00;157,00;152,50;154,00;154,683038509710;-1,60;100;38328,00000;5928691,50;HRK;HRK
XZAG;HT;HRHT00RA0005;2020-03-17;CT;148,50;156,50;148,50;156,50;152,083904033930;7,56;86;22633,00000;3442115,00;HRK;HRK
XZAG;HT;HRHT00RA0005;2020-03-16;CT;150,00;150,00;144,50;145,50;146,261422752260;-4,90;192;40752,00000;5960445,50;HRK;HRK
XZAG;HT;HRHT00RA0005;2020-03-13;CT;150,00;158,00;147,50;153,00;151,979403152040;3,73;231;60786,00000;9238220,00;HRK;HRK
XZAG;HT;HRHT00RA0005;2020-03-12;CT;158,00;158,00;147,50;147,50;153,422294022620;-8,95;44;9285,00000;1424526,00;HRK;HRK
XZAG;HT;HRHT00RA0005;2020-03-11;CT;168,00;168,00;161,00;162,00;164,107732278830;-2,99;96;30599,00000;5021532,50;HRK;HRK
XZAG;HT;HRHT00RA0005;2020-03-10;CT;168,00;171,00;167,00;167,00;168,954475865540;-0,30;94;45723,00000;7725105,50;HRK;HRK
XZAG;HT;HRHT00RA0005;2020-03-09;CT;169,50;174,00;163,00;167,50;168,236923580350;-3,74;152;39728,00000;6683716,50;HRK;HRK
XZAG;HT;HRHT00RA0005;2020-03-06;CT;174,00;174,50;171,50;174,00;173,362775525720;0,00;38;15788,00000;2737051,50;HRK;HRK
XZAG;HT;HRHT00RA0005;2020-03-05;CT;173,50;174,50;173,50;174,00;173,992869228910;0,58;30;8274,00000;1439617,00;HRK;HRK
XZAG;HT;HRHT00RA0005;2020-03-04;CT;174,50;174,50;173,00;173,00;173,502276678530;-0,57;28;12079,00000;2095734,00;HRK;HRK
XZAG;HT;HRHT00RA0005;2020-03-03;CT;173,50;175,00;173,50;174,00;174,578192562700;0,58;46;13876,00000;2422447,00;HRK;HRK
XZAG;HT;HRHT00RA0005;2020-03-02;CT;174,50;175,00;171,50;173,00;172,974556036410;0,58;76;26804,00000;4636410,00;HRK;HRK
XZAG;HT;HRHT00RA0005;2020-02-28;BLOCK;;173,00;173,00;173,00;173,000000000000;;1;18000,00000;3114000,00;HRK;HRK
XZAG;HT;HRHT00RA0005;2020-02-28;CT;175,00;175,00;171,00;172,00;172,909722460170;-2,82;130;58370,00000;10092740,50;HRK;HRK
XZAG;HT;HRHT00RA0005;2020-02-27;CT;178,00;178,00;176,00;177,00;177,129055412000;-0,56;63;20898,00000;3701643,00;HRK;HRK
XZAG;HT;HRHT00RA0005;2020-02-26;CT;173,00;178,00;172,00;178,00;174,655060644080;2,01;73;28692,00000;5011203,00;HRK;HRK
XZAG;HT;HRHT00RA0005;2020-02-25;CT;177,00;177,00;172,50;174,50;174,148264542960;-1,41;133;53617,00000;9337307,50;HRK;HRK
XZAG;HT;HRHT00RA0005;2020-02-24;BLOCK;;177,00;177,00;177,00;177,000000000000;;1;20000,00000;3540000,00;HRK;HRK
XZAG;HT;HRHT00RA0005;2020-02-24;CT;180,50;180,50;175,00;177,00;177,748410313740;-2,48;104;28622,00000;5087515,00;HRK;HRK
XZAG;HT;HRHT00RA0005;2020-02-21;BLOCK;;181,50;181,50;181,50;181,500000000000;;1;20000,00000;3630000,00;HRK;HRK
XZAG;HT;HRHT00RA0005;2020-02-21;CT;181,00;182,00;181,00;181,50;181,562010763210;0,28;35;8176,00000;1484451,00;HRK;HRK
XZAG;HT;HRHT00RA0005;2020-02-20;CT;180,50;181,50;180,50;181,00;180,905390334570;0,28;31;8070,00000;1459906,50;HRK;HRK
XZAG;HT;HRHT00RA0005;2020-02-19;BLOCK;;180,50;180,50;180,50;180,500000000000;;1;20000,00000;3610000,00;HRK;HRK
XZAG;HT;HRHT00RA0005;2020-02-19;CT;180,00;181,00;180,00;180,50;180,207457627120;0,28;26;1475,00000;265806,00;HRK;HRK
XZAG;HT;HRHT00RA0005;2020-02-18;BLOCK;;180,50;180,00;180,50;180,250000000000;;2;40000,00000;7210000,00;HRK;HRK
XZAG;HT;HRHT00RA0005;2020-02-18;CT;183,50;183,50;177,50;180,00;180,531704009810;-1,91;71;15487,00000;2795894,50;HRK;HRK
XZAG;HT;HRHT00RA0005;2020-02-17;CT;184,00;185,00;183,00;183,50;183,660667689950;-0,27;44;13030,00000;2393098,50;HRK;HRK
XZAG;HT;HRHT00RA0005;2020-02-14;CT;185,00;185,00;184,00;184,00;184,488014691670;-0,81;51;15519,00000;2863069,50;HRK;HRK
XZAG;HT;HRHT00RA0005;2020-02-13;BLOCK;;186,00;186,00;186,00;186,000000000000;;1;11000,00000;2046000,00;HRK;HRK
XZAG;HT;HRHT00RA0005;2020-02-13;CT;185,50;186,00;185,00;185,50;185,831481061470;0,00;29;13227,00000;2457993,00;HRK;HRK
XZAG;HT;HRHT00RA0005;2020-02-12;CT;186,50;187,00;185,50;185,50;185,998484192290;-0,27;33;30017,00000;5583116,50;HRK;HRK
XZAG;HT;HRHT00RA0005;2020-02-11;CT;186,00;186,50;185,50;186,00;185,964588785790;0,27;35;12609,00000;2344827,50;HRK;HRK
XZAG;HT;HRHT00RA0005;2020-02-10;BLOCK;;187,00;187,00;187,00;187,000000000000;;1;11000,00000;2057000,00;HRK;HRK
XZAG;HT;HRHT00RA0005;2020-02-10;CT;187,50;188,00;185,50;185,50;187,094303242770;-0,27;39;5705,00000;1067373,00;HRK;HRK
XZAG;HT;HRHT00RA0005;2020-02-07;CT;188,00;189,00;185,50;186,00;187,779151353160;-1,06;31;5986,00000;1124046,00;HRK;HRK
XZAG;HT;HRHT00RA0005;2020-02-06;CT;187,00;188,50;187,00;188,00;187,993028046270;0,27;40;6311,00000;1186424,00;HRK;HRK
XZAG;HT;HRHT00RA0005;2020-02-05;CT;185,00;187,50;185,00;187,50;186,898373983740;1,35;46;7872,00000;1471264,00;HRK;HRK
XZAG;HT;HRHT00RA0005;2020-02-04;CT;184,00;185,00;184,00;185,00;184,656961515210;0,54;29;4963,00000;916452,50;HRK;HRK
XZAG;HT;HRHT00RA0005;2020-02-03;CT;184,00;185,00;184,00;184,00;184,401545506580;0,27;28;1747,00000;322149,50;HRK;HRK
XZAG;HT;HRHT00RA0005;2020-01-31;CT;185,00;186,00;183,50;183,50;184,837800573570;-0,81;46;9066,00000;1675739,50;HRK;HRK
XZAG;HT;HRHT00RA0005;2020-01-30;CT;184,50;186,00;184,50;185,00;185,408902943320;0,27;29;4111,00000;762216,00;HRK;HRK
XZAG;HT;HRHT00RA0005;2020-01-29;BLOCK;;184,50;184,50;184,50;184,500000000000;;1;13168,00000;2429496,00;HRK;HRK
XZAG;HT;HRHT00RA0005;2020-01-29;CT;184,00;185,50;184,00;184,50;184,293700088730;0,27;15;1127,00000;207699,00;HRK;HRK
XZAG;HT;HRHT00RA0005;2020-01-28;CT;184,50;185,00;184,00;184,00;184,655049734990;-0,54;38;13773,00000;2543254,00;HRK;HRK
XZAG;HT;HRHT00RA0005;2020-01-27;CT;185,50;185,50;185,00;185,00;185,005815439670;-0,54;38;15648,00000;2894971,00;HRK;HRK
XZAG;HT;HRHT00RA0005;2020-01-24;CT;184,50;186,00;184,50;186,00;185,024547353760;0,81;24;2872,00000;531390,50;HRK;HRK
XZAG;HT;HRHT00RA0005;2020-01-23;BLOCK;;186,50;186,50;186,50;186,500000000000;;1;11000,00000;2051500,00;HRK;HRK
XZAG;HT;HRHT00RA0005;2020-01-23;CT;186,00;186,50;184,50;184,50;185,981026137460;0,27;31;5165,00000;960592,00;HRK;HRK
XZAG;HT;HRHT00RA0005;2020-01-22;CT;185,00;186,00;184,00;184,00;185,200978511130;-0,54;37;5212,00000;965267,50;HRK;HRK
XZAG;HT;HRHT00RA0005;2020-01-21;CT;185,00;186,50;185,00;185,00;185,576278859210;0,00;26;2209,00000;409938,00;HRK;HRK
XZAG;HT;HRHT00RA0005;2020-01-20;CT;185,00;186,50;184,00;185,00;185,437125972470;0,54;46;13368,00000;2478923,50;HRK;HRK
XZAG;HT;HRHT00RA0005;2020-01-17;CT;184,50;185,00;183,50;184,00;184,688591022440;-0,54;31;6416,00000;1184962,00;HRK;HRK
XZAG;HT;HRHT00RA0005;2020-01-16;CT;187,50;187,50;184,50;185,00;186,545481278180;-1,07;43;10202,00000;1903137,00;HRK;HRK
XZAG;HT;HRHT00RA0005;2020-01-15;CT;189,00;189,00;186,50;187,00;187,947190355820;-0,53;67;25715,00000;4833062,00;HRK;HRK
XZAG;HT;HRHT00RA0005;2020-01-14;CT;185,00;189,00;185,00;188,00;187,425381942170;1,90;65;15251,00000;2858424,50;HRK;HRK
XZAG;HT;HRHT00RA0005;2020-01-13;CT;182,00;184,50;182,00;184,50;183,086153368520;1,65;29;3221,00000;589720,50;HRK;HRK
XZAG;HT;HRHT00RA0005;2020-01-10;CT;180,50;182,50;180,00;181,50;180,837159253950;0,83;32;3485,00000;630217,50;HRK;HRK
XZAG;HT;HRHT00RA0005;2020-01-09;BLOCK;;180,00;180,00;180,00;180,000000000000;;4;248000,00000;44640000,00;HRK;HRK
XZAG;HT;HRHT00RA0005;2020-01-09;CT;179,00;180,50;179,00;180,00;179,779124315870;0,56;43;14069,00000;2529312,50;HRK;HRK
XZAG;HT;HRHT00RA0005;2020-01-08;BLOCK;;180,50;180,00;180,00;180,198220633420;;4;99586,00000;17945220,00;HRK;HRK
XZAG;HT;HRHT00RA0005;2020-01-08;CT;181,00;181,00;178,50;179,00;180,127099620710;-0,56;47;12919,00000;2327062,00;HRK;HRK
XZAG;HT;HRHT00RA0005;2020-01-07;CT;179,00;183,00;179,00;180,00;181,403954358280;0,84;76;31813,00000;5771004,00;HRK;HRK
XZAG;HT;HRHT00RA0005;2020-01-03;CT;175,50;178,50;175,00;178,50;176,843064653940;1,71;43;10533,00000;1862688,00;HRK;HRK
XZAG;HT;HRHT00RA0005;2020-01-02;BLOCK;;175,00;175,00;175,00;175,000000000000;;1;13194,00000;2308950,00;HRK;HRK
XZAG;HT;HRHT00RA0005;2020-01-02;CT;174,00;175,50;173,50;175,50;174,611771234580;0,29;40;15317,00000;2674528,50;HRK;HRK
