mic;symbol;isin;date;trading_model_id;open_price;high_price;low_price;last_price;vwap_price;change_prev_close_percentage;num_trades;volume;turnover;price_currency;turnover_currency
XZAG;KOEI;HRKOEIRA0009;2026-09-04;CT;1030,00;1034,00;1028,00;1034,00;1030,7375000000;0,39;35;160,00000;164918,00;EUR;EUR
XZAG;KOEI;HRKOEIRA0009;2026-09-03;CT;1020,00;1030,00;1020,00;1030,00;1022,2657342657;1,38;21;286,00000;292368,00;EUR;EUR
XZAG;KOEI;HRKOEIRA0009;2026-09-02;CT;1022,00;1022,00;1016,00;1016,00;1018,0562248996;-0,59;37;249,00000;253496,00;EUR;EUR
XZAG;KOEI;HRKOEIRA0009;2026-09-01;CT;1030,00;1034,00;1020,00;1022,00;1025,3011494253;-0,78;53;435,00000;446006,00;EUR;EUR
XZAG;KOEI;HRKOEIRA0009;2026-08-31;CT;1032,00;1034,00;1026,00;1030,00;1029,4906367041;-0,39;29;267,00000;274874,00;EUR;EUR
XZAG;KOEI;HRKOEIRA0009;2026-08-28;CT;1020,00;1034,00;1016,00;1034,00;1026,7371601208;2,38;47;331,00000;339850,00;EUR;EUR
XZAG;KOEI;HRKOEIRA0009;2026-08-27;CT;1020,00;1020,00;1010,00;1010,00;1016,0000000000;-0,98;90;495,00000;502920,00;EUR;EUR
XZAG;KOEI;HRKOEIRA0009;2026-08-26;CT;1030,00;1030,00;1016,00;1020,00;1020,8083832335;0,00;56;334,00000;340950,00;EUR;EUR
XZAG;KOEI;HRKOEIRA0009;2026-08-25;CT;1020,00;1028,00;1020,00;1020,00;1022,1920000000;0,00;42;250,00000;255548,00;EUR;EUR
XZAG;KOEI;HRKOEIRA0009;2026-08-24;CT;1036,00;1036,00;1016,00;1020,00;1021,8298755187;-1,16;72;482,00000;492522,00;EUR;EUR
XZAG;KOEI;HRKOEIRA0009;2026-08-21;CT;1040,00;1044,00;1032,00;1032,00;1039,1666666667;-0,77;51;444,00000;461390,00;EUR;EUR
XZAG;KOEI;HRKOEIRA0009;2026-08-20;CT;1042,00;1042,00;1032,00;1040,00;1038,2633744856;0,00;46;243,00000;252298,00;EUR;EUR
XZAG;KOEI;HRKOEIRA0009;2026-08-19;CT;1040,00;1052,00;1038,00;1040,00;1047,0000000000;0,19;118;850,00000;889950,00;EUR;EUR
XZAG;KOEI;HRKOEIRA0009;2026-08-18;BLOCK;;1014,00;1014,00;1014,00;1014,0000000000;;1;391,00000;396474,00;EUR;EUR
XZAG;KOEI;HRKOEIRA0009;2026-08-18;CT;1016,00;1038,00;1016,00;1038,00;1028,0047961631;2,37;83;417,00000;428678,00;EUR;EUR
XZAG;KOEI;HRKOEIRA0009;2026-08-17;BLOCK;;1014,00;1014,00;1014,00;1014,0000000000;;1;1300,00000;1318200,00;EUR;EUR
XZAG;KOEI;HRKOEIRA0009;2026-08-17;CT;1016,00;1018,00;1012,00;1014,00;1017,2210526316;0,40;27;95,00000;96636,00;EUR;EUR
XZAG;KOEI;HRKOEIRA0009;2026-08-14;BLOCK;;1012,00;1010,00;1010,00;1010,6451612903;;2;3100,00000;3133000,00;EUR;EUR
XZAG;KOEI;HRKOEIRA0009;2026-08-14;CT;1014,00;1016,00;1008,00;1010,00;1010,4959443801;0,00;67;863,00000;872058,00;EUR;EUR
XZAG;KOEI;HRKOEIRA0009;2026-08-13;BLOCK;;1000,00;1000,00;1000,00;1000,0000000000;;1;666,00000;666000,00;EUR;EUR
XZAG;KOEI;HRKOEIRA0009;2026-08-13;CT;1008,00;1014,00;1006,00;1010,00;1011,1363636364;0,20;31;220,00000;222450,00;EUR;EUR
XZAG;KOEI;HRKOEIRA0009;2026-08-12;CT;1020,00;1020,00;1000,00;1008,00;1005,2083333333;-0,20;115;960,00000;965000,00;EUR;EUR
XZAG;KOEI;HRKOEIRA0009;2026-08-11;CT;1012,00;1020,00;1010,00;1010,00;1013,9933993399;0,00;104;606,00000;614480,00;EUR;EUR
XZAG;KOEI;HRKOEIRA0009;2026-08-10;BLOCK;;1010,00;1010,00;1010,00;1010,0000000000;;1;1000,00000;1010000,00;EUR;EUR
XZAG;KOEI;HRKOEIRA0009;2026-08-10;CT;1016,00;1018,00;1010,00;1010,00;1010,7519294377;-0,59;175;1814,00000;1833504,00;EUR;EUR
XZAG;KOEI;HRKOEIRA0009;2026-08-07;BLOCK;;1008,00;1008,00;1008,00;1008,0000000000;;1;300,00000;302400,00;EUR;EUR
XZAG;KOEI;HRKOEIRA0009;2026-08-07;CT;1012,00;1016,00;1006,00;1016,00;1009,4600321027;0,79;269;3115,00000;3144468,00;EUR;EUR
XZAG;KOEI;HRKOEIRA0009;2026-08-06;BLOCK;;1010,00;1008,00;1010,00;1009,7049180328;;2;3050,00000;3079600,00;EUR;EUR
XZAG;KOEI;HRKOEIRA0009;2026-08-06;CT;1010,00;1014,00;1006,00;1008,00;1009,1889204545;0,20;169;1408,00000;1420938,00;EUR;EUR
XZAG;KOEI;HRKOEIRA0009;2026-08-04;CT;1016,00;1016,00;1006,00;1006,00;1009,6655112652;-0,40;159;1154,00000;1165154,00;EUR;EUR
XZAG;KOEI;HRKOEIRA0009;2026-08-03;CT;1018,00;1020,00;1006,00;1010,00;1011,2376514445;0,00;157;1073,00000;1085058,00;EUR;EUR
XZAG;KOEI;HRKOEIRA0009;2026-07-31;BLOCK;;1010,00;1010,00;1010,00;1010,0000000000;;1;1545,00000;1560450,00;EUR;EUR
XZAG;KOEI;HRKOEIRA0009;2026-07-31;CT;1014,00;1018,00;1006,00;1010,00;1011,7575757576;-0,79;123;858,00000;868088,00;EUR;EUR
XZAG;KOEI;HRKOEIRA0009;2026-07-30;CT;1010,00;1026,00;1006,00;1018,00;1015,0486163052;1,19;188;1337,00000;1357120,00;EUR;EUR
XZAG;KOEI;HRKOEIRA0009;2026-07-29;BLOCK;;1000,00;1000,00;1000,00;1000,0000000000;;3;2220,00000;2220000,00;EUR;EUR
XZAG;KOEI;HRKOEIRA0009;2026-07-29;CT;1004,00;1010,00;994,00;1006,00;1001,8000000000;0,40;110;990,00000;991782,00;EUR;EUR
XZAG;KOEI;HRKOEIRA0009;2026-07-28;CT;1008,00;1016,00;999,00;1002,00;1001,8012205754;0,20;135;1147,00000;1149066,00;EUR;EUR
XZAG;KOEI;HRKOEIRA0009;2026-07-27;CT;1028,00;1030,00;995,00;1000,00;1006,5735505510;-2,34;262;2087,00000;2100719,00;EUR;EUR
XZAG;KOEI;HRKOEIRA0009;2026-07-24;CT;1018,00;1026,00;1014,00;1024,00;1020,7790973872;1,39;169;1263,00000;1289244,00;EUR;EUR
XZAG;KOEI;HRKOEIRA0009;2026-07-23;BLOCK;;998,00;998,00;998,00;998,0000000000;;1;314,00000;313372,00;EUR;EUR
XZAG;KOEI;HRKOEIRA0009;2026-07-23;CT;987,00;1020,00;987,00;1010,00;1006,7247191011;3,48;129;534,00000;537591,00;EUR;EUR
XZAG;KOEI;HRKOEIRA0009;2026-07-22;CT;991,00;998,00;964,00;976,00;972,66523269456;-1,31;316;2557,00000;2487105,00;EUR;EUR
XZAG;KOEI;HRKOEIRA0009;2026-07-21;CT;1010,00;1012,00;980,00;989,00;989,96336429309;-1,10;272;1938,00000;1918549,00;EUR;EUR
XZAG;KOEI;HRKOEIRA0009;2026-07-20;CT;1020,00;1022,00;999,00;1000,00;1005,78500000000;-1,57;100;800,00000;804628,00;EUR;EUR
XZAG;KOEI;HRKOEIRA0009;2026-07-17;CT;1040,00;1044,00;1016,00;1016,00;1027,11610486890;-1,55;102;801,00000;822720,00;EUR;EUR
XZAG;KOEI;HRKOEIRA0009;2026-07-16;CT;1044,00;1044,00;1030,00;1032,00;1036,27160493830;-0,77;70;324,00000;335752,00;EUR;EUR
XZAG;KOEI;HRKOEIRA0009;2026-07-15;CT;1032,00;1044,00;1020,00;1040,00;1031,20257234730;1,96;159;1244,00000;1282816,00;EUR;EUR
XZAG;KOEI;HRKOEIRA0009;2026-07-14;CT;978,00;1026,00;976,00;1020,00;1003,78172588830;5,37;141;788,00000;790980,00;EUR;EUR
XZAG;KOEI;HRKOEIRA0009;2026-07-13;BLOCK;;980,00;965,00;965,00;970,00000000000;;2;1500,00000;1455000,00;EUR;EUR
XZAG;KOEI;HRKOEIRA0009;2026-07-13;CT;1000,00;1000,00;960,00;968,00;971,29394387001;-3,10;522;4739,00000;4602962,00;EUR;EUR
XZAG;KOEI;HRKOEIRA0009;2026-07-10;CT;1000,00;1016,00;990,00;999,00;997,02330097087;0,30;203;1030,00000;1026934,00;EUR;EUR
XZAG;KOEI;HRKOEIRA0009;2026-07-09;CT;1008,00;1008,00;995,00;996,00;1000,80650994580;-0,99;105;553,00000;553446,00;EUR;EUR
XZAG;KOEI;HRKOEIRA0009;2026-07-08;CT;1010,00;1018,00;997,00;1006,00;1001,18902439020;0,60;118;1148,00000;1149365,00;EUR;EUR
XZAG;KOEI;HRKOEIRA0009;2026-07-07;CT;1032,00;1048,00;1000,00;1000,00;1011,87976539590;-2,72;249;2046,00000;2070306,00;EUR;EUR
XZAG;KOEI;HRKOEIRA0009;2026-07-06;CT;1000,00;1032,00;996,00;1028,00;1016,88121546960;2,80;82;362,00000;368111,00;EUR;EUR
XZAG;KOEI;HRKOEIRA0009;2026-07-03;BLOCK;;1000,00;1000,00;1000,00;1000,00000000000;;1;449,00000;449000,00;EUR;EUR
XZAG;KOEI;HRKOEIRA0009;2026-07-03;CT;1020,00;1020,00;1000,00;1000,00;1002,09762900980;-0,99;195;1434,00000;1437008,00;EUR;EUR
XZAG;KOEI;HRKOEIRA0009;2026-07-02;BLOCK;;1012,00;1012,00;1012,00;1012,00000000000;;1;496,00000;501952,00;EUR;EUR
XZAG;KOEI;HRKOEIRA0009;2026-07-02;CT;1022,00;1026,00;1010,00;1010,00;1011,25031928480;-0,98;126;1566,00000;1583618,00;EUR;EUR
XZAG;KOEI;HRKOEIRA0009;2026-07-01;CT;1038,00;1044,00;1020,00;1020,00;1026,54270462630;-1,16;119;1124,00000;1153834,00;EUR;EUR
XZAG;KOEI;HRKOEIRA0009;2026-06-30;CT;1040,00;1040,00;1026,00;1032,00;1032,27083333330;-0,39;98;864,00000;891882,00;EUR;EUR
XZAG;KOEI;HRKOEIRA0009;2026-06-29;CT;1040,00;1048,00;1030,00;1036,00;1032,11132812500;0,39;85;1024,00000;1056882,00;EUR;EUR
XZAG;KOEI;HRKOEIRA0009;2026-06-26;BLOCK;;1028,00;1028,00;1028,00;1028,00000000000;;1;348,00000;357744,00;EUR;EUR
XZAG;KOEI;HRKOEIRA0009;2026-06-26;CT;1028,00;1048,00;1022,00;1032,00;1032,51869158880;1,18;69;428,00000;441918,00;EUR;EUR
XZAG;KOEI;HRKOEIRA0009;2026-06-25;CT;1012,00;1026,00;1012,00;1020,00;1019,97633136090;0,99;53;338,00000;344752,00;EUR;EUR
XZAG;KOEI;HRKOEIRA0009;2026-06-24;CT;1024,00;1034,00;1000,00;1010,00;1014,84921230310;-0,98;144;1333,00000;1352794,00;EUR;EUR
XZAG;KOEI;HRKOEIRA0009;2026-06-23;CT;1036,00;1038,00;1016,00;1020,00;1022,03019744480;-0,78;88;861,00000;879968,00;EUR;EUR
XZAG;KOEI;HRKOEIRA0009;2026-06-19;CT;1044,00;1044,00;1018,00;1028,00;1026,14246575340;-0,19;148;1460,00000;1498168,00;EUR;EUR
XZAG;KOEI;HRKOEIRA0009;2026-06-18;CT;1058,00;1058,00;1020,00;1030,00;1031,24517087670;-2,83;157;1346,00000;1388056,00;EUR;EUR
XZAG;KOEI;HRKOEIRA0009;2026-06-17;CT;1070,00;1074,00;1050,00;1060,00;1059,63970588240;-0,93;130;1088,00000;1152888,00;EUR;EUR
XZAG;KOEI;HRKOEIRA0009;2026-06-16;BLOCK;;1066,00;1066,00;1066,00;1066,00000000000;;1;700,00000;746200,00;EUR;EUR
XZAG;KOEI;HRKOEIRA0009;2026-06-16;CT;1062,00;1070,00;1062,00;1070,00;1066,72592592590;0,75;90;675,00000;720040,00;EUR;EUR
XZAG;KOEI;HRKOEIRA0009;2026-06-15;CT;1050,00;1068,00;1050,00;1062,00;1057,85747663550;1,72;145;856,00000;905526,00;EUR;EUR
XZAG;KOEI;HRKOEIRA0009;2026-06-12;CT;1022,00;1044,00;1022,00;1044,00;1035,02240896360;2,15;115;714,00000;739006,00;EUR;EUR
XZAG;KOEI;HRKOEIRA0009;2026-06-11;CT;1024,00;1024,00;1020,00;1022,00;1021,99009900990;-0,20;41;202,00000;206442,00;EUR;EUR
XZAG;KOEI;HRKOEIRA0009;2026-06-10;CT;1034,00;1038,00;1018,00;1024,00;1024,24122807020;-1,54;67;456,00000;467054,00;EUR;EUR
XZAG;KOEI;HRKOEIRA0009;2026-06-09;CT;1024,00;1040,00;1024,00;1040,00;1034,49742710120;1,96;106;583,00000;603112,00;EUR;EUR
XZAG;KOEI;HRKOEIRA0009;2026-06-08;CT;1030,00;1030,00;1002,00;1020,00;1015,67642956760;-1,35;203;1434,00000;1456480,00;EUR;EUR
XZAG;KOEI;HRKOEIRA0009;2026-06-05;BLOCK;;1050,00;1050,00;1050,00;1050,00000000000;;1;500,00000;525000,00;EUR;EUR
XZAG;KOEI;HRKOEIRA0009;2026-06-05;CT;1058,00;1058,00;1034,00;1034,00;1048,14189189190;-1,15;186;1776,00000;1861500,00;EUR;EUR
XZAG;KOEI;HRKOEIRA0009;2026-06-03;CT;1070,00;1080,00;1046,00;1046,00;1062,64152249130;-0,95;356;2890,00000;3071034,00;EUR;EUR
XZAG;KOEI;HRKOEIRA0009;2026-06-02;CT;1010,00;1074,00;1006,00;1056,00;1040,38991172760;4,97;508;3965,00000;4125146,00;EUR;EUR
XZAG;KOEI;HRKOEIRA0009;2026-06-01;BLOCK;;1006,00;1006,00;1006,00;1006,00000000000;;1;1000,00000;1006000,00;EUR;EUR
XZAG;KOEI;HRKOEIRA0009;2026-06-01;CT;980,00;1014,00;975,00;1006,00;997,85308848080;4,79;450;3594,00000;3586284,00;EUR;EUR
XZAG;KOEI;HRKOEIRA0009;2026-05-29;BLOCK;;937,00;935,00;937,00;936,20000000000;;2;2500,00000;2340500,00;EUR;EUR
XZAG;KOEI;HRKOEIRA0009;2026-05-29;CT;931,00;960,00;931,00;960,00;943,97050290135;3,23;202;2068,00000;1952131,00;EUR;EUR
XZAG;KOEI;HRKOEIRA0009;2026-05-28;BLOCK;;930,00;930,00;930,00;930,00000000000;;1;445,00000;413850,00;EUR;EUR
XZAG;KOEI;HRKOEIRA0009;2026-05-28;CT;930,00;931,00;927,00;930,00;929,83950617284;0,22;136;1458,00000;1355706,00;EUR;EUR
XZAG;KOEI;HRKOEIRA0009;2026-05-27;BLOCK;;928,00;928,00;928,00;928,00000000000;;1;450,00000;417600,00;EUR;EUR
XZAG;KOEI;HRKOEIRA0009;2026-05-27;CT;925,00;928,00;924,00;928,00;927,49860465116;0,43;151;1075,00000;997061,00;EUR;EUR
XZAG;KOEI;HRKOEIRA0009;2026-05-26;BLOCK;;922,00;922,00;922,00;922,00000000000;;1;1955,00000;1802510,00;EUR;EUR
XZAG;KOEI;HRKOEIRA0009;2026-05-26;CT;927,00;927,00;918,00;924,00;922,12267080745;0,11;102;644,00000;593847,00;EUR;EUR
XZAG;KOEI;HRKOEIRA0009;2026-05-25;CT;920,00;935,00;920,00;923,00;927,17275494673;1,10;225;1314,00000;1218305,00;EUR;EUR
XZAG;KOEI;HRKOEIRA0009;2026-05-22;CT;906,00;915,00;906,00;913,00;911,77633007600;0,77;105;921,00000;839746,00;EUR;EUR
XZAG;KOEI;HRKOEIRA0009;2026-05-21;BLOCK;;898,00;898,00;898,00;898,00000000000;;1;365,00000;327770,00;EUR;EUR
XZAG;KOEI;HRKOEIRA0009;2026-05-21;CT;905,00;908,00;890,00;906,00;903,56723585912;0,22;116;1874,00000;1693285,00;EUR;EUR
XZAG;KOEI;HRKOEIRA0009;2026-05-20;CT;905,00;905,00;884,00;904,00;898,82306684142;0,11;127;763,00000;685802,00;EUR;EUR
XZAG;KOEI;HRKOEIRA0009;2026-05-19;CT;907,00;908,00;902,00;903,00;906,13440860215;-0,11;164;1116,00000;1011246,00;EUR;EUR
XZAG;KOEI;HRKOEIRA0009;2026-05-18;BLOCK;;905,00;905,00;905,00;905,00000000000;;1;720,00000;651600,00;EUR;EUR
XZAG;KOEI;HRKOEIRA0009;2026-05-18;CT;900,00;912,00;899,00;904,00;904,20047923323;1,35;240;2504,00000;2264118,00;EUR;EUR
XZAG;KOEI;HRKOEIRA0009;2026-05-15;BLOCK;;892,00;877,00;892,00;880,82405253797;;6;7309,00000;6437943,00;EUR;EUR
XZAG;KOEI;HRKOEIRA0009;2026-05-15;CT;876,00;893,00;875,00;892,00;882,33490884537;1,83;234;2962,00000;2613476,00;EUR;EUR
XZAG;KOEI;HRKOEIRA0009;2026-05-14;BLOCK;;875,00;875,00;875,00;875,00000000000;;3;2600,00000;2275000,00;EUR;EUR
XZAG;KOEI;HRKOEIRA0009;2026-05-14;CT;879,00;880,00;870,00;876,00;876,60922787194;0,00;218;2124,00000;1861918,00;EUR;EUR
XZAG;KOEI;HRKOEIRA0009;2026-05-13;BLOCK;;855,00;845,00;855,00;851,00000000000;;2;2500,00000;2127500,00;EUR;EUR
XZAG;KOEI;HRKOEIRA0009;2026-05-13;CT;845,00;876,00;845,00;876,00;853,76680972818;3,67;240;2796,00000;2387132,00;EUR;EUR
XZAG;KOEI;HRKOEIRA0009;2026-05-12;BLOCK;;840,00;837,00;840,00;838,00000000000;;2;1500,00000;1257000,00;EUR;EUR
XZAG;KOEI;HRKOEIRA0009;2026-05-12;CT;838,00;851,00;834,00;845,00;843,67916162838;0,84;194;2481,00000;2093168,00;EUR;EUR
XZAG;KOEI;HRKOEIRA0009;2026-05-11;BLOCK;;837,00;837,00;837,00;837,00000000000;;1;400,00000;334800,00;EUR;EUR
XZAG;KOEI;HRKOEIRA0009;2026-05-11;CT;840,00;840,00;835,00;838,00;837,71631205674;0,12;79;564,00000;472472,00;EUR;EUR
XZAG;KOEI;HRKOEIRA0009;2026-05-08;CT;838,00;838,00;836,00;837,00;837,17780938834;-0,36;92;703,00000;588536,00;EUR;EUR
XZAG;KOEI;HRKOEIRA0009;2026-05-07;BLOCK;;839,00;839,00;839,00;839,00000000000;;3;1799,00000;1509361,00;EUR;EUR
XZAG;KOEI;HRKOEIRA0009;2026-05-07;CT;839,00;840,00;839,00;840,00;839,66203118416;0,48;202;2373,00000;1992518,00;EUR;EUR
XZAG;KOEI;HRKOEIRA0009;2026-05-06;CT;833,00;839,00;830,00;836,00;836,17726550079;0,72;164;1258,00000;1051911,00;EUR;EUR
XZAG;KOEI;HRKOEIRA0009;2026-05-05;CT;830,00;833,00;825,00;830,00;828,33855421687;0,00;80;830,00000;687521,00;EUR;EUR
XZAG;KOEI;HRKOEIRA0009;2026-05-04;CT;837,00;837,00;828,00;830,00;831,60862068966;0,00;75;580,00000;482333,00;EUR;EUR
XZAG;KOEI;HRKOEIRA0009;2026-04-30;CT;840,00;840,00;825,00;830,00;830,77168949772;-1,19;117;876,00000;727756,00;EUR;EUR
XZAG;KOEI;HRKOEIRA0009;2026-04-29;CT;847,00;847,00;818,00;840,00;831,19251336898;-0,94;155;1309,00000;1088031,00;EUR;EUR
XZAG;KOEI;HRKOEIRA0009;2026-04-28;CT;849,00;858,00;842,00;848,00;849,85089463221;2,54;222;1509,00000;1282425,00;EUR;EUR
XZAG;KOEI;HRKOEIRA0009;2026-04-27;CT;800,00;827,00;800,00;827,00;816,20306859206;4,03;138;1108,00000;904353,00;EUR;EUR
XZAG;KOEI;HRKOEIRA0009;2026-04-24;CT;788,00;803,00;786,00;795,00;796,42757009346;-0,38;53;428,00000;340871,00;EUR;EUR
XZAG;KOEI;HRKOEIRA0009;2026-04-23;BLOCK;;795,00;795,00;795,00;795,00000000000;;1;500,00000;397500,00;EUR;EUR
XZAG;KOEI;HRKOEIRA0009;2026-04-23;CT;790,00;798,00;784,00;798,00;789,24334600760;1,01;69;789,00000;622713,00;EUR;EUR
XZAG;KOEI;HRKOEIRA0009;2026-04-22;BLOCK;;790,00;790,00;790,00;790,00000000000;;1;575,00000;454250,00;EUR;EUR
XZAG;KOEI;HRKOEIRA0009;2026-04-22;CT;793,00;793,00;786,00;790,00;790,03166496425;0,25;43;979,00000;773441,00;EUR;EUR
XZAG;KOEI;HRKOEIRA0009;2026-04-21;CT;785,00;790,00;782,00;788,00;785,76090014065;0,38;38;711,00000;558676,00;EUR;EUR
XZAG;KOEI;HRKOEIRA0009;2026-04-20;CT;781,00;785,00;775,00;785,00;777,99011299435;-1,26;69;708,00000;550817,00;EUR;EUR
XZAG;KOEI;HRKOEIRA0009;2026-04-17;CT;786,00;796,00;780,00;795,00;788,56456043956;1,79;109;728,00000;574075,00;EUR;EUR
XZAG;KOEI;HRKOEIRA0009;2026-04-16;CT;775,00;787,00;775,00;781,00;783,82448036951;1,96;55;433,00000;339396,00;EUR;EUR
XZAG;KOEI;HRKOEIRA0009;2026-04-15;CT;780,00;782,00;766,00;766,00;772,91501976285;-1,79;92;1012,00000;782190,00;EUR;EUR
XZAG;KOEI;HRKOEIRA0009;2026-04-14;CT;772,00;782,00;770,00;780,00;778,01553672316;2,50;60;708,00000;550835,00;EUR;EUR
XZAG;KOEI;HRKOEIRA0009;2026-04-13;CT;777,00;777,00;761,00;761,00;763,53529411765;-1,55;45;340,00000;259602,00;EUR;EUR
XZAG;KOEI;HRKOEIRA0009;2026-04-10;CT;776,00;777,00;773,00;773,00;775,95652173913;0,39;22;138,00000;107082,00;EUR;EUR
XZAG;KOEI;HRKOEIRA0009;2026-04-09;CT;782,00;784,00;770,00;770,00;776,05699481865;-2,41;26;193,00000;149779,00;EUR;EUR
XZAG;KOEI;HRKOEIRA0009;2026-04-08;CT;790,00;800,00;780,00;789,00;789,14844407065;6,62;147;2378,00000;1876595,00;EUR;EUR
XZAG;KOEI;HRKOEIRA0009;2026-04-07;CT;752,00;752,00;740,00;740,00;745,94660194175;-1,33;45;206,00000;153665,00;EUR;EUR
XZAG;KOEI;HRKOEIRA0009;2026-04-02;CT;746,00;750,00;738,00;750,00;742,26946107784;0,27;59;668,00000;495836,00;EUR;EUR
XZAG;KOEI;HRKOEIRA0009;2026-04-01;CT;746,00;756,00;746,00;748,00;748,99277108434;1,91;51;415,00000;310832,00;EUR;EUR
XZAG;KOEI;HRKOEIRA0009;2026-03-31;CT;742,00;742,00;734,00;734,00;736,30834512023;-0,81;38;707,00000;520570,00;EUR;EUR
XZAG;KOEI;HRKOEIRA0009;2026-03-30;BLOCK;;746,00;746,00;746,00;746,00000000000;;1;492,00000;367032,00;EUR;EUR
XZAG;KOEI;HRKOEIRA0009;2026-03-30;CT;742,00;746,00;740,00;740,00;741,82337662338;-1,07;35;385,00000;285602,00;EUR;EUR
XZAG;KOEI;HRKOEIRA0009;2026-03-27;CT;740,00;750,00;738,00;748,00;740,22727272727;0,81;36;264,00000;195420,00;EUR;EUR
XZAG;KOEI;HRKOEIRA0009;2026-03-26;CT;752,00;752,00;740,00;742,00;742,21857923497;-1,33;25;183,00000;135826,00;EUR;EUR
XZAG;KOEI;HRKOEIRA0009;2026-03-25;CT;754,00;766,00;748,00;752,00;753,72822299652;1,08;48;861,00000;648960,00;EUR;EUR
XZAG;KOEI;HRKOEIRA0009;2026-03-24;BLOCK;;748,00;748,00;748,00;748,00000000000;;1;1900,00000;1421200,00;EUR;EUR
XZAG;KOEI;HRKOEIRA0009;2026-03-24;CT;756,00;756,00;740,00;744,00;745,78389830508;-0,53;71;472,00000;352010,00;EUR;EUR
XZAG;KOEI;HRKOEIRA0009;2026-03-23;CT;736,00;760,00;714,00;748,00;733,64529714553;-0,53;257;2137,00000;1567800,00;EUR;EUR
XZAG;KOEI;HRKOEIRA0009;2026-03-20;BLOCK;;750,00;750,00;750,00;750,00000000000;;1;2000,00000;1500000,00;EUR;EUR
XZAG;KOEI;HRKOEIRA0009;2026-03-20;CT;760,00;768,00;752,00;752,00;756,87684729064;-0,79;103;812,00000;614584,00;EUR;EUR
XZAG;KOEI;HRKOEIRA0009;2026-03-19;BLOCK;;750,00;750,00;750,00;750,00000000000;;1;3000,00000;2250000,00;EUR;EUR
XZAG;KOEI;HRKOEIRA0009;2026-03-19;CT;776,00;776,00;750,00;758,00;756,45989304813;-2,32;111;748,00000;565832,00;EUR;EUR
XZAG;KOEI;HRKOEIRA0009;2026-03-18;BLOCK;;780,00;780,00;780,00;780,00000000000;;1;1000,00000;780000,00;EUR;EUR
XZAG;KOEI;HRKOEIRA0009;2026-03-18;CT;780,00;782,00;776,00;776,00;779,62444444444;0,00;70;900,00000;701662,00;EUR;EUR
XZAG;KOEI;HRKOEIRA0009;2026-03-17;CT;766,00;776,00;766,00;776,00;771,90070921986;1,04;23;141,00000;108838,00;EUR;EUR
XZAG;KOEI;HRKOEIRA0009;2026-03-16;CT;762,00;768,00;758,00;768,00;763,13461538462;0,79;33;208,00000;158732,00;EUR;EUR
XZAG;KOEI;HRKOEIRA0009;2026-03-13;CT;764,00;770,00;756,00;762,00;762,51959361393;-0,26;59;689,00000;525376,00;EUR;EUR
XZAG;KOEI;HRKOEIRA0009;2026-03-12;CT;774,00;776,00;764,00;764,00;768,75609756098;-0,78;53;410,00000;315190,00;EUR;EUR
XZAG;KOEI;HRKOEIRA0009;2026-03-11;CT;782,00;782,00;770,00;770,00;775,09608540925;-1,03;58;281,00000;217802,00;EUR;EUR
XZAG;KOEI;HRKOEIRA0009;2026-03-10;BLOCK;;784,00;784,00;784,00;784,00000000000;;1;700,00000;548800,00;EUR;EUR
XZAG;KOEI;HRKOEIRA0009;2026-03-10;CT;782,00;788,00;776,00;778,00;782,47445255474;1,83;107;822,00000;643194,00;EUR;EUR
XZAG;KOEI;HRKOEIRA0009;2026-03-09;CT;766,00;770,00;746,00;764,00;758,10738255034;-2,55;133;1043,00000;790706,00;EUR;EUR
XZAG;KOEI;HRKOEIRA0009;2026-03-06;BLOCK;;782,00;782,00;782,00;782,00000000000;;1;453,00000;354246,00;EUR;EUR
XZAG;KOEI;HRKOEIRA0009;2026-03-06;CT;782,00;794,00;778,00;784,00;785,33104631218;0,51;109;1166,00000;915696,00;EUR;EUR
XZAG;KOEI;HRKOEIRA0009;2026-03-05;BLOCK;;782,00;780,00;780,00;780,32933333333;;2;4500,00000;3511482,00;EUR;EUR
XZAG;KOEI;HRKOEIRA0009;2026-03-05;CT;784,00;784,00;776,00;780,00;781,57002881844;0,00;154;1735,00000;1356024,00;EUR;EUR
XZAG;KOEI;HRKOEIRA0009;2026-03-04;CT;742,00;800,00;742,00;780,00;774,69718574109;4,56;327;2665,00000;2064568,00;EUR;EUR
XZAG;KOEI;HRKOEIRA0009;2026-03-03;CT;756,00;758,00;722,00;746,00;740,21302097521;-1,84;356;3671,00000;2717322,00;EUR;EUR
XZAG;KOEI;HRKOEIRA0009;2026-03-02;CT;790,00;790,00;760,00;760,00;774,95768512757;-5,00;348;3214,00000;2490714,00;EUR;EUR
XZAG;KOEI;HRKOEIRA0009;2026-02-27;BLOCK;;800,00;796,00;800,00;797,60463370160;;5;9323,00000;7436068,00;EUR;EUR
XZAG;KOEI;HRKOEIRA0009;2026-02-27;CT;804,00;810,00;794,00;800,00;803,41985926505;-0,25;332;5116,00000;4110296,00;EUR;EUR
XZAG;KOEI;HRKOEIRA0009;2026-02-26;CT;838,00;838,00;800,00;802,00;817,44824707846;-3,84;237;2396,00000;1958606,00;EUR;EUR
XZAG;KOEI;HRKOEIRA0009;2026-02-25;BLOCK;;836,00;836,00;836,00;836,00000000000;;1;600,00000;501600,00;EUR;EUR
XZAG;KOEI;HRKOEIRA0009;2026-02-25;CT;840,00;844,00;834,00;834,00;839,35606060606;-0,48;49;528,00000;443180,00;EUR;EUR
XZAG;KOEI;HRKOEIRA0009;2026-02-24;CT;820,00;840,00;820,00;838,00;829,41555977230;2,20;64;527,00000;437102,00;EUR;EUR
XZAG;KOEI;HRKOEIRA0009;2026-02-23;CT;822,00;828,00;812,00;820,00;822,04005722461;0,00;86;699,00000;574606,00;EUR;EUR
XZAG;KOEI;HRKOEIRA0009;2026-02-23;OTC;;826,00;826,00;826,00;826,00000000000;;1;20,00000;16520,00;EUR;EUR
XZAG;KOEI;HRKOEIRA0009;2026-02-20;BLOCK;;820,00;818,00;818,00;818,84490042245;;3;3314,00000;2713652,00;EUR;EUR
XZAG;KOEI;HRKOEIRA0009;2026-02-20;CT;844,00;844,00;816,00;820,00;827,48641975309;-2,84;151;1620,00000;1340528,00;EUR;EUR
XZAG;KOEI;HRKOEIRA0009;2026-02-19;BLOCK;;842,00;842,00;842,00;842,00000000000;;1;805,00000;677810,00;EUR;EUR
XZAG;KOEI;HRKOEIRA0009;2026-02-19;CT;850,00;850,00;840,00;844,00;845,84899328859;-0,71;71;596,00000;504126,00;EUR;EUR
XZAG;KOEI;HRKOEIRA0009;2026-02-18;BLOCK;;850,00;850,00;850,00;850,00000000000;;1;1000,00000;850000,00;EUR;EUR
XZAG;KOEI;HRKOEIRA0009;2026-02-18;CT;854,00;854,00;850,00;850,00;850,50909090909;0,00;54;440,00000;374224,00;EUR;EUR
XZAG;KOEI;HRKOEIRA0009;2026-02-17;BLOCK;;850,00;850,00;850,00;850,00000000000;;1;400,00000;340000,00;EUR;EUR
XZAG;KOEI;HRKOEIRA0009;2026-02-17;CT;854,00;854,00;848,00;850,00;850,44210526316;-0,47;61;475,00000;403960,00;EUR;EUR
XZAG;KOEI;HRKOEIRA0009;2026-02-16;CT;860,00;860,00;850,00;854,00;851,67714528462;-0,70;98;1177,00000;1002424,00;EUR;EUR
XZAG;KOEI;HRKOEIRA0009;2026-02-13;CT;860,00;860,00;858,00;860,00;858,70116861436;0,23;45;599,00000;514362,00;EUR;EUR
XZAG;KOEI;HRKOEIRA0009;2026-02-12;BLOCK;;850,00;848,00;848,00;848,99257688229;;2;1886,00000;1601200,00;EUR;EUR
XZAG;KOEI;HRKOEIRA0009;2026-02-12;CT;854,00;858,00;848,00;858,00;854,09430255403;0,70;49;509,00000;434734,00;EUR;EUR
XZAG;KOEI;HRKOEIRA0009;2026-02-11;BLOCK;;850,00;850,00;850,00;850,00000000000;;1;840,00000;714000,00;EUR;EUR
XZAG;KOEI;HRKOEIRA0009;2026-02-11;CT;858,00;860,00;850,00;852,00;853,41467889908;-0,70;111;1090,00000;930222,00;EUR;EUR
XZAG;KOEI;HRKOEIRA0009;2026-02-10;CT;862,00;862,00;850,00;858,00;856,32131147541;-0,23;90;610,00000;522356,00;EUR;EUR
XZAG;KOEI;HRKOEIRA0009;2026-02-09;CT;822,00;868,00;822,00;860,00;849,44591705857;4,88;286;2339,00000;1986854,00;EUR;EUR
XZAG;KOEI;HRKOEIRA0009;2026-02-06;CT;818,00;820,00;806,00;820,00;812,87408394404;0,49;149;1501,00000;1220124,00;EUR;EUR
XZAG;KOEI;HRKOEIRA0009;2026-02-05;CT;808,00;818,00;804,00;816,00;812,51054384018;1,75;131;901,00000;732072,00;EUR;EUR
XZAG;KOEI;HRKOEIRA0009;2026-02-04;CT;790,00;804,00;786,00;802,00;794,42416769420;2,04;102;811,00000;644278,00;EUR;EUR
XZAG;KOEI;HRKOEIRA0009;2026-02-03;CT;782,00;788,00;782,00;786,00;785,10537634409;0,51;54;465,00000;365074,00;EUR;EUR
XZAG;KOEI;HRKOEIRA0009;2026-02-02;BLOCK;;782,00;782,00;782,00;782,00000000000;;1;500,00000;391000,00;EUR;EUR
XZAG;KOEI;HRKOEIRA0009;2026-02-02;CT;784,00;786,00;778,00;782,00;782,07177033493;0,00;67;418,00000;326906,00;EUR;EUR
XZAG;KOEI;HRKOEIRA0009;2026-01-30;CT;784,00;788,00;780,00;782,00;784,23776223776;0,26;66;429,00000;336438,00;EUR;EUR
XZAG;KOEI;HRKOEIRA0009;2026-01-29;BLOCK;;782,00;780,00;780,00;781,72413793103;;2;2900,00000;2267000,00;EUR;EUR
XZAG;KOEI;HRKOEIRA0009;2026-01-29;CT;784,00;794,00;780,00;780,00;784,89358600583;-0,26;148;1372,00000;1076874,00;EUR;EUR
XZAG;KOEI;HRKOEIRA0009;2026-01-28;CT;790,00;792,00;778,00;782,00;782,38841567291;0,26;141;1174,00000;918524,00;EUR;EUR
XZAG;KOEI;HRKOEIRA0009;2026-01-27;CT;770,00;796,00;770,00;780,00;781,05404065444;2,36;197;2017,00000;1575386,00;EUR;EUR
XZAG;KOEI;HRKOEIRA0009;2026-01-26;CT;752,00;762,00;752,00;762,00;758,00962379703;1,60;160;2286,00000;1732810,00;EUR;EUR
XZAG;KOEI;HRKOEIRA0009;2026-01-23;CT;748,00;750,00;748,00;750,00;748,77735438214;0,27;91;1837,00000;1375504,00;EUR;EUR
XZAG;KOEI;HRKOEIRA0009;2026-01-22;CT;738,00;748,00;738,00;748,00;744,73495518566;2,47;72;781,00000;581638,00;EUR;EUR
XZAG;KOEI;HRKOEIRA0009;2026-01-21;CT;732,00;732,00;714,00;730,00;724,80606060606;-1,35;134;990,00000;717558,00;EUR;EUR
XZAG;KOEI;HRKOEIRA0009;2026-01-20;CT;740,00;740,00;728,00;740,00;731,75405147760;0,00;123;1049,00000;767610,00;EUR;EUR
XZAG;KOEI;HRKOEIRA0009;2026-01-19;CT;746,00;748,00;732,00;740,00;740,44809866393;-1,33;130;973,00000;720456,00;EUR;EUR
XZAG;KOEI;HRKOEIRA0009;2026-01-16;CT;744,00;750,00;740,00;750,00;745,19319727891;1,08;119;1470,00000;1095434,00;EUR;EUR
XZAG;KOEI;HRKOEIRA0009;2026-01-15;CT;740,00;744,00;740,00;742,00;742,13729977117;-0,27;113;1748,00000;1297256,00;EUR;EUR
XZAG;KOEI;HRKOEIRA0009;2026-01-14;CT;736,00;744,00;734,00;744,00;737,94422927963;1,36;146;1291,00000;952686,00;EUR;EUR
XZAG;KOEI;HRKOEIRA0009;2026-01-13;CT;730,00;734,00;730,00;734,00;731,95080213904;0,55;133;935,00000;684374,00;EUR;EUR
XZAG;KOEI;HRKOEIRA0009;2026-01-12;BLOCK;;728,00;728,00;728,00;728,00000000000;;1;424,00000;308672,00;EUR;EUR
XZAG;KOEI;HRKOEIRA0009;2026-01-12;CT;724,00;730,00;724,00;730,00;727,62251655629;1,39;117;1208,00000;878968,00;EUR;EUR
XZAG;KOEI;HRKOEIRA0009;2026-01-09;CT;722,00;728,00;716,00;720,00;721,26280623608;0,00;91;1796,00000;1295388,00;EUR;EUR
XZAG;KOEI;HRKOEIRA0009;2026-01-08;CT;716,00;720,00;714,00;720,00;717,37621540763;0,84;94;1337,00000;959132,00;EUR;EUR
XZAG;KOEI;HRKOEIRA0009;2026-01-07;BLOCK;;710,00;710,00;710,00;710,00000000000;;1;700,00000;497000,00;EUR;EUR
XZAG;KOEI;HRKOEIRA0009;2026-01-07;CT;716,00;716,00;708,00;714,00;711,97902097902;0,56;88;1430,00000;1018130,00;EUR;EUR
XZAG;KOEI;HRKOEIRA0009;2026-01-05;CT;708,00;714,00;708,00;710,00;710,56326530612;0,00;57;735,00000;522264,00;EUR;EUR
XZAG;KOEI;HRKOEIRA0009;2026-01-02;CT;706,00;712,00;706,00;710,00;710,88852459016;1,43;65;610,00000;433642,00;EUR;EUR
XZAG;KOEI;HRKOEIRA0009;2025-12-30;CT;712,00;712,00;698,00;700,00;704,91729323308;-1,69;203;2261,00000;1593818,00;EUR;EUR
XZAG;KOEI;HRKOEIRA0009;2025-12-29;CT;708,00;712,00;704,00;712,00;708,49110320285;1,14;100;843,00000;597258,00;EUR;EUR
XZAG;KOEI;HRKOEIRA0009;2025-12-23;CT;700,00;706,00;696,00;704,00;702,19644970414;0,57;90;2535,00000;1780068,00;EUR;EUR
XZAG;KOEI;HRKOEIRA0009;2025-12-22;CT;700,00;702,00;698,00;700,00;699,45801526718;0,00;84;786,00000;549774,00;EUR;EUR
XZAG;KOEI;HRKOEIRA0009;2025-12-19;CT;700,00;702,00;698,00;700,00;699,82444351113;0,29;101;2381,00000;1666282,00;EUR;EUR
XZAG;KOEI;HRKOEIRA0009;2025-12-18;CT;696,00;700,00;690,00;698,00;698,05352363961;0,87;81;1121,00000;782518,00;EUR;EUR
XZAG;KOEI;HRKOEIRA0009;2025-12-17;CT;690,00;694,00;688,00;692,00;690,29702970297;0,29;44;1010,00000;697200,00;EUR;EUR
XZAG;KOEI;HRKOEIRA0009;2025-12-16;CT;692,00;692,00;686,00;690,00;688,36979166667;0,00;51;384,00000;264334,00;EUR;EUR
XZAG;KOEI;HRKOEIRA0009;2025-12-15;BLOCK;;690,00;690,00;690,00;690,00000000000;;1;650,00000;448500,00;EUR;EUR
XZAG;KOEI;HRKOEIRA0009;2025-12-15;CT;692,00;694,00;690,00;690,00;692,54274084125;-0,29;75;737,00000;510404,00;EUR;EUR
XZAG;KOEI;HRKOEIRA0009;2025-12-12;BLOCK;;690,00;690,00;690,00;690,00000000000;;3;4312,00000;2975280,00;EUR;EUR
XZAG;KOEI;HRKOEIRA0009;2025-12-12;CT;690,00;694,00;690,00;692,00;691,81000000000;0,58;117;1200,00000;830172,00;EUR;EUR
XZAG;KOEI;HRKOEIRA0009;2025-12-11;CT;686,00;694,00;686,00;688,00;690,58350374915;0,29;90;1467,00000;1013086,00;EUR;EUR
XZAG;KOEI;HRKOEIRA0009;2025-12-10;CT;686,00;688,00;680,00;686,00;684,93939393939;-0,29;59;462,00000;316442,00;EUR;EUR
XZAG;KOEI;HRKOEIRA0009;2025-12-09;CT;686,00;688,00;680,00;688,00;685,37335834897;0,58;72;1066,00000;730608,00;EUR;EUR
XZAG;KOEI;HRKOEIRA0009;2025-12-08;BLOCK;;672,00;666,00;666,00;666,41095890411;;2;7300,00000;4864800,00;EUR;EUR
XZAG;KOEI;HRKOEIRA0009;2025-12-08;CT;674,00;686,00;674,00;684,00;678,01444043321;1,48;66;554,00000;375620,00;EUR;EUR
XZAG;KOEI;HRKOEIRA0009;2025-12-05;CT;670,00;674,00;670,00;674,00;671,04347826087;1,20;27;115,00000;77170,00;EUR;EUR
XZAG;KOEI;HRKOEIRA0009;2025-12-04;BLOCK;;660,00;660,00;660,00;660,00000000000;;1;750,00000;495000,00;EUR;EUR
XZAG;KOEI;HRKOEIRA0009;2025-12-04;CT;674,00;676,00;666,00;666,00;671,42288557214;-0,60;69;603,00000;404868,00;EUR;EUR
XZAG;KOEI;HRKOEIRA0009;2025-12-03;BLOCK;;650,00;650,00;650,00;650,00000000000;;4;35593,00000;23135450,00;EUR;EUR
XZAG;KOEI;HRKOEIRA0009;2025-12-03;CT;670,00;676,00;666,00;670,00;670,28318584071;0,00;84;791,00000;530194,00;EUR;EUR
XZAG;KOEI;HRKOEIRA0009;2025-12-02;CT;670,00;680,00;664,00;670,00;671,72025431426;0,30;73;1101,00000;739564,00;EUR;EUR
XZAG;KOEI;HRKOEIRA0009;2025-12-01;BLOCK;;660,00;660,00;660,00;660,00000000000;;1;1000,00000;660000,00;EUR;EUR
XZAG;KOEI;HRKOEIRA0009;2025-12-01;CT;664,00;676,00;664,00;668,00;670,08292682927;2,14;72;820,00000;549468,00;EUR;EUR
XZAG;KOEI;HRKOEIRA0009;2025-11-28;CT;656,00;656,00;650,00;654,00;651,29577464789;0,62;23;142,00000;92484,00;EUR;EUR
XZAG;KOEI;HRKOEIRA0009;2025-11-27;CT;654,00;658,00;650,00;650,00;652,99180327869;0,00;23;244,00000;159330,00;EUR;EUR
XZAG;KOEI;HRKOEIRA0009;2025-11-26;CT;652,00;654,00;646,00;650,00;650,15094339623;0,62;17;53,00000;34458,00;EUR;EUR
XZAG;KOEI;HRKOEIRA0009;2025-11-25;CT;646,00;648,00;644,00;646,00;646,52631578947;0,00;54;437,00000;282532,00;EUR;EUR
XZAG;KOEI;HRKOEIRA0009;2025-11-24;CT;644,00;652,00;644,00;646,00;648,01388888889;0,31;23;144,00000;93314,00;EUR;EUR
XZAG;KOEI;HRKOEIRA0009;2025-11-21;CT;650,00;650,00;640,00;644,00;642,31547619048;-0,62;94;672,00000;431636,00;EUR;EUR
XZAG;KOEI;HRKOEIRA0009;2025-11-20;CT;652,00;654,00;648,00;648,00;650,57264957265;0,00;28;234,00000;152234,00;EUR;EUR
XZAG;KOEI;HRKOEIRA0009;2025-11-19;CT;650,00;652,00;646,00;648,00;649,20238095238;-1,22;39;168,00000;109066,00;EUR;EUR
XZAG;KOEI;HRKOEIRA0009;2025-11-17;CT;650,00;656,00;644,00;656,00;651,59788359788;0,31;52;378,00000;246304,00;EUR;EUR
XZAG;KOEI;HRKOEIRA0009;2025-11-14;CT;660,00;660,00;652,00;654,00;655,50746268657;-1,21;45;402,00000;263514,00;EUR;EUR
XZAG;KOEI;HRKOEIRA0009;2025-11-13;CT;660,00;662,00;658,00;662,00;660,04838709677;0,61;28;248,00000;163692,00;EUR;EUR
XZAG;KOEI;HRKOEIRA0009;2025-11-12;CT;658,00;660,00;654,00;658,00;657,77714285714;0,00;43;350,00000;230222,00;EUR;EUR
XZAG;KOEI;HRKOEIRA0009;2025-11-11;BLOCK;;658,00;658,00;658,00;658,00000000000;;1;500,00000;329000,00;EUR;EUR
XZAG;KOEI;HRKOEIRA0009;2025-11-11;CT;658,00;658,00;652,00;658,00;656,32707774799;0,00;36;373,00000;244810,00;EUR;EUR
XZAG;KOEI;HRKOEIRA0009;2025-11-10;CT;644,00;658,00;640,00;658,00;650,67219917012;2,81;45;241,00000;156812,00;EUR;EUR
XZAG;KOEI;HRKOEIRA0009;2025-11-07;CT;658,00;668,00;640,00;640,00;648,19628188500;-2,44;165;2313,00000;1499278,00;EUR;EUR
XZAG;KOEI;HRKOEIRA0009;2025-11-06;CT;654,00;660,00;654,00;656,00;657,62500000000;-0,30;30;192,00000;126264,00;EUR;EUR
XZAG;KOEI;HRKOEIRA0009;2025-11-05;CT;660,00;660,00;652,00;658,00;655,33333333333;-0,60;39;228,00000;149416,00;EUR;EUR
XZAG;KOEI;HRKOEIRA0009;2025-11-04;CT;664,00;666,00;658,00;662,00;661,54708520179;-1,19;108;892,00000;590100,00;EUR;EUR
XZAG;KOEI;HRKOEIRA0009;2025-11-03;CT;682,00;686,00;670,00;670,00;679,49098196393;-1,18;77;499,00000;339066,00;EUR;EUR
XZAG;KOEI;HRKOEIRA0009;2025-10-31;CT;676,00;678,00;668,00;678,00;674,86666666667;0,89;75;600,00000;404920,00;EUR;EUR
XZAG;KOEI;HRKOEIRA0009;2025-10-30;BLOCK;;660,00;660,00;660,00;660,00000000000;;1;1500,00000;990000,00;EUR;EUR
XZAG;KOEI;HRKOEIRA0009;2025-10-30;CT;660,00;672,00;660,00;672,00;667,38243626062;1,82;71;353,00000;235586,00;EUR;EUR
XZAG;KOEI;HRKOEIRA0009;2025-10-29;CT;690,00;690,00;652,00;660,00;668,41014799154;-4,35;303;3311,00000;2213106,00;EUR;EUR
XZAG;KOEI;HRKOEIRA0009;2025-10-28;CT;692,00;696,00;682,00;690,00;688,31850117096;-0,86;61;427,00000;293912,00;EUR;EUR
XZAG;KOEI;HRKOEIRA0009;2025-10-27;CT;700,00;708,00;678,00;696,00;693,77690582960;-0,29;172;1784,00000;1237698,00;EUR;EUR
XZAG;KOEI;HRKOEIRA0009;2025-10-24;CT;698,00;704,00;694,00;698,00;699,65197908887;-0,29;92;1339,00000;936834,00;EUR;EUR
XZAG;KOEI;HRKOEIRA0009;2025-10-23;CT;690,00;700,00;690,00;700,00;694,82716049383;1,45;88;810,00000;562810,00;EUR;EUR
XZAG;KOEI;HRKOEIRA0009;2025-10-22;CT;684,00;690,00;684,00;690,00;687,89843750000;0,58;42;256,00000;176102,00;EUR;EUR
XZAG;KOEI;HRKOEIRA0009;2025-10-21;CT;696,00;700,00;680,00;686,00;687,86372745491;-0,58;134;1497,00000;1029732,00;EUR;EUR
XZAG;KOEI;HRKOEIRA0009;2025-10-20;CT;676,00;692,00;676,00;690,00;683,06906906907;2,68;81;666,00000;454924,00;EUR;EUR
XZAG;KOEI;HRKOEIRA0009;2025-10-17;CT;660,00;672,00;654,00;672,00;661,16733870968;1,82;95;992,00000;655878,00;EUR;EUR
XZAG;KOEI;HRKOEIRA0009;2025-10-16;CT;660,00;662,00;656,00;660,00;659,69423558897;0,30;75;798,00000;526436,00;EUR;EUR
XZAG;KOEI;HRKOEIRA0009;2025-10-15;CT;650,00;658,00;650,00;658,00;656,83610451306;1,54;60;421,00000;276528,00;EUR;EUR
XZAG;KOEI;HRKOEIRA0009;2025-10-14;CT;662,00;664,00;640,00;648,00;642,53625456442;-1,82;209;3834,00000;2463484,00;EUR;EUR
XZAG;KOEI;HRKOEIRA0009;2025-10-13;CT;648,00;666,00;648,00;660,00;657,95387149918;1,54;73;607,00000;399378,00;EUR;EUR
XZAG;KOEI;HRKOEIRA0009;2025-10-10;BLOCK;;640,00;640,00;640,00;640,00000000000;;2;2000,00000;1280000,00;EUR;EUR
XZAG;KOEI;HRKOEIRA0009;2025-10-10;CT;648,00;668,00;640,00;650,00;648,39562783258;0,93;243;3751,00000;2432132,00;EUR;EUR
XZAG;KOEI;HRKOEIRA0009;2025-10-09;CT;648,00;650,00;640,00;644,00;640,80323450135;-0,62;148;1855,00000;1188690,00;EUR;EUR
XZAG;KOEI;HRKOEIRA0009;2025-10-08;BLOCK;;640,00;640,00;640,00;640,00000000000;;2;970,00000;620800,00;EUR;EUR
XZAG;KOEI;HRKOEIRA0009;2025-10-08;CT;658,00;658,00;640,00;648,00;641,45399040558;-0,31;223;2293,00000;1470854,00;EUR;EUR
XZAG;KOEI;HRKOEIRA0009;2025-10-07;BLOCK;;660,00;660,00;660,00;660,00000000000;;1;917,00000;605220,00;EUR;EUR
XZAG;KOEI;HRKOEIRA0009;2025-10-07;CT;662,00;670,00;648,00;650,00;652,16521458535;-2,11;237;3099,00000;2021060,00;EUR;EUR
XZAG;KOEI;HRKOEIRA0009;2025-10-06;CT;684,00;692,00;652,00;664,00;667,05498139727;-2,06;237;2419,00000;1613606,00;EUR;EUR
XZAG;KOEI;HRKOEIRA0009;2025-10-03;CT;686,00;702,00;670,00;678,00;683,78894806924;-0,29;211;3004,00000;2054102,00;EUR;EUR
XZAG;KOEI;HRKOEIRA0009;2025-10-02;CT;680,00;694,00;680,00;680,00;688,54530477759;1,19;150;1214,00000;835894,00;EUR;EUR
XZAG;KOEI;HRKOEIRA0009;2025-10-01;BLOCK;;660,00;660,00;660,00;660,00000000000;;3;3281,00000;2165460,00;EUR;EUR
XZAG;KOEI;HRKOEIRA0009;2025-10-01;CT;658,00;672,00;656,00;672,00;666,76227678571;3,07;185;1792,00000;1194838,00;EUR;EUR
XZAG;KOEI;HRKOEIRA0009;2025-09-30;BLOCK;;644,00;644,00;644,00;644,00000000000;;3;4613,00000;2970772,00;EUR;EUR
XZAG;KOEI;HRKOEIRA0009;2025-09-30;CT;648,00;652,00;644,00;652,00;648,03007518797;0,93;102;1995,00000;1292820,00;EUR;EUR
XZAG;KOEI;HRKOEIRA0009;2025-09-29;CT;642,00;662,00;640,00;646,00;647,74596016535;0,62;195;2661,00000;1723652,00;EUR;EUR
XZAG;KOEI;HRKOEIRA0009;2025-09-26;BLOCK;;640,00;640,00;640,00;640,00000000000;;1;545,00000;348800,00;EUR;EUR
XZAG;KOEI;HRKOEIRA0009;2025-09-26;CT;644,00;646,00;640,00;642,00;640,92519449431;0,00;120;1671,00000;1070986,00;EUR;EUR
XZAG;KOEI;HRKOEIRA0009;2025-09-25;BLOCK;;640,00;640,00;640,00;640,00000000000;;1;1500,00000;960000,00;EUR;EUR
XZAG;KOEI;HRKOEIRA0009;2025-09-25;CT;648,00;648,00;640,00;642,00;641,15403422983;0,31;130;2045,00000;1311160,00;EUR;EUR
XZAG;KOEI;HRKOEIRA0009;2025-09-24;CT;646,00;648,00;640,00;640,00;641,94536817102;-1,23;87;842,00000;540518,00;EUR;EUR
XZAG;KOEI;HRKOEIRA0009;2025-09-23;CT;662,00;662,00;640,00;648,00;642,43238731219;-0,61;193;2396,00000;1539268,00;EUR;EUR
XZAG;KOEI;HRKOEIRA0009;2025-09-22;CT;640,00;654,00;638,00;652,00;646,51092690279;1,88;131;1327,00000;857920,00;EUR;EUR
XZAG;KOEI;HRKOEIRA0009;2025-09-19;CT;656,00;664,00;640,00;640,00;649,30245570407;-2,14;270;3217,00000;2088806,00;EUR;EUR
XZAG;KOEI;HRKOEIRA0009;2025-09-18;CT;666,00;670,00;648,00;654,00;657,74105621806;-0,91;204;1761,00000;1158282,00;EUR;EUR
XZAG;KOEI;HRKOEIRA0009;2025-09-17;CT;670,00;678,00;660,00;660,00;667,72858866104;-1,49;145;1658,00000;1107094,00;EUR;EUR
XZAG;KOEI;HRKOEIRA0009;2025-09-16;CT;696,00;696,00;668,00;670,00;678,13500000000;-3,46;142;1200,00000;813762,00;EUR;EUR
XZAG;KOEI;HRKOEIRA0009;2025-09-15;CT;710,00;712,00;686,00;694,00;701,70421561852;-1,98;160;1447,00000;1015366,00;EUR;EUR
XZAG;KOEI;HRKOEIRA0009;2025-09-12;CT;714,00;716,00;706,00;708,00;711,17467248908;-0,56;97;916,00000;651436,00;EUR;EUR
XZAG;KOEI;HRKOEIRA0009;2025-09-11;CT;714,00;720,00;706,00;712,00;714,95791245791;0,56;170;1188,00000;849370,00;EUR;EUR
XZAG;KOEI;HRKOEIRA0009;2025-09-10;BLOCK;;696,00;696,00;696,00;696,00000000000;;1;669,00000;465624,00;EUR;EUR
XZAG;KOEI;HRKOEIRA0009;2025-09-10;CT;694,00;708,00;694,00;708,00;703,21414538310;2,61;187;2036,00000;1431744,00;EUR;EUR
XZAG;KOEI;HRKOEIRA0009;2025-09-09;CT;692,00;712,00;682,00;690,00;696,69573459716;1,17;243;2110,00000;1470028,00;EUR;EUR
XZAG;KOEI;HRKOEIRA0009;2025-09-08;BLOCK;;678,00;678,00;678,00;678,00000000000;;1;1000,00000;678000,00;EUR;EUR
XZAG;KOEI;HRKOEIRA0009;2025-09-08;CT;642,00;692,00;634,00;682,00;673,80621482750;11,07;466;4087,00000;2753846,00;EUR;EUR
XZAG;KOEI;HRKOEIRA0009;2025-09-05;BLOCK;;574,00;574,00;574,00;574,00000000000;;2;5000,00000;2870000,00;EUR;EUR
XZAG;KOEI;HRKOEIRA0009;2025-09-05;CT;578,00;618,00;574,00;614,00;589,04159021407;6,97;212;3270,00000;1926166,00;EUR;EUR
XZAG;KOEI;HRKOEIRA0009;2025-09-04;BLOCK;;570,00;570,00;570,00;570,00000000000;;2;2000,00000;1140000,00;EUR;EUR
XZAG;KOEI;HRKOEIRA0009;2025-09-04;CT;576,00;578,00;570,00;574,00;570,91761904762;0,00;157;4200,00000;2397854,00;EUR;EUR
XZAG;KOEI;HRKOEIRA0009;2025-09-03;CT;578,00;578,00;570,00;574,00;570,77050691244;-0,35;136;3255,00000;1857858,00;EUR;EUR
XZAG;KOEI;HRKOEIRA0009;2025-09-02;BLOCK;;570,00;570,00;570,00;570,00000000000;;2;3760,00000;2143200,00;EUR;EUR
XZAG;KOEI;HRKOEIRA0009;2025-09-02;CT;574,00;576,00;570,00;576,00;572,66914498141;0,35;118;2152,00000;1232384,00;EUR;EUR
XZAG;KOEI;HRKOEIRA0009;2025-09-01;CT;574,00;574,00;570,00;574,00;571,87537688442;0,00;87;995,00000;569016,00;EUR;EUR
XZAG;KOEI;HRKOEIRA0009;2025-08-29;CT;574,00;574,00;570,00;574,00;572,84189723320;0,00;45;506,00000;289858,00;EUR;EUR
XZAG;KOEI;HRKOEIRA0009;2025-08-28;CT;578,00;578,00;570,00;574,00;572,46978335234;0,35;74;877,00000;502056,00;EUR;EUR
XZAG;KOEI;HRKOEIRA0009;2025-08-27;CT;568,00;572,00;568,00;572,00;570,14934565050;0,35;99;1299,00000;740624,00;EUR;EUR
XZAG;KOEI;HRKOEIRA0009;2025-08-26;CT;572,00;572,00;568,00;570,00;569,36767676768;-0,35;68;990,00000;563674,00;EUR;EUR
XZAG;KOEI;HRKOEIRA0009;2025-08-25;CT;566,00;572,00;564,00;572,00;569,02193242442;1,42;133;1687,00000;959940,00;EUR;EUR
XZAG;KOEI;HRKOEIRA0009;2025-08-22;CT;564,00;564,00;560,00;564,00;563,69536423841;0,71;56;604,00000;340472,00;EUR;EUR
XZAG;KOEI;HRKOEIRA0009;2025-08-21;BLOCK;;550,00;550,00;550,00;550,00000000000;;2;3130,00000;1721500,00;EUR;EUR
XZAG;KOEI;HRKOEIRA0009;2025-08-21;CT;562,00;568,00;550,00;560,00;554,35703918723;-0,71;123;2067,00000;1145856,00;EUR;EUR
XZAG;KOEI;HRKOEIRA0009;2025-08-20;BLOCK;;560,00;560,00;560,00;560,00000000000;;1;750,00000;420000,00;EUR;EUR
XZAG;KOEI;HRKOEIRA0009;2025-08-20;CT;568,00;568,00;560,00;564,00;561,30100076982;0,36;79;1299,00000;729130,00;EUR;EUR
XZAG;KOEI;HRKOEIRA0009;2025-08-19;CT;568,00;568,00;560,00;562,00;562,35252309879;0,36;118;1407,00000;791230,00;EUR;EUR
XZAG;KOEI;HRKOEIRA0009;2025-08-18;CT;574,00;576,00;560,00;560,00;571,41951837769;-1,75;126;1578,00000;901700,00;EUR;EUR
XZAG;KOEI;HRKOEIRA0009;2025-08-14;CT;568,00;570,00;568,00;570,00;569,88698630137;1,42;109;1752,00000;998442,00;EUR;EUR
XZAG;KOEI;HRKOEIRA0009;2025-08-13;BLOCK;;562,00;562,00;562,00;562,00000000000;;2;4898,00000;2752676,00;EUR;EUR
XZAG;KOEI;HRKOEIRA0009;2025-08-13;CT;562,00;564,00;560,00;562,00;561,09813983323;0,00;85;1559,00000;874752,00;EUR;EUR
XZAG;KOEI;HRKOEIRA0009;2025-08-12;CT;566,00;566,00;560,00;562,00;560,96432432432;-0,71;79;925,00000;518892,00;EUR;EUR
XZAG;KOEI;HRKOEIRA0009;2025-08-11;CT;566,00;568,00;564,00;566,00;565,13294797688;0,00;51;519,00000;293304,00;EUR;EUR
XZAG;KOEI;HRKOEIRA0009;2025-08-08;CT;568,00;570,00;566,00;566,00;566,21352313167;0,00;50;843,00000;477318,00;EUR;EUR
XZAG;KOEI;HRKOEIRA0009;2025-08-07;CT;570,00;570,00;564,00;566,00;566,82833133253;-0,70;62;833,00000;472168,00;EUR;EUR
XZAG;KOEI;HRKOEIRA0009;2025-08-06;BLOCK;;568,00;568,00;568,00;568,00000000000;;1;2000,00000;1136000,00;EUR;EUR
XZAG;KOEI;HRKOEIRA0009;2025-08-06;CT;574,00;574,00;568,00;570,00;569,47377326565;-0,35;70;1182,00000;673118,00;EUR;EUR
XZAG;KOEI;HRKOEIRA0009;2025-08-04;CT;568,00;572,00;568,00;572,00;569,54521963824;0,35;37;387,00000;220414,00;EUR;EUR
XZAG;KOEI;HRKOEIRA0009;2025-08-01;BLOCK;;570,00;570,00;570,00;570,00000000000;;1;1500,00000;855000,00;EUR;EUR
XZAG;KOEI;HRKOEIRA0009;2025-08-01;CT;576,00;580,00;564,00;570,00;570,92440604752;-1,04;93;926,00000;528676,00;EUR;EUR
XZAG;KOEI;HRKOEIRA0009;2025-07-31;BLOCK;;576,00;576,00;576,00;576,00000000000;;1;825,00000;475200,00;EUR;EUR
XZAG;KOEI;HRKOEIRA0009;2025-07-31;CT;582,00;582,00;576,00;576,00;577,67813765182;-0,69;70;988,00000;570746,00;EUR;EUR
XZAG;KOEI;HRKOEIRA0009;2025-07-30;BLOCK;;580,00;580,00;580,00;580,00000000000;;2;1120,00000;649600,00;EUR;EUR
XZAG;KOEI;HRKOEIRA0009;2025-07-30;CT;586,00;592,00;578,00;580,00;582,84476287956;0,00;184;2931,00000;1708318,00;EUR;EUR
XZAG;KOEI;HRKOEIRA0009;2025-07-29;BLOCK;;580,00;580,00;580,00;580,00000000000;;1;1030,00000;597400,00;EUR;EUR
XZAG;KOEI;HRKOEIRA0009;2025-07-29;CT;582,00;588,00;580,00;580,00;583,69753610875;0,00;83;1177,00000;687012,00;EUR;EUR
XZAG;KOEI;HRKOEIRA0009;2025-07-28;CT;576,00;584,00;576,00;580,00;580,26406926407;1,05;48;462,00000;268082,00;EUR;EUR
XZAG;KOEI;HRKOEIRA0009;2025-07-25;CT;580,00;582,00;562,00;574,00;573,26876876877;-1,03;132;1332,00000;763594,00;EUR;EUR
XZAG;KOEI;HRKOEIRA0009;2025-07-24;CT;584,00;592,00;578,00;580,00;584,23519239083;0,00;177;2313,00000;1351336,00;EUR;EUR
XZAG;KOEI;HRKOEIRA0009;2025-07-23;BLOCK;;574,00;574,00;574,00;574,00000000000;;2;4500,00000;2583000,00;EUR;EUR
XZAG;KOEI;HRKOEIRA0009;2025-07-23;CT;584,00;586,00;580,00;580,00;580,85416666667;0,00;79;1056,00000;613382,00;EUR;EUR
XZAG;KOEI;HRKOEIRA0009;2025-07-22;BLOCK;;576,00;576,00;576,00;576,00000000000;;2;2000,00000;1152000,00;EUR;EUR
XZAG;KOEI;HRKOEIRA0009;2025-07-22;CT;590,00;590,00;578,00;580,00;581,07720758206;-1,02;140;2163,00000;1256870,00;EUR;EUR
XZAG;KOEI;HRKOEIRA0009;2025-07-21;CT;590,00;594,00;586,00;586,00;591,22179974651;0,00;129;1578,00000;932948,00;EUR;EUR
XZAG;KOEI;HRKOEIRA0009;2025-07-18;CT;596,00;602,00;580,00;586,00;592,34108527132;-1,01;214;2967,00000;1757476,00;EUR;EUR
XZAG;KOEI;HRKOEIRA0009;2025-07-17;CT;580,00;596,00;580,00;592,00;590,61145510836;2,78;238;2584,00000;1526140,00;EUR;EUR
XZAG;KOEI;HRKOEIRA0009;2025-07-16;CT;568,00;580,00;566,00;576,00;570,46432748538;1,41;158;1710,00000;975494,00;EUR;EUR
XZAG;KOEI;HRKOEIRA0009;2025-07-15;CT;568,00;570,00;560,00;568,00;565,29065300896;0,00;108;1562,00000;882984,00;EUR;EUR
XZAG;KOEI;HRKOEIRA0009;2025-07-14;CT;538,00;570,00;538,00;568,00;557,75938303342;5,58;219;1945,00000;1084842,00;EUR;EUR
XZAG;KOEI;HRKOEIRA0009;2025-07-11;CT;530,00;542,00;530,00;538,00;534,10613370090;1,13;122;1451,00000;774988,00;EUR;EUR
XZAG;KOEI;HRKOEIRA0009;2025-07-10;CT;528,00;532,00;526,00;532,00;529,36936936937;0,76;16;222,00000;117520,00;EUR;EUR
XZAG;KOEI;HRKOEIRA0009;2025-07-09;CT;530,00;530,00;524,00;528,00;527,32394366197;-0,75;24;142,00000;74880,00;EUR;EUR
XZAG;KOEI;HRKOEIRA0009;2025-07-08;CT;530,00;532,00;528,00;532,00;530,37313432836;0,00;15;134,00000;71070,00;EUR;EUR
XZAG;KOEI;HRKOEIRA0009;2025-07-07;CT;530,00;534,00;530,00;532,00;530,83636363636;1,14;41;440,00000;233568,00;EUR;EUR
XZAG;KOEI;HRKOEIRA0009;2025-07-04;CT;528,00;528,00;524,00;526,00;525,43689320388;0,00;30;206,00000;108240,00;EUR;EUR
XZAG;KOEI;HRKOEIRA0009;2025-07-03;CT;530,00;530,00;524,00;526,00;526,63551401869;0,00;27;214,00000;112700,00;EUR;EUR
XZAG;KOEI;HRKOEIRA0009;2025-07-02;CT;534,00;534,00;526,00;526,00;531,45043478261;-1,50;48;575,00000;305584,00;EUR;EUR
XZAG;KOEI;HRKOEIRA0009;2025-07-01;CT;530,00;534,00;528,00;534,00;531,33842794760;0,75;58;916,00000;486706,00;EUR;EUR
XZAG;KOEI;HRKOEIRA0009;2025-06-30;CT;512,00;536,00;512,00;530,00;528,34290843806;3,52;71;1114,00000;588574,00;EUR;EUR
XZAG;KOEI;HRKOEIRA0009;2025-06-27;CT;510,00;514,00;510,00;512,00;511,17046979866;0,39;56;745,00000;380822,00;EUR;EUR
XZAG;KOEI;HRKOEIRA0009;2025-06-26;CT;508,00;510,00;508,00;510,00;509,84429065744;0,00;62;578,00000;294690,00;EUR;EUR
XZAG;KOEI;HRKOEIRA0009;2025-06-25;CT;510,00;516,00;508,00;510,00;511,51522842640;0,00;83;788,00000;403074,00;EUR;EUR
XZAG;KOEI;HRKOEIRA0009;2025-06-24;BLOCK;;506,00;504,00;506,00;505,00000000000;;2;4000,00000;2020000,00;EUR;EUR
XZAG;KOEI;HRKOEIRA0009;2025-06-24;CT;506,00;512,00;506,00;510,00;507,85046728972;2,00;62;642,00000;326040,00;EUR;EUR
XZAG;KOEI;HRKOEIRA0009;2025-06-23;CT;495,00;502,00;495,00;500,00;499,73913043478;0,00;25;345,00000;172410,00;EUR;EUR
XZAG;KOEI;HRKOEIRA0009;2025-06-20;BLOCK;;500,00;500,00;500,00;500,00000000000;;1;2000,00000;1000000,00;EUR;EUR
XZAG;KOEI;HRKOEIRA0009;2025-06-20;CT;504,00;510,00;496,00;500,00;501,82500000000;0,00;127;2400,00000;1204380,00;EUR;EUR
XZAG;KOEI;HRKOEIRA0009;2025-06-18;BLOCK;;500,00;500,00;500,00;500,00000000000;;5;10675,00000;5337500,00;EUR;EUR
XZAG;KOEI;HRKOEIRA0009;2025-06-18;CT;504,00;508,00;500,00;500,00;500,77289377289;-1,19;144;4914,00000;2460798,00;EUR;EUR
XZAG;KOEI;HRKOEIRA0009;2025-06-17;CT;506,00;508,00;504,00;506,00;505,50755939525;-0,39;32;463,00000;234050,00;EUR;EUR
XZAG;KOEI;HRKOEIRA0009;2025-06-16;CT;504,00;508,00;504,00;508,00;506,47741935484;0,40;12;155,00000;78504,00;EUR;EUR
XZAG;KOEI;HRKOEIRA0009;2025-06-13;CT;512,00;512,00;506,00;506,00;508,42124542125;-1,56;52;546,00000;277598,00;EUR;EUR
XZAG;KOEI;HRKOEIRA0009;2025-06-12;CT;520,00;520,00;512,00;514,00;515,07755102041;-1,53;39;245,00000;126194,00;EUR;EUR
XZAG;KOEI;HRKOEIRA0009;2025-06-11;CT;522,00;522,00;520,00;522,00;521,05263157895;0,38;11;57,00000;29700,00;EUR;EUR
XZAG;KOEI;HRKOEIRA0009;2025-06-10;CT;516,00;520,00;514,00;520,00;517,00323624595;0,78;33;309,00000;159754,00;EUR;EUR
XZAG;KOEI;HRKOEIRA0009;2025-06-09;CT;518,00;518,00;514,00;516,00;516,12121212121;-0,77;41;561,00000;289544,00;EUR;EUR
XZAG;KOEI;HRKOEIRA0009;2025-06-06;CT;522,00;522,00;520,00;520,00;520,74799357945;-0,38;48;623,00000;324426,00;EUR;EUR
XZAG;KOEI;HRKOEIRA0009;2025-06-05;CT;524,00;524,00;522,00;522,00;522,11650485437;-0,38;17;309,00000;161334,00;EUR;EUR
XZAG;KOEI;HRKOEIRA0009;2025-06-04;CT;526,00;526,00;520,00;524,00;523,60344827586;0,00;22;232,00000;121476,00;EUR;EUR
XZAG;KOEI;HRKOEIRA0009;2025-06-03;BLOCK;;524,00;524,00;524,00;524,00000000000;;1;2013,00000;1054812,00;EUR;EUR
XZAG;KOEI;HRKOEIRA0009;2025-06-03;CT;526,00;526,00;524,00;524,00;525,13095238095;1,16;22;336,00000;176444,00;EUR;EUR
XZAG;KOEI;HRKOEIRA0009;2025-06-02;CT;524,00;524,00;518,00;518,00;518,60979729730;-1,52;48;1184,00000;614034,00;EUR;EUR
XZAG;KOEI;HRKOEIRA0009;2025-05-29;CT;530,00;530,00;522,00;526,00;525,25506072874;0,00;46;247,00000;129738,00;EUR;EUR
XZAG;KOEI;HRKOEIRA0009;2025-05-28;CT;524,00;528,00;524,00;526,00;525,15633423181;0,38;50;742,00000;389666,00;EUR;EUR
XZAG;KOEI;HRKOEIRA0009;2025-05-27;CT;524,00;524,00;522,00;524,00;523,71717171717;0,77;12;99,00000;51848,00;EUR;EUR
XZAG;KOEI;HRKOEIRA0009;2025-05-26;CT;522,00;526,00;520,00;520,00;520,91258741259;1,96;55;572,00000;297962,00;EUR;EUR
XZAG;KOEI;HRKOEIRA0009;2025-05-23;CT;526,00;526,00;504,00;510,00;516,78553615960;-2,30;98;802,00000;414462,00;EUR;EUR
XZAG;KOEI;HRKOEIRA0009;2025-05-22;CT;524,00;526,00;520,00;522,00;521,87500000000;0,38;21;192,00000;100200,00;EUR;EUR
XZAG;KOEI;HRKOEIRA0009;2025-05-21;CT;532,00;532,00;512,00;520,00;521,11428571429;-2,26;60;420,00000;218868,00;EUR;EUR
XZAG;KOEI;HRKOEIRA0009;2025-05-20;CT;544,00;544,00;530,00;532,00;535,14880952381;-1,85;80;1008,00000;539430,00;EUR;EUR
XZAG;KOEI;HRKOEIRA0009;2025-05-19;CT;544,00;544,00;540,00;542,00;541,49917081260;0,37;91;1206,00000;653048,00;EUR;EUR
XZAG;KOEI;HRKOEIRA0009;2025-05-16;CT;534,00;548,00;534,00;540,00;541,69430894309;1,50;167;1845,00000;999426,00;EUR;EUR
XZAG;KOEI;HRKOEIRA0009;2025-05-15;CT;530,00;534,00;526,00;532,00;530,44914285714;0,76;84;1750,00000;928286,00;EUR;EUR
XZAG;KOEI;HRKOEIRA0009;2025-05-14;CT;526,00;528,00;522,00;528,00;524,98177676538;0,76;123;2634,00000;1382802,00;EUR;EUR
XZAG;KOEI;HRKOEIRA0009;2025-05-13;CT;520,00;526,00;516,00;524,00;520,07827788650;1,16;76;1022,00000;531520,00;EUR;EUR
XZAG;KOEI;HRKOEIRA0009;2025-05-12;CT;524,00;526,00;518,00;518,00;521,83105715731;-0,38;110;1977,00000;1031660,00;EUR;EUR
XZAG;KOEI;HRKOEIRA0009;2025-05-09;CT;518,00;530,00;518,00;520,00;524,09677419355;1,17;41;496,00000;259952,00;EUR;EUR
XZAG;KOEI;HRKOEIRA0009;2025-05-08;CT;506,00;518,00;500,00;514,00;507,63136456212;2,80;68;982,00000;498494,00;EUR;EUR
XZAG;KOEI;HRKOEIRA0009;2025-05-07;CT;486,00;502,00;486,00;500,00;495,41789354473;2,88;62;883,00000;437454,00;EUR;EUR
XZAG;KOEI;HRKOEIRA0009;2025-05-06;CT;487,00;490,00;482,00;486,00;485,73333333333;-0,82;29;345,00000;167578,00;EUR;EUR
XZAG;KOEI;HRKOEIRA0009;2025-05-05;CT;491,00;493,00;489,00;490,00;490,25261780105;0,00;40;764,00000;374553,00;EUR;EUR
XZAG;KOEI;HRKOEIRA0009;2025-05-02;CT;480,00;496,00;480,00;490,00;488,06424581006;2,08;26;358,00000;174727,00;EUR;EUR
XZAG;KOEI;HRKOEIRA0009;2025-04-30;CT;497,00;497,00;480,00;480,00;489,09693877551;-2,83;48;588,00000;287589,00;EUR;EUR
XZAG;KOEI;HRKOEIRA0009;2025-04-29;CT;482,00;508,00;482,00;494,00;495,81357254290;3,78;134;1282,00000;635633,00;EUR;EUR
XZAG;KOEI;HRKOEIRA0009;2025-04-28;CT;472,00;478,00;472,00;476,00;474,39921568627;1,71;65;1275,00000;604859,00;EUR;EUR
XZAG;KOEI;HRKOEIRA0009;2025-04-25;CT;466,00;470,00;466,00;468,00;469,10989010989;-0,21;36;546,00000;256134,00;EUR;EUR
XZAG;KOEI;HRKOEIRA0009;2025-04-24;CT;470,00;470,00;465,00;469,00;466,85447761194;-0,21;27;268,00000;125117,00;EUR;EUR
XZAG;KOEI;HRKOEIRA0009;2025-04-23;CT;461,00;472,00;461,00;470,00;467,16173570020;2,17;30;507,00000;236851,00;EUR;EUR
XZAG;KOEI;HRKOEIRA0009;2025-04-22;BLOCK;;459,00;459,00;459,00;459,00000000000;;1;660,00000;302940,00;EUR;EUR
XZAG;KOEI;HRKOEIRA0009;2025-04-22;CT;460,00;460,00;456,00;460,00;459,53136531365;0,44;20;271,00000;124533,00;EUR;EUR
XZAG;KOEI;HRKOEIRA0009;2025-04-17;CT;460,00;460,00;458,00;458,00;459,48101265823;-0,87;17;158,00000;72598,00;EUR;EUR
XZAG;KOEI;HRKOEIRA0009;2025-04-16;CT;470,00;470,00;462,00;462,00;466,07303370787;-2,53;32;178,00000;82961,00;EUR;EUR
XZAG;KOEI;HRKOEIRA0009;2025-04-15;CT;469,00;474,00;468,00;474,00;471,32165605096;2,38;56;628,00000;295990,00;EUR;EUR
XZAG;KOEI;HRKOEIRA0009;2025-04-14;CT;462,00;465,00;462,00;463,00;464,05755395683;0,22;15;139,00000;64504,00;EUR;EUR
XZAG;KOEI;HRKOEIRA0009;2025-04-11;CT;463,00;463,00;456,00;462,00;461,06510416667;0,43;14;384,00000;177049,00;EUR;EUR
XZAG;KOEI;HRKOEIRA0009;2025-04-10;CT;474,00;484,00;460,00;460,00;471,33846153846;4,07;128;1885,00000;888473,00;EUR;EUR
XZAG;KOEI;HRKOEIRA0009;2025-04-09;CT;443,00;447,00;433,00;442,00;442,23014959724;-1,56;64;869,00000;384298,00;EUR;EUR
XZAG;KOEI;HRKOEIRA0009;2025-04-08;BLOCK;;420,00;420,00;420,00;420,00000000000;;1;2000,00000;840000,00;EUR;EUR
XZAG;KOEI;HRKOEIRA0009;2025-04-08;CT;424,00;449,00;424,00;449,00;441,43634259259;6,90;124;1728,00000;762802,00;EUR;EUR
XZAG;KOEI;HRKOEIRA0009;2025-04-07;CT;414,00;425,00;391,00;420,00;408,89769585253;-3,00;236;3255,00000;1330962,00;EUR;EUR
XZAG;KOEI;HRKOEIRA0009;2025-04-04;BLOCK;;432,00;432,00;432,00;432,00000000000;;1;25000,00000;10800000,00;EUR;EUR
XZAG;KOEI;HRKOEIRA0009;2025-04-04;CT;444,00;444,00;421,00;433,00;429,65200210748;-2,26;191;3796,00000;1630959,00;EUR;EUR
XZAG;KOEI;HRKOEIRA0009;2025-04-03;CT;450,00;451,00;440,00;443,00;444,19264069264;-3,70;76;924,00000;410434,00;EUR;EUR
XZAG;KOEI;HRKOEIRA0009;2025-04-02;CT;458,00;460,00;450,00;460,00;456,58125000000;-0,43;68;1280,00000;584424,00;EUR;EUR
XZAG;KOEI;HRKOEIRA0009;2025-04-01;CT;462,00;462,00;458,00;462,00;461,04761904762;-0,86;20;273,00000;125866,00;EUR;EUR
XZAG;KOEI;HRKOEIRA0009;2025-03-31;CT;468,00;470,00;464,00;466,00;466,64114832536;-1,27;30;209,00000;97528,00;EUR;EUR
XZAG;KOEI;HRKOEIRA0009;2025-03-28;BLOCK;;470,00;470,00;470,00;470,00000000000;;1;700,00000;329000,00;EUR;EUR
XZAG;KOEI;HRKOEIRA0009;2025-03-28;CT;478,00;478,00;472,00;472,00;473,86486486486;-1,26;11;74,00000;35066,00;EUR;EUR
XZAG;KOEI;HRKOEIRA0009;2025-03-27;CT;478,00;478,00;470,00;478,00;472,35714285714;0,00;18;112,00000;52904,00;EUR;EUR
XZAG;KOEI;HRKOEIRA0009;2025-03-26;CT;484,00;486,00;470,00;478,00;474,89438943894;-0,83;44;606,00000;287786,00;EUR;EUR
XZAG;KOEI;HRKOEIRA0009;2025-03-25;CT;462,00;482,00;462,00;482,00;473,06036745407;4,33;43;381,00000;180236,00;EUR;EUR
XZAG;KOEI;HRKOEIRA0009;2025-03-24;CT;458,00;462,00;456,00;462,00;459,04142011834;0,87;24;169,00000;77578,00;EUR;EUR
XZAG;KOEI;HRKOEIRA0009;2025-03-21;CT;468,00;470,00;452,00;458,00;460,76998769988;-2,97;66;813,00000;374606,00;EUR;EUR
XZAG;KOEI;HRKOEIRA0009;2025-03-20;CT;476,00;476,00;470,00;472,00;473,02173913043;-1,67;16;184,00000;87036,00;EUR;EUR
XZAG;KOEI;HRKOEIRA0009;2025-03-19;CT;488,00;488,00;472,00;480,00;483,13879003559;-0,83;65;1405,00000;678810,00;EUR;EUR
XZAG;KOEI;HRKOEIRA0009;2025-03-18;CT;480,00;484,00;478,00;484,00;480,22000000000;1,68;44;500,00000;240110,00;EUR;EUR
XZAG;KOEI;HRKOEIRA0009;2025-03-17;CT;472,00;478,00;472,00;476,00;475,58064516129;1,28;30;186,00000;88458,00;EUR;EUR
XZAG;KOEI;HRKOEIRA0009;2025-03-14;CT;466,00;476,00;466,00;470,00;471,57819905213;0,86;50;422,00000;199006,00;EUR;EUR
XZAG;KOEI;HRKOEIRA0009;2025-03-13;CT;468,00;470,00;462,00;466,00;465,57317073171;0,00;26;164,00000;76354,00;EUR;EUR
XZAG;KOEI;HRKOEIRA0009;2025-03-12;CT;460,00;468,00;460,00;466,00;463,10769230769;1,30;16;130,00000;60204,00;EUR;EUR
XZAG;KOEI;HRKOEIRA0009;2025-03-11;CT;464,00;468,00;460,00;460,00;462,30180180180;-0,86;43;444,00000;205262,00;EUR;EUR
XZAG;KOEI;HRKOEIRA0009;2025-03-10;CT;476,00;476,00;464,00;464,00;468,69918699187;-2,11;20;123,00000;57650,00;EUR;EUR
XZAG;KOEI;HRKOEIRA0009;2025-03-07;CT;474,00;474,00;468,00;474,00;471,81518151815;0,42;27;303,00000;142960,00;EUR;EUR
XZAG;KOEI;HRKOEIRA0009;2025-03-06;CT;476,00;486,00;472,00;472,00;479,43032427695;-0,84;51;1141,00000;547030,00;EUR;EUR
XZAG;KOEI;HRKOEIRA0009;2025-03-05;CT;478,00;480,00;470,00;476,00;476,61771058315;-0,42;59;463,00000;220674,00;EUR;EUR
XZAG;KOEI;HRKOEIRA0009;2025-03-04;CT;498,00;498,00;436,00;478,00;462,82717738258;-3,24;207;2193,00000;1014980,00;EUR;EUR
XZAG;KOEI;HRKOEIRA0009;2025-03-03;CT;505,00;505,00;494,00;494,00;498,93504531722;-1,20;44;662,00000;330295,00;EUR;EUR
XZAG;KOEI;HRKOEIRA0009;2025-02-28;CT;505,00;505,00;498,00;500,00;500,41121495327;0,00;38;535,00000;267720,00;EUR;EUR
XZAG;KOEI;HRKOEIRA0009;2025-02-27;CT;500,00;510,00;500,00;500,00;505,14851485149;0,00;105;1414,00000;714280,00;EUR;EUR
XZAG;KOEI;HRKOEIRA0009;2025-02-26;CT;496,00;515,00;494,00;500,00;500,16148148148;0,81;106;2025,00000;1012827,00;EUR;EUR
XZAG;KOEI;HRKOEIRA0009;2025-02-25;CT;496,00;498,00;494,00;496,00;495,55963302752;0,00;13;109,00000;54016,00;EUR;EUR
XZAG;KOEI;HRKOEIRA0009;2025-02-24;CT;500,00;500,00;494,00;496,00;496,35526315789;-0,40;43;608,00000;301784,00;EUR;EUR
XZAG;KOEI;HRKOEIRA0009;2025-02-21;CT;498,00;498,00;494,00;498,00;496,89634146341;0,40;34;328,00000;162982,00;EUR;EUR
XZAG;KOEI;HRKOEIRA0009;2025-02-20;CT;500,00;500,00;494,00;496,00;495,70588235294;-0,40;18;272,00000;134832,00;EUR;EUR
XZAG;KOEI;HRKOEIRA0009;2025-02-19;CT;500,00;500,00;496,00;498,00;497,94074074074;-0,40;15;135,00000;67222,00;EUR;EUR
XZAG;KOEI;HRKOEIRA0009;2025-02-18;CT;498,00;500,00;496,00;500,00;499,53658536585;1,21;18;164,00000;81924,00;EUR;EUR
XZAG;KOEI;HRKOEIRA0009;2025-02-17;CT;505,00;505,00;494,00;494,00;499,97003745318;-2,18;44;534,00000;266984,00;EUR;EUR
XZAG;KOEI;HRKOEIRA0009;2025-02-14;CT;500,00;510,00;494,00;505,00;501,94701986755;1,00;35;453,00000;227382,00;EUR;EUR
XZAG;KOEI;HRKOEIRA0009;2025-02-13;CT;525,00;525,00;498,00;500,00;503,54622641509;-3,85;99;1060,00000;533759,00;EUR;EUR
XZAG;KOEI;HRKOEIRA0009;2025-02-12;BLOCK;;520,00;515,00;515,00;517,50000000000;;2;1170,00000;605475,00;EUR;EUR
XZAG;KOEI;HRKOEIRA0009;2025-02-12;CT;530,00;535,00;515,00;520,00;521,93726937269;-1,89;49;542,00000;282890,00;EUR;EUR
XZAG;KOEI;HRKOEIRA0009;2025-02-11;CT;540,00;540,00;530,00;530,00;530,80101180438;-1,85;47;1186,00000;629530,00;EUR;EUR
XZAG;KOEI;HRKOEIRA0009;2025-02-10;CT;535,00;545,00;535,00;540,00;540,06535947712;0,93;13;153,00000;82630,00;EUR;EUR
XZAG;KOEI;HRKOEIRA0009;2025-02-07;CT;545,00;545,00;535,00;535,00;536,89895470383;-0,93;26;287,00000;154090,00;EUR;EUR
XZAG;KOEI;HRKOEIRA0009;2025-02-07;OTC;;540,00;540,00;540,00;540,00000000000;;1;11111,00000;5999940,00;EUR;EUR
XZAG;KOEI;HRKOEIRA0009;2025-02-06;CT;545,00;545,00;540,00;540,00;544,04632152589;-0,92;29;734,00000;399330,00;EUR;EUR
XZAG;KOEI;HRKOEIRA0009;2025-02-05;CT;540,00;545,00;540,00;545,00;544,15231788079;0,93;27;755,00000;410835,00;EUR;EUR
XZAG;KOEI;HRKOEIRA0009;2025-02-04;CT;535,00;540,00;535,00;540,00;538,20105820106;0,93;18;378,00000;203440,00;EUR;EUR
XZAG;KOEI;HRKOEIRA0009;2025-02-03;CT;540,00;545,00;530,00;535,00;537,37244897959;-1,83;54;784,00000;421300,00;EUR;EUR
XZAG;KOEI;HRKOEIRA0009;2025-01-31;CT;545,00;545,00;540,00;545,00;542,43902439024;0,00;17;123,00000;66720,00;EUR;EUR
XZAG;KOEI;HRKOEIRA0009;2025-01-30;CT;540,00;545,00;540,00;545,00;540,75757575758;0,00;11;66,00000;35690,00;EUR;EUR
XZAG;KOEI;HRKOEIRA0009;2025-01-29;CT;545,00;550,00;540,00;545,00;545,11160714286;0,00;20;224,00000;122105,00;EUR;EUR
XZAG;KOEI;HRKOEIRA0009;2025-01-28;CT;550,00;550,00;540,00;545,00;543,78787878788;0,00;10;66,00000;35890,00;EUR;EUR
XZAG;KOEI;HRKOEIRA0009;2025-01-27;CT;550,00;550,00;535,00;545,00;545,64542483660;-1,80;59;612,00000;333935,00;EUR;EUR
XZAG;KOEI;HRKOEIRA0009;2025-01-24;CT;555,00;555,00;555,00;555,00;555,00000000000;0,00;11;128,00000;71040,00;EUR;EUR
XZAG;KOEI;HRKOEIRA0009;2025-01-23;CT;555,00;555,00;550,00;555,00;553,57400722022;0,00;27;554,00000;306680,00;EUR;EUR
XZAG;KOEI;HRKOEIRA0009;2025-01-22;CT;555,00;560,00;555,00;555,00;555,04625346901;0,00;34;1081,00000;600005,00;EUR;EUR
XZAG;KOEI;HRKOEIRA0009;2025-01-21;CT;555,00;555,00;555,00;555,00;555,00000000000;0,00;12;358,00000;198690,00;EUR;EUR
XZAG;KOEI;HRKOEIRA0009;2025-01-20;CT;555,00;560,00;550,00;555,00;553,55339805825;0,00;46;515,00000;285080,00;EUR;EUR
XZAG;KOEI;HRKOEIRA0009;2025-01-17;CT;555,00;560,00;555,00;555,00;556,39655172414;0,91;23;290,00000;161355,00;EUR;EUR
XZAG;KOEI;HRKOEIRA0009;2025-01-16;CT;550,00;560,00;545,00;550,00;552,67716535433;0,92;35;254,00000;140380,00;EUR;EUR
XZAG;KOEI;HRKOEIRA0009;2025-01-15;BLOCK;;545,00;545,00;545,00;545,00000000000;;1;1000,00000;545000,00;EUR;EUR
XZAG;KOEI;HRKOEIRA0009;2025-01-15;CT;555,00;555,00;545,00;545,00;545,81784386617;-0,91;30;538,00000;293650,00;EUR;EUR
XZAG;KOEI;HRKOEIRA0009;2025-01-14;CT;560,00;560,00;540,00;550,00;551,83879781421;-0,90;121;1830,00000;1009865,00;EUR;EUR
XZAG;KOEI;HRKOEIRA0009;2025-01-13;BLOCK;;555,00;555,00;555,00;555,00000000000;;1;1000,00000;555000,00;EUR;EUR
XZAG;KOEI;HRKOEIRA0009;2025-01-13;CT;545,00;565,00;545,00;555,00;555,93639575972;0,91;130;1698,00000;943980,00;EUR;EUR
XZAG;KOEI;HRKOEIRA0009;2025-01-10;CT;535,00;550,00;530,00;550,00;538,80263157895;2,80;123;1140,00000;614235,00;EUR;EUR
XZAG;KOEI;HRKOEIRA0009;2025-01-09;CT;515,00;535,00;515,00;535,00;525,22646850672;4,90;140;1413,00000;742145,00;EUR;EUR
XZAG;KOEI;HRKOEIRA0009;2025-01-08;CT;486,00;520,00;486,00;510,00;505,63125481139;5,37;226;2598,00000;1313630,00;EUR;EUR
XZAG;KOEI;HRKOEIRA0009;2025-01-07;CT;464,00;484,00;464,00;484,00;473,27898550725;4,31;50;552,00000;261250,00;EUR;EUR
XZAG;KOEI;HRKOEIRA0009;2025-01-03;CT;468,00;470,00;464,00;464,00;467,22719141324;0,00;77;559,00000;261180,00;EUR;EUR
XZAG;KOEI;HRKOEIRA0009;2025-01-02;CT;452,00;476,00;452,00;464,00;466,65052950076;4,50;72;661,00000;308456,00;EUR;EUR
XZAG;KOEI;HRKOEIRA0009;2024-12-30;CT;450,00;450,00;444,00;444,00;446,48450057405;-1,33;42;871,00000;388888,00;EUR;EUR
XZAG;KOEI;HRKOEIRA0009;2024-12-27;CT;458,00;462,00;450,00;450,00;457,35696821516;-0,44;93;818,00000;374118,00;EUR;EUR
XZAG;KOEI;HRKOEIRA0009;2024-12-23;CT;448,00;456,00;446,00;452,00;450,45675675676;1,80;50;740,00000;333338,00;EUR;EUR
XZAG;KOEI;HRKOEIRA0009;2024-12-20;CT;442,00;448,00;442,00;444,00;444,71614100186;-0,89;39;539,00000;239702,00;EUR;EUR
XZAG;KOEI;HRKOEIRA0009;2024-12-19;BLOCK;;450,00;450,00;450,00;450,00000000000;;1;1130,00000;508500,00;EUR;EUR
XZAG;KOEI;HRKOEIRA0009;2024-12-19;CT;452,00;454,00;446,00;448,00;450,09210526316;0,00;38;456,00000;205242,00;EUR;EUR
XZAG;KOEI;HRKOEIRA0009;2024-12-18;CT;442,00;450,00;442,00;448,00;445,83164983165;1,82;51;594,00000;264824,00;EUR;EUR
XZAG;KOEI;HRKOEIRA0009;2024-12-17;CT;430,00;444,00;430,00;440,00;436,72815533981;2,33;55;618,00000;269898,00;EUR;EUR
XZAG;KOEI;HRKOEIRA0009;2024-12-16;CT;426,00;430,00;424,00;430,00;426,42388059701;1,42;26;335,00000;142852,00;EUR;EUR
XZAG;KOEI;HRKOEIRA0009;2024-12-13;CT;418,00;424,00;418,00;424,00;421,16768292683;1,44;38;656,00000;276286,00;EUR;EUR
XZAG;KOEI;HRKOEIRA0009;2024-12-12;CT;418,00;420,00;416,00;418,00;417,44905660377;0,48;16;265,00000;110624,00;EUR;EUR
XZAG;KOEI;HRKOEIRA0009;2024-12-11;CT;418,00;418,00;414,00;416,00;417,21078431373;0,48;20;408,00000;170222,00;EUR;EUR
XZAG;KOEI;HRKOEIRA0009;2024-12-10;CT;416,00;420,00;414,00;414,00;416,55252918288;0,00;25;257,00000;107054,00;EUR;EUR
XZAG;KOEI;HRKOEIRA0009;2024-12-09;CT;412,00;414,00;410,00;414,00;413,19373776908;0,49;27;511,00000;211142,00;EUR;EUR
XZAG;KOEI;HRKOEIRA0009;2024-12-06;CT;412,00;414,00;410,00;412,00;412,22535211268;0,98;15;142,00000;58536,00;EUR;EUR
XZAG;KOEI;HRKOEIRA0009;2024-12-05;CT;408,00;410,00;408,00;408,00;408,28248587571;0,00;13;177,00000;72266,00;EUR;EUR
XZAG;KOEI;HRKOEIRA0009;2024-12-04;CT;408,00;410,00;404,00;408,00;407,69729729730;0,49;21;185,00000;75424,00;EUR;EUR
XZAG;KOEI;HRKOEIRA0009;2024-12-03;CT;406,00;408,00;404,00;406,00;405,98181818182;-0,49;12;110,00000;44658,00;EUR;EUR
XZAG;KOEI;HRKOEIRA0009;2024-12-02;CT;410,00;410,00;408,00;408,00;408,82352941176;-0,49;6;17,00000;6950,00;EUR;EUR
XZAG;KOEI;HRKOEIRA0009;2024-11-29;CT;406,00;410,00;406,00;410,00;408,12578616352;0,99;22;159,00000;64892,00;EUR;EUR
XZAG;KOEI;HRKOEIRA0009;2024-11-28;CT;404,00;406,00;400,00;406,00;403,55339805825;1,50;15;206,00000;83132,00;EUR;EUR
XZAG;KOEI;HRKOEIRA0009;2024-11-27;CT;404,00;406,00;400,00;400,00;401,75137111517;-1,48;34;547,00000;219758,00;EUR;EUR
XZAG;KOEI;HRKOEIRA0009;2024-11-26;CT;410,00;410,00;406,00;406,00;407,75669099757;-0,49;26;411,00000;167588,00;EUR;EUR
XZAG;KOEI;HRKOEIRA0009;2024-11-25;CT;408,00;410,00;408,00;408,00;408,97297297297;-0,49;18;74,00000;30264,00;EUR;EUR
XZAG;KOEI;HRKOEIRA0009;2024-11-22;CT;412,00;412,00;408,00;410,00;408,92913385827;0,00;12;127,00000;51934,00;EUR;EUR
XZAG;KOEI;HRKOEIRA0009;2024-11-21;BLOCK;;406,00;406,00;406,00;406,00000000000;;1;1067,00000;433202,00;EUR;EUR
XZAG;KOEI;HRKOEIRA0009;2024-11-21;CT;410,00;414,00;408,00;410,00;408,65326633166;-0,97;21;199,00000;81322,00;EUR;EUR
XZAG;KOEI;HRKOEIRA0009;2024-11-20;CT;410,00;414,00;410,00;414,00;411,88028169014;0,98;33;284,00000;116974,00;EUR;EUR
XZAG;KOEI;HRKOEIRA0009;2024-11-19;CT;408,00;410,00;408,00;410,00;408,16091954023;0,49;19;348,00000;142040,00;EUR;EUR
XZAG;KOEI;HRKOEIRA0009;2024-11-15;CT;414,00;414,00;406,00;408,00;408,70466321244;-1,45;19;193,00000;78880,00;EUR;EUR
XZAG;KOEI;HRKOEIRA0009;2024-11-14;CT;404,00;414,00;404,00;414,00;408,24172185430;1,97;31;604,00000;246578,00;EUR;EUR
XZAG;KOEI;HRKOEIRA0009;2024-11-13;CT;406,00;406,00;400,00;406,00;404,74683544304;1,50;19;158,00000;63950,00;EUR;EUR
XZAG;KOEI;HRKOEIRA0009;2024-11-12;BLOCK;;396,00;396,00;396,00;396,00000000000;;1;2500,00000;990000,00;EUR;EUR
XZAG;KOEI;HRKOEIRA0009;2024-11-12;CT;400,00;404,00;400,00;400,00;400,45714285714;0,00;12;70,00000;28032,00;EUR;EUR
XZAG;KOEI;HRKOEIRA0009;2024-11-11;CT;408,00;408,00;400,00;400,00;401,39772727273;-1,96;65;880,00000;353230,00;EUR;EUR
XZAG;KOEI;HRKOEIRA0009;2024-11-08;CT;398,00;408,00;396,00;408,00;400,86624203822;2,51;22;157,00000;62936,00;EUR;EUR
XZAG;KOEI;HRKOEIRA0009;2024-11-07;BLOCK;;394,00;394,00;394,00;394,00000000000;;1;1263,00000;497622,00;EUR;EUR
XZAG;KOEI;HRKOEIRA0009;2024-11-07;CT;402,00;404,00;398,00;398,00;400,39816933638;-1,97;27;437,00000;174974,00;EUR;EUR
XZAG;KOEI;HRKOEIRA0009;2024-11-06;CT;404,00;406,00;396,00;406,00;400,04021655066;1,50;60;1293,00000;517252,00;EUR;EUR
XZAG;KOEI;HRKOEIRA0009;2024-11-05;CT;408,00;408,00;400,00;400,00;402,12765957447;0,00;17;141,00000;56700,00;EUR;EUR
XZAG;KOEI;HRKOEIRA0009;2024-11-04;BLOCK;;396,00;396,00;396,00;396,00000000000;;1;1000,00000;396000,00;EUR;EUR
XZAG;KOEI;HRKOEIRA0009;2024-11-04;CT;412,00;412,00;398,00;400,00;401,74400000000;-3,38;74;875,00000;351526,00;EUR;EUR
XZAG;KOEI;HRKOEIRA0009;2024-10-31;CT;406,00;414,00;404,00;414,00;408,27885256838;1,97;107;1499,00000;612010,00;EUR;EUR
XZAG;KOEI;HRKOEIRA0009;2024-10-30;CT;406,00;406,00;404,00;406,00;404,39302325581;1,00;39;860,00000;347778,00;EUR;EUR
XZAG;KOEI;HRKOEIRA0009;2024-10-29;CT;408,00;408,00;400,00;402,00;402,90740740741;0,50;54;540,00000;217570,00;EUR;EUR
XZAG;KOEI;HRKOEIRA0009;2024-10-28;CT;406,00;410,00;400,00;400,00;403,15278783490;-0,99;101;1381,00000;556754,00;EUR;EUR
XZAG;KOEI;HRKOEIRA0009;2024-10-25;CT;408,00;408,00;400,00;404,00;403,57423971377;0,50;33;559,00000;225598,00;EUR;EUR
XZAG;KOEI;HRKOEIRA0009;2024-10-24;CT;414,00;414,00;400,00;402,00;403,56876456876;-1,95;66;858,00000;346262,00;EUR;EUR
XZAG;KOEI;HRKOEIRA0009;2024-10-23;CT;412,00;416,00;404,00;410,00;408,33536585366;0,00;35;328,00000;133934,00;EUR;EUR
XZAG;KOEI;HRKOEIRA0009;2024-10-22;CT;418,00;420,00;410,00;410,00;414,53652058433;-1,44;72;753,00000;312146,00;EUR;EUR
XZAG;KOEI;HRKOEIRA0009;2024-10-21;CT;426,00;430,00;416,00;416,00;418,54434250765;-1,42;34;327,00000;136864,00;EUR;EUR
XZAG;KOEI;HRKOEIRA0009;2024-10-18;CT;422,00;430,00;418,00;422,00;421,42939481268;0,00;52;347,00000;146236,00;EUR;EUR
XZAG;KOEI;HRKOEIRA0009;2024-10-17;CT;406,00;426,00;406,00;422,00;417,53484729836;4,46;119;1277,00000;533192,00;EUR;EUR
XZAG;KOEI;HRKOEIRA0009;2024-10-16;CT;400,00;408,00;394,00;404,00;399,72289156627;0,50;47;332,00000;132708,00;EUR;EUR
XZAG;KOEI;HRKOEIRA0009;2024-10-15;CT;410,00;414,00;396,00;402,00;406,00845665962;-0,99;68;473,00000;192042,00;EUR;EUR
XZAG;KOEI;HRKOEIRA0009;2024-10-14;CT;378,00;408,00;378,00;406,00;387,41080680977;7,41;110;1351,00000;523392,00;EUR;EUR
XZAG;KOEI;HRKOEIRA0009;2024-10-11;CT;374,00;378,00;374,00;378,00;374,94505494505;1,07;32;455,00000;170600,00;EUR;EUR
XZAG;KOEI;HRKOEIRA0009;2024-10-10;CT;374,00;376,00;374,00;374,00;374,04792332268;0,00;32;626,00000;234154,00;EUR;EUR
XZAG;KOEI;HRKOEIRA0009;2024-10-09;CT;374,00;374,00;370,00;374,00;372,42553191489;0,00;11;94,00000;35008,00;EUR;EUR
XZAG;KOEI;HRKOEIRA0009;2024-10-08;BLOCK;;372,00;372,00;372,00;372,00000000000;;1;1355,00000;504060,00;EUR;EUR
XZAG;KOEI;HRKOEIRA0009;2024-10-08;CT;372,00;374,00;370,00;374,00;371,92972972973;0,54;13;370,00000;137614,00;EUR;EUR
XZAG;KOEI;HRKOEIRA0009;2024-10-07;CT;374,00;374,00;370,00;372,00;372,57286432161;-0,53;19;199,00000;74142,00;EUR;EUR
XZAG;KOEI;HRKOEIRA0009;2024-10-04;CT;372,00;374,00;372,00;374,00;372,83018867925;0,54;4;53,00000;19760,00;EUR;EUR
XZAG;KOEI;HRKOEIRA0009;2024-10-03;CT;372,00;372,00;370,00;372,00;371,99690402477;0,00;10;646,00000;240310,00;EUR;EUR
XZAG;KOEI;HRKOEIRA0009;2024-10-02;CT;370,00;372,00;370,00;372,00;370,95833333333;0,00;18;288,00000;106836,00;EUR;EUR
XZAG;KOEI;HRKOEIRA0009;2024-10-01;CT;368,00;372,00;368,00;372,00;369,86943620178;0,54;15;337,00000;124646,00;EUR;EUR
XZAG;KOEI;HRKOEIRA0009;2024-09-30;CT;370,00;370,00;370,00;370,00;370,00000000000;0,54;4;62,00000;22940,00;EUR;EUR
XZAG;KOEI;HRKOEIRA0009;2024-09-27;CT;368,00;370,00;368,00;368,00;369,06976744186;0,00;7;43,00000;15870,00;EUR;EUR
XZAG;KOEI;HRKOEIRA0009;2024-09-26;BLOCK;;366,00;366,00;366,00;366,00000000000;;1;850,00000;311100,00;EUR;EUR
XZAG;KOEI;HRKOEIRA0009;2024-09-26;CT;368,00;370,00;366,00;368,00;367,79259259259;0,00;42;810,00000;297912,00;EUR;EUR
XZAG;KOEI;HRKOEIRA0009;2024-09-25;BLOCK;;366,00;366,00;366,00;366,00000000000;;1;1000,00000;366000,00;EUR;EUR
XZAG;KOEI;HRKOEIRA0009;2024-09-25;CT;366,00;368,00;366,00;368,00;367,56666666667;0,55;8;60,00000;22054,00;EUR;EUR
XZAG;KOEI;HRKOEIRA0009;2024-09-24;BLOCK;;366,00;366,00;366,00;366,00000000000;;1;1000,00000;366000,00;EUR;EUR
XZAG;KOEI;HRKOEIRA0009;2024-09-24;CT;366,00;366,00;364,00;366,00;365,38000000000;0,55;17;200,00000;73076,00;EUR;EUR
XZAG;KOEI;HRKOEIRA0009;2024-09-23;CT;362,00;368,00;362,00;364,00;364,47619047619;1,11;16;168,00000;61232,00;EUR;EUR
XZAG;KOEI;HRKOEIRA0009;2024-09-20;CT;372,00;372,00;360,00;360,00;366,36238532110;-3,23;55;872,00000;319468,00;EUR;EUR
XZAG;KOEI;HRKOEIRA0009;2024-09-19;CT;374,00;374,00;372,00;372,00;373,69230769231;0,54;7;39,00000;14574,00;EUR;EUR
XZAG;KOEI;HRKOEIRA0009;2024-09-18;CT;366,00;374,00;366,00;370,00;370,21875000000;0,00;10;64,00000;23694,00;EUR;EUR
XZAG;KOEI;HRKOEIRA0009;2024-09-17;CT;366,00;370,00;366,00;370,00;367,62052877138;1,09;33;643,00000;236380,00;EUR;EUR
XZAG;KOEI;HRKOEIRA0009;2024-09-16;CT;366,00;368,00;366,00;366,00;366,27272727273;0,00;13;176,00000;64464,00;EUR;EUR
XZAG;KOEI;HRKOEIRA0009;2024-09-13;CT;366,00;370,00;366,00;366,00;366,18934911243;-0,54;19;169,00000;61886,00;EUR;EUR
XZAG;KOEI;HRKOEIRA0009;2024-09-12;CT;366,00;368,00;366,00;368,00;367,98181818182;0,00;17;220,00000;80956,00;EUR;EUR
XZAG;KOEI;HRKOEIRA0009;2024-09-11;CT;370,00;370,00;368,00;368,00;368,68253968254;-0,54;13;126,00000;46454,00;EUR;EUR
XZAG;KOEI;HRKOEIRA0009;2024-09-10;CT;370,00;370,00;370,00;370,00;370,00000000000;0,00;9;247,00000;91390,00;EUR;EUR
XZAG;KOEI;HRKOEIRA0009;2024-09-09;CT;370,00;372,00;370,00;370,00;371,07692307692;0,00;5;26,00000;9648,00;EUR;EUR
XZAG;KOEI;HRKOEIRA0009;2024-09-06;CT;370,00;372,00;370,00;370,00;370,18461538462;0,00;8;65,00000;24062,00;EUR;EUR
XZAG;KOEI;HRKOEIRA0009;2024-09-05;CT;370,00;374,00;370,00;370,00;370,22966507177;0,00;13;209,00000;77378,00;EUR;EUR
XZAG;KOEI;HRKOEIRA0009;2024-09-04;CT;370,00;370,00;368,00;370,00;369,84664536741;0,00;17;313,00000;115762,00;EUR;EUR
XZAG;KOEI;HRKOEIRA0009;2024-09-03;CT;370,00;370,00;366,00;370,00;367,88387096774;0,00;29;310,00000;114044,00;EUR;EUR
XZAG;KOEI;HRKOEIRA0009;2024-09-02;CT;370,00;370,00;366,00;370,00;368,23008849558;-0,54;6;113,00000;41610,00;EUR;EUR
XZAG;KOEI;HRKOEIRA0009;2024-08-30;CT;372,00;372,00;366,00;372,00;369,04761904762;0,00;17;210,00000;77500,00;EUR;EUR
XZAG;KOEI;HRKOEIRA0009;2024-08-29;CT;374,00;374,00;366,00;372,00;368,13333333333;0,00;16;210,00000;77308,00;EUR;EUR
XZAG;KOEI;HRKOEIRA0009;2024-08-28;CT;372,00;372,00;372,00;372,00;372,00000000000;0,54;10;75,00000;27900,00;EUR;EUR
XZAG;KOEI;HRKOEIRA0009;2024-08-27;CT;368,00;370,00;366,00;370,00;367,89189189189;1,09;8;74,00000;27224,00;EUR;EUR
XZAG;KOEI;HRKOEIRA0009;2024-08-26;CT;368,00;368,00;366,00;366,00;366,92857142857;-1,08;6;56,00000;20548,00;EUR;EUR
XZAG;KOEI;HRKOEIRA0009;2024-08-23;CT;378,00;378,00;370,00;370,00;372,89302325581;-2,12;21;215,00000;80172,00;EUR;EUR
XZAG;KOEI;HRKOEIRA0009;2024-08-22;CT;376,00;378,00;376,00;378,00;377,73684210526;0,00;14;190,00000;71770,00;EUR;EUR
XZAG;KOEI;HRKOEIRA0009;2024-08-21;CT;374,00;378,00;372,00;378,00;375,44000000000;-0,53;15;175,00000;65702,00;EUR;EUR
XZAG;KOEI;HRKOEIRA0009;2024-08-20;CT;366,00;380,00;364,00;380,00;370,02906976744;3,26;68;1720,00000;636450,00;EUR;EUR
XZAG;KOEI;HRKOEIRA0009;2024-08-19;CT;362,00;368,00;362,00;368,00;364,37500000000;1,10;14;336,00000;122430,00;EUR;EUR
XZAG;KOEI;HRKOEIRA0009;2024-08-16;CT;366,00;368,00;364,00;364,00;364,67213114754;-1,09;15;122,00000;44490,00;EUR;EUR
XZAG;KOEI;HRKOEIRA0009;2024-08-14;CT;372,00;372,00;368,00;368,00;371,00000000000;-0,54;21;188,00000;69748,00;EUR;EUR
XZAG;KOEI;HRKOEIRA0009;2024-08-13;CT;368,00;372,00;366,00;370,00;368,21459227468;0,54;26;699,00000;257382,00;EUR;EUR
XZAG;KOEI;HRKOEIRA0009;2024-08-12;CT;358,00;368,00;358,00;368,00;363,55000000000;3,37;20;240,00000;87252,00;EUR;EUR
XZAG;KOEI;HRKOEIRA0009;2024-08-09;CT;352,00;360,00;352,00;356,00;356,32108317215;1,71;25;517,00000;184218,00;EUR;EUR
XZAG;KOEI;HRKOEIRA0009;2024-08-08;CT;350,00;350,00;350,00;350,00;350,00000000000;-0,57;13;96,00000;33600,00;EUR;EUR
XZAG;KOEI;HRKOEIRA0009;2024-08-07;CT;360,00;360,00;352,00;352,00;356,05727923628;-1,12;41;419,00000;149188,00;EUR;EUR
XZAG;KOEI;HRKOEIRA0009;2024-08-06;CT;360,00;360,00;352,00;356,00;357,02495840266;-3,26;52;601,00000;214572,00;EUR;EUR
XZAG;KOEI;HRKOEIRA0009;2024-08-02;CT;374,00;374,00;368,00;368,00;369,98611111111;-1,60;29;288,00000;106556,00;EUR;EUR
XZAG;KOEI;HRKOEIRA0009;2024-08-01;CT;366,00;376,00;366,00;374,00;373,55131264916;1,08;32;419,00000;156518,00;EUR;EUR
XZAG;KOEI;HRKOEIRA0009;2024-07-31;CT;378,00;378,00;358,00;370,00;366,90049751244;-1,60;38;402,00000;147494,00;EUR;EUR
XZAG;KOEI;HRKOEIRA0009;2024-07-30;CT;386,00;390,00;376,00;376,00;385,51145038168;-2,59;65;786,00000;303012,00;EUR;EUR
XZAG;KOEI;HRKOEIRA0009;2024-07-29;CT;364,00;398,00;364,00;386,00;384,60079051383;6,63;182;1771,00000;681128,00;EUR;EUR
XZAG;KOEI;HRKOEIRA0009;2024-07-26;CT;346,00;366,00;346,00;362,00;353,40590288797;5,85;149;3151,00000;1113582,00;EUR;EUR
XZAG;KOEI;HRKOEIRA0009;2024-07-25;CT;326,00;350,00;326,00;342,00;340,54350282486;6,21;134;1770,00000;602762,00;EUR;EUR
XZAG;KOEI;HRKOEIRA0009;2024-07-24;CT;302,00;322,00;302,00;322,00;312,95274980635;6,62;75;1291,00000;404022,00;EUR;EUR
XZAG;KOEI;HRKOEIRA0009;2024-07-23;CT;298,00;302,00;298,00;302,00;300,19951338200;1,34;24;411,00000;123382,00;EUR;EUR
XZAG;KOEI;HRKOEIRA0009;2024-07-22;CT;298,00;298,00;296,00;298,00;297,94029850746;-0,67;7;67,00000;19962,00;EUR;EUR
XZAG;KOEI;HRKOEIRA0009;2024-07-19;BLOCK;;294,00;294,00;294,00;294,00000000000;;1;5000,00000;1470000,00;EUR;EUR
XZAG;KOEI;HRKOEIRA0009;2024-07-19;CT;298,00;306,00;298,00;300,00;300,14761476148;2,04;41;1111,00000;333464,00;EUR;EUR
XZAG;KOEI;HRKOEIRA0009;2024-07-18;CT;292,00;294,00;286,00;294,00;290,94968553459;0,00;20;318,00000;92522,00;EUR;EUR
XZAG;KOEI;HRKOEIRA0009;2024-07-17;CT;296,00;298,00;294,00;294,00;295,87667560322;-0,68;16;373,00000;110362,00;EUR;EUR
XZAG;KOEI;HRKOEIRA0009;2024-07-16;CT;288,00;304,00;288,00;296,00;297,19277108434;3,50;89;1826,00000;542674,00;EUR;EUR
XZAG;KOEI;HRKOEIRA0009;2024-07-15;CT;272,00;288,00;268,00;286,00;279,44197530864;5,93;60;1215,00000;339522,00;EUR;EUR
XZAG;KOEI;HRKOEIRA0009;2024-07-12;CT;260,00;270,00;260,00;270,00;267,49859943978;3,85;28;714,00000;190994,00;EUR;EUR
XZAG;KOEI;HRKOEIRA0009;2024-07-11;CT;260,00;262,00;260,00;260,00;260,31861198738;-0,76;6;634,00000;165042,00;EUR;EUR
XZAG;KOEI;HRKOEIRA0009;2024-07-10;BLOCK;;260,00;260,00;260,00;260,00000000000;;1;2000,00000;520000,00;EUR;EUR
XZAG;KOEI;HRKOEIRA0009;2024-07-10;CT;260,00;262,00;258,00;262,00;260,00000000000;0,77;6;34,00000;8840,00;EUR;EUR
XZAG;KOEI;HRKOEIRA0009;2024-07-09;CT;260,00;260,00;258,00;260,00;259,60000000000;0,00;3;10,00000;2596,00;EUR;EUR
XZAG;KOEI;HRKOEIRA0009;2024-07-08;CT;260,00;260,00;260,00;260,00;260,00000000000;1,56;3;48,00000;12480,00;EUR;EUR
XZAG;KOEI;HRKOEIRA0009;2024-07-05;CT;258,00;260,00;256,00;256,00;258,11673151751;-1,54;12;257,00000;66336,00;EUR;EUR
XZAG;KOEI;HRKOEIRA0009;2024-07-04;CT;258,00;260,00;258,00;260,00;258,04490500864;0,78;6;579,00000;149408,00;EUR;EUR
XZAG;KOEI;HRKOEIRA0009;2024-07-03;CT;256,00;258,00;256,00;258,00;257,03030303030;1,57;8;33,00000;8482,00;EUR;EUR
XZAG;KOEI;HRKOEIRA0009;2024-07-02;CT;252,00;254,00;252,00;254,00;252,28169014085;0,00;10;142,00000;35824,00;EUR;EUR
XZAG;KOEI;HRKOEIRA0009;2024-07-01;CT;258,00;258,00;254,00;254,00;256,02862254025;-2,31;23;1118,00000;286240,00;EUR;EUR
XZAG;KOEI;HRKOEIRA0009;2024-06-28;CT;258,00;262,00;258,00;260,00;259,75776397516;0,78;18;322,00000;83642,00;EUR;EUR
XZAG;KOEI;HRKOEIRA0009;2024-06-26;CT;258,00;260,00;258,00;258,00;259,95543175487;-0,77;6;359,00000;93324,00;EUR;EUR
XZAG;KOEI;HRKOEIRA0009;2024-06-25;CT;260,00;262,00;258,00;260,00;259,58043758044;1,56;16;777,00000;201694,00;EUR;EUR
XZAG;KOEI;HRKOEIRA0009;2024-06-24;CT;258,00;258,00;256,00;256,00;256,45068027211;-0,78;17;1176,00000;301586,00;EUR;EUR
XZAG;KOEI;HRKOEIRA0009;2024-06-21;CT;258,00;260,00;258,00;258,00;258,04285714286;0,00;8;280,00000;72252,00;EUR;EUR
XZAG;KOEI;HRKOEIRA0009;2024-06-20;CT;258,00;258,00;258,00;258,00;258,00000000000;-1,53;5;357,00000;92106,00;EUR;EUR
XZAG;KOEI;HRKOEIRA0009;2024-06-19;CT;256,00;262,00;256,00;262,00;257,62310030395;2,34;8;329,00000;84758,00;EUR;EUR
XZAG;KOEI;HRKOEIRA0009;2024-06-18;CT;258,00;258,00;256,00;256,00;256,37037037037;-1,54;4;27,00000;6922,00;EUR;EUR
XZAG;KOEI;HRKOEIRA0009;2024-06-17;CT;262,00;262,00;260,00;260,00;261,69381107492;-0,76;8;307,00000;80340,00;EUR;EUR
XZAG;KOEI;HRKOEIRA0009;2024-06-14;CT;262,00;264,00;262,00;262,00;262,09156626506;2,34;14;415,00000;108768,00;EUR;EUR
XZAG;KOEI;HRKOEIRA0009;2024-06-13;CT;258,00;260,00;256,00;256,00;257,21452145215;-1,54;14;606,00000;155872,00;EUR;EUR
XZAG;KOEI;HRKOEIRA0009;2024-06-12;CT;260,00;260,00;258,00;260,00;258,20444444444;0,00;5;225,00000;58096,00;EUR;EUR
XZAG;KOEI;HRKOEIRA0009;2024-06-11;CT;260,00;260,00;260,00;260,00;260,00000000000;0,00;1;2,00000;520,00;EUR;EUR
XZAG;KOEI;HRKOEIRA0009;2024-06-10;CT;254,00;260,00;254,00;260,00;257,40192926045;1,56;13;311,00000;80052,00;EUR;EUR
XZAG;KOEI;HRKOEIRA0009;2024-06-07;CT;258,00;258,00;250,00;256,00;255,20161290323;0,00;14;248,00000;63290,00;EUR;EUR
XZAG;KOEI;HRKOEIRA0009;2024-06-06;CT;252,00;256,00;252,00;256,00;255,49315068493;2,40;10;292,00000;74604,00;EUR;EUR
XZAG;KOEI;HRKOEIRA0009;2024-06-05;CT;254,00;254,00;250,00;250,00;250,54000000000;-1,57;14;100,00000;25054,00;EUR;EUR
XZAG;KOEI;HRKOEIRA0009;2024-06-04;CT;252,00;254,00;250,00;254,00;250,89855072464;-0,78;5;69,00000;17312,00;EUR;EUR
XZAG;KOEI;HRKOEIRA0009;2024-06-03;CT;252,00;256,00;252,00;256,00;253,80821917808;2,40;8;73,00000;18528,00;EUR;EUR
XZAG;KOEI;HRKOEIRA0009;2024-05-31;CT;250,00;250,00;250,00;250,00;250,00000000000;0,00;7;76,00000;19000,00;EUR;EUR
XZAG;KOEI;HRKOEIRA0009;2024-05-29;CT;250,00;250,00;250,00;250,00;250,00000000000;-1,57;7;55,00000;13750,00;EUR;EUR
XZAG;KOEI;HRKOEIRA0009;2024-05-28;CT;256,00;256,00;250,00;254,00;251,91666666667;0,00;22;216,00000;54414,00;EUR;EUR
XZAG;KOEI;HRKOEIRA0009;2024-05-27;CT;256,00;256,00;254,00;254,00;254,59259259259;-0,78;7;81,00000;20622,00;EUR;EUR
XZAG;KOEI;HRKOEIRA0009;2024-05-24;CT;258,00;258,00;256,00;256,00;256,22222222222;0,00;15;162,00000;41508,00;EUR;EUR
XZAG;KOEI;HRKOEIRA0009;2024-05-23;CT;258,00;258,00;256,00;256,00;257,79591836735;-0,78;10;147,00000;37896,00;EUR;EUR
XZAG;KOEI;HRKOEIRA0009;2024-05-22;CT;258,00;258,00;258,00;258,00;258,00000000000;0,78;10;534,00000;137772,00;EUR;EUR
XZAG;KOEI;HRKOEIRA0009;2024-05-21;CT;258,00;258,00;256,00;256,00;257,84615384615;-0,78;4;39,00000;10056,00;EUR;EUR
XZAG;KOEI;HRKOEIRA0009;2024-05-20;CT;262,00;262,00;258,00;258,00;258,56852791878;-0,77;16;197,00000;50938,00;EUR;EUR
XZAG;KOEI;HRKOEIRA0009;2024-05-17;CT;258,00;260,00;258,00;260,00;258,75000000000;-0,76;4;80,00000;20700,00;EUR;EUR
XZAG;KOEI;HRKOEIRA0009;2024-05-16;CT;260,00;262,00;258,00;262,00;260,06976744186;0,77;15;258,00000;67098,00;EUR;EUR
XZAG;KOEI;HRKOEIRA0009;2024-05-15;CT;260,00;260,00;260,00;260,00;260,00000000000;0,00;2;4,00000;1040,00;EUR;EUR
XZAG;KOEI;HRKOEIRA0009;2024-05-14;CT;260,00;260,00;260,00;260,00;260,00000000000;-0,76;5;49,00000;12740,00;EUR;EUR
XZAG;KOEI;HRKOEIRA0009;2024-05-13;CT;262,00;264,00;258,00;262,00;261,33491686461;-0,76;24;421,00000;110022,00;EUR;EUR
XZAG;KOEI;HRKOEIRA0009;2024-05-10;CT;262,00;264,00;262,00;264,00;262,72727272727;1,54;8;154,00000;40460,00;EUR;EUR
XZAG;KOEI;HRKOEIRA0009;2024-05-09;CT;262,00;262,00;260,00;260,00;261,17171717172;-0,76;11;99,00000;25856,00;EUR;EUR
XZAG;KOEI;HRKOEIRA0009;2024-05-08;CT;264,00;264,00;262,00;262,00;263,70491803279;-1,50;13;122,00000;32172,00;EUR;EUR
XZAG;KOEI;HRKOEIRA0009;2024-05-07;CT;268,00;268,00;266,00;266,00;267,87234042553;-0,75;3;47,00000;12590,00;EUR;EUR
XZAG;KOEI;HRKOEIRA0009;2024-05-06;CT;266,00;268,00;266,00;268,00;266,64516129032;1,52;2;31,00000;8266,00;EUR;EUR
XZAG;KOEI;HRKOEIRA0009;2024-05-03;CT;268,00;268,00;264,00;264,00;264,90789473684;0,00;9;152,00000;40266,00;EUR;EUR
XZAG;KOEI;HRKOEIRA0009;2024-05-02;CT;268,00;268,00;264,00;264,00;267,21839080460;-1,49;8;87,00000;23248,00;EUR;EUR
XZAG;KOEI;HRKOEIRA0009;2024-04-30;CT;266,00;268,00;266,00;268,00;266,47962747381;0,75;40;859,00000;228906,00;EUR;EUR
XZAG;KOEI;HRKOEIRA0009;2024-04-29;CT;266,00;266,00;266,00;266,00;266,00000000000;0,00;15;145,00000;38570,00;EUR;EUR
XZAG;KOEI;HRKOEIRA0009;2024-04-26;CT;266,00;266,00;264,00;266,00;265,62025316456;0,00;13;79,00000;20984,00;EUR;EUR
XZAG;KOEI;HRKOEIRA0009;2024-04-25;CT;260,00;270,00;260,00;266,00;264,55151515152;3,91;52;990,00000;261906,00;EUR;EUR
XZAG;KOEI;HRKOEIRA0009;2024-04-24;CT;256,00;258,00;256,00;256,00;256,54761904762;0,00;9;84,00000;21550,00;EUR;EUR
XZAG;KOEI;HRKOEIRA0009;2024-04-23;CT;258,00;258,00;256,00;256,00;256,95652173913;-0,78;5;23,00000;5910,00;EUR;EUR
XZAG;KOEI;HRKOEIRA0009;2024-04-22;CT;256,00;258,00;256,00;258,00;257,77777777778;0,00;7;72,00000;18560,00;EUR;EUR
XZAG;KOEI;HRKOEIRA0009;2024-04-19;CT;258,00;258,00;258,00;258,00;258,00000000000;0,00;1;6,00000;1548,00;EUR;EUR
XZAG;KOEI;HRKOEIRA0009;2024-04-18;CT;260,00;260,00;256,00;258,00;257,47368421053;0,00;12;266,00000;68488,00;EUR;EUR
XZAG;KOEI;HRKOEIRA0009;2024-04-16;CT;260,00;262,00;258,00;258,00;259,92825112108;0,00;14;223,00000;57964,00;EUR;EUR
XZAG;KOEI;HRKOEIRA0009;2024-04-15;CT;258,00;262,00;258,00;258,00;258,15873015873;-0,77;14;126,00000;32528,00;EUR;EUR
XZAG;KOEI;HRKOEIRA0009;2024-04-12;CT;256,00;260,00;256,00;260,00;258,39823008850;2,36;28;226,00000;58398,00;EUR;EUR
XZAG;KOEI;HRKOEIRA0009;2024-04-11;CT;256,00;256,00;254,00;254,00;254,08612440191;-0,78;13;209,00000;53104,00;EUR;EUR
XZAG;KOEI;HRKOEIRA0009;2024-04-10;CT;256,00;256,00;256,00;256,00;256,00000000000;0,00;3;7,00000;1792,00;EUR;EUR
XZAG;KOEI;HRKOEIRA0009;2024-04-09;CT;258,00;260,00;256,00;256,00;257,90881458967;-0,78;24;329,00000;84852,00;EUR;EUR
XZAG;KOEI;HRKOEIRA0009;2024-04-08;CT;258,00;258,00;256,00;258,00;257,83486238532;-0,77;7;109,00000;28104,00;EUR;EUR
XZAG;KOEI;HRKOEIRA0009;2024-04-05;CT;258,00;260,00;258,00;260,00;258,16129032258;0,00;5;62,00000;16006,00;EUR;EUR
XZAG;KOEI;HRKOEIRA0009;2024-04-04;CT;260,00;262,00;260,00;260,00;260,42105263158;0,78;5;19,00000;4948,00;EUR;EUR
XZAG;KOEI;HRKOEIRA0009;2024-04-03;CT;260,00;260,00;256,00;258,00;259,06451612903;0,00;6;62,00000;16062,00;EUR;EUR
XZAG;KOEI;HRKOEIRA0009;2024-04-02;CT;258,00;258,00;258,00;258,00;258,00000000000;-0,77;11;152,00000;39216,00;EUR;EUR
XZAG;KOEI;HRKOEIRA0009;2024-03-28;CT;266,00;268,00;260,00;260,00;260,78414839798;-1,52;31;1186,00000;309290,00;EUR;EUR
XZAG;KOEI;HRKOEIRA0009;2024-03-27;CT;266,00;266,00;262,00;264,00;262,13866666667;-0,75;14;750,00000;196604,00;EUR;EUR
XZAG;KOEI;HRKOEIRA0009;2024-03-26;CT;264,00;266,00;264,00;266,00;264,18691588785;0,76;7;107,00000;28268,00;EUR;EUR
XZAG;KOEI;HRKOEIRA0009;2024-03-25;CT;268,00;268,00;264,00;264,00;264,54037267081;-2,22;21;644,00000;170364,00;EUR;EUR
XZAG;KOEI;HRKOEIRA0009;2024-03-22;CT;268,00;274,00;268,00;270,00;269,25226860254;0,75;22;551,00000;148358,00;EUR;EUR
XZAG;KOEI;HRKOEIRA0009;2024-03-21;CT;268,00;268,00;266,00;268,00;266,94736842105;1,52;5;57,00000;15216,00;EUR;EUR
XZAG;KOEI;HRKOEIRA0009;2024-03-20;CT;264,00;268,00;262,00;264,00;264,62560386473;0,76;29;828,00000;219110,00;EUR;EUR
XZAG;KOEI;HRKOEIRA0009;2024-03-19;CT;260,00;262,00;258,00;262,00;260,57021276596;2,34;10;235,00000;61234,00;EUR;EUR
XZAG;KOEI;HRKOEIRA0009;2024-03-18;CT;262,00;264,00;256,00;256,00;257,96765119550;0,00;24;1422,00000;366830,00;EUR;EUR
XZAG;KOEI;HRKOEIRA0009;2024-03-15;CT;268,00;268,00;256,00;256,00;261,58252427184;-4,48;29;618,00000;161658,00;EUR;EUR
XZAG;KOEI;HRKOEIRA0009;2024-03-14;CT;270,00;270,00;266,00;268,00;267,48514851485;-0,74;18;202,00000;54032,00;EUR;EUR
XZAG;KOEI;HRKOEIRA0009;2024-03-13;CT;266,00;272,00;266,00;270,00;269,95522388060;2,27;43;402,00000;108522,00;EUR;EUR
XZAG;KOEI;HRKOEIRA0009;2024-03-12;CT;254,00;266,00;254,00;264,00;258,01980198020;3,94;39;1111,00000;286660,00;EUR;EUR
XZAG;KOEI;HRKOEIRA0009;2024-03-11;CT;250,00;254,00;250,00;254,00;252,24590163934;3,25;15;122,00000;30774,00;EUR;EUR
XZAG;KOEI;HRKOEIRA0009;2024-03-08;CT;246,00;250,00;244,00;246,00;246,09429280397;-0,81;18;403,00000;99176,00;EUR;EUR
XZAG;KOEI;HRKOEIRA0009;2024-03-07;CT;250,00;250,00;248,00;248,00;248,47794117647;0,00;11;272,00000;67586,00;EUR;EUR
XZAG;KOEI;HRKOEIRA0009;2024-03-06;CT;250,00;250,00;248,00;248,00;248,93333333333;-0,80;7;45,00000;11202,00;EUR;EUR
XZAG;KOEI;HRKOEIRA0009;2024-03-05;CT;246,00;250,00;244,00;250,00;248,34951456311;1,63;12;309,00000;76740,00;EUR;EUR
XZAG;KOEI;HRKOEIRA0009;2024-03-04;CT;252,00;252,00;246,00;246,00;249,08571428571;-1,60;24;280,00000;69744,00;EUR;EUR
XZAG;KOEI;HRKOEIRA0009;2024-03-01;CT;246,00;252,00;246,00;250,00;249,78403755869;1,63;16;213,00000;53204,00;EUR;EUR
XZAG;KOEI;HRKOEIRA0009;2024-02-29;CT;252,00;254,00;246,00;246,00;250,60571428571;-3,15;32;350,00000;87712,00;EUR;EUR
XZAG;KOEI;HRKOEIRA0009;2024-02-28;CT;256,00;256,00;254,00;254,00;254,50000000000;-0,78;5;120,00000;30540,00;EUR;EUR
XZAG;KOEI;HRKOEIRA0009;2024-02-27;CT;258,00;258,00;254,00;256,00;255,55613577023;-2,29;27;383,00000;97878,00;EUR;EUR
XZAG;KOEI;HRKOEIRA0009;2024-02-26;CT;262,00;270,00;258,00;262,00;264,98368036016;0,00;102;1777,00000;470876,00;EUR;EUR
XZAG;KOEI;HRKOEIRA0009;2024-02-23;CT;246,00;264,00;246,00;262,00;258,47677261614;7,38;83;818,00000;211434,00;EUR;EUR
XZAG;KOEI;HRKOEIRA0009;2024-02-22;CT;228,00;244,00;228,00;244,00;235,67007672634;7,96;60;1564,00000;368588,00;EUR;EUR
XZAG;KOEI;HRKOEIRA0009;2024-02-21;CT;220,00;226,00;220,00;226,00;224,53269537480;2,73;27;627,00000;140782,00;EUR;EUR
XZAG;KOEI;HRKOEIRA0009;2024-02-20;CT;220,00;220,00;220,00;220,00;220,00000000000;0,92;5;22,00000;4840,00;EUR;EUR
XZAG;KOEI;HRKOEIRA0009;2024-02-19;CT;216,00;218,00;216,00;218,00;216,37500000000;0,00;9;160,00000;34620,00;EUR;EUR
XZAG;KOEI;HRKOEIRA0009;2024-02-16;CT;218,00;218,00;218,00;218,00;218,00000000000;0,93;4;70,00000;15260,00;EUR;EUR
XZAG;KOEI;HRKOEIRA0009;2024-02-15;CT;214,00;216,00;214,00;216,00;214,83333333333;0,00;3;12,00000;2578,00;EUR;EUR
XZAG;KOEI;HRKOEIRA0009;2024-02-14;CT;218,00;218,00;214,00;216,00;215,17437722420;-1,82;18;281,00000;60464,00;EUR;EUR
XZAG;KOEI;HRKOEIRA0009;2024-02-13;CT;214,00;220,00;214,00;220,00;216,44000000000;2,80;12;100,00000;21644,00;EUR;EUR
XZAG;KOEI;HRKOEIRA0009;2024-02-12;CT;212,00;214,00;210,00;214,00;211,25544554455;1,90;18;505,00000;106684,00;EUR;EUR
XZAG;KOEI;HRKOEIRA0009;2024-02-09;CT;212,00;216,00;210,00;210,00;211,95433789954;-0,94;23;438,00000;92836,00;EUR;EUR
XZAG;KOEI;HRKOEIRA0009;2024-02-08;CT;212,00;212,00;212,00;212,00;212,00000000000;0,00;6;80,00000;16960,00;EUR;EUR
XZAG;KOEI;HRKOEIRA0009;2024-02-07;CT;210,00;214,00;208,00;212,00;210,14206300185;0,95;25;1619,00000;340220,00;EUR;EUR
XZAG;KOEI;HRKOEIRA0009;2024-02-06;CT;210,00;210,00;210,00;210,00;210,00000000000;0,96;14;444,00000;93240,00;EUR;EUR
XZAG;KOEI;HRKOEIRA0009;2024-02-05;CT;206,00;208,00;206,00;208,00;207,43089430894;0,97;9;123,00000;25514,00;EUR;EUR
XZAG;KOEI;HRKOEIRA0009;2024-02-02;BLOCK;;206,00;206,00;206,00;206,00000000000;;1;5580,00000;1149480,00;EUR;EUR
XZAG;KOEI;HRKOEIRA0009;2024-02-02;CT;208,00;210,00;206,00;206,00;209,00000000000;0,00;5;40,00000;8360,00;EUR;EUR
XZAG;KOEI;HRKOEIRA0009;2024-02-01;CT;210,00;210,00;206,00;206,00;207,82926829268;-1,90;8;164,00000;34084,00;EUR;EUR
XZAG;KOEI;HRKOEIRA0009;2024-01-31;CT;208,00;210,00;208,00;210,00;208,20000000000;0,96;3;40,00000;8328,00;EUR;EUR
XZAG;KOEI;HRKOEIRA0009;2024-01-30;CT;208,00;208,00;206,00;208,00;207,29378531073;0,97;18;354,00000;73382,00;EUR;EUR
XZAG;KOEI;HRKOEIRA0009;2024-01-29;CT;206,00;206,00;206,00;206,00;206,00000000000;0,98;11;274,00000;56444,00;EUR;EUR
XZAG;KOEI;HRKOEIRA0009;2024-01-26;CT;204,00;206,00;204,00;204,00;204,97297297297;0,99;6;259,00000;53088,00;EUR;EUR
XZAG;KOEI;HRKOEIRA0009;2024-01-25;CT;202,00;202,00;202,00;202,00;202,00000000000;0,00;7;447,00000;90294,00;EUR;EUR
XZAG;KOEI;HRKOEIRA0009;2024-01-24;CT;198,00;202,00;198,00;202,00;200,90661478599;1,00;13;514,00000;103266,00;EUR;EUR
XZAG;KOEI;HRKOEIRA0009;2024-01-23;CT;202,00;202,00;198,00;200,00;200,13888888889;-1,96;17;288,00000;57640,00;EUR;EUR
XZAG;KOEI;HRKOEIRA0009;2024-01-22;CT;204,00;204,00;202,00;204,00;203,28338762215;-1,92;16;307,00000;62408,00;EUR;EUR
XZAG;KOEI;HRKOEIRA0009;2024-01-19;CT;208,00;208,00;204,00;208,00;206,35537190083;0,97;15;242,00000;49938,00;EUR;EUR
XZAG;KOEI;HRKOEIRA0009;2024-01-18;CT;208,00;208,00;206,00;206,00;207,70588235294;-2,83;5;204,00000;42372,00;EUR;EUR
XZAG;KOEI;HRKOEIRA0009;2024-01-17;CT;210,00;212,00;204,00;212,00;209,16470588235;0,00;8;170,00000;35558,00;EUR;EUR
XZAG;KOEI;HRKOEIRA0009;2024-01-16;CT;210,00;212,00;210,00;212,00;210,56655290102;0,95;27;586,00000;123392,00;EUR;EUR
XZAG;KOEI;HRKOEIRA0009;2024-01-15;CT;204,00;210,00;204,00;210,00;206,00757575758;2,94;20;264,00000;54386,00;EUR;EUR
XZAG;KOEI;HRKOEIRA0009;2024-01-12;CT;199,00;204,00;198,00;204,00;199,37872340426;2,51;10;235,00000;46854,00;EUR;EUR
XZAG;KOEI;HRKOEIRA0009;2024-01-11;CT;200,00;200,00;198,00;199,00;199,06410256410;-0,50;9;156,00000;31054,00;EUR;EUR
XZAG;KOEI;HRKOEIRA0009;2024-01-10;CT;200,00;204,00;200,00;200,00;201,27913279133;0,00;21;369,00000;74272,00;EUR;EUR
XZAG;KOEI;HRKOEIRA0009;2024-01-09;CT;193,00;206,00;193,00;200,00;201,04837430611;4,71;60;1261,00000;253522,00;EUR;EUR
XZAG;KOEI;HRKOEIRA0009;2024-01-08;CT;185,00;191,00;184,00;191,00;186,28635346756;3,24;27;447,00000;83270,00;EUR;EUR
XZAG;KOEI;HRKOEIRA0009;2024-01-05;CT;185,00;187,00;185,00;185,00;185,50343249428;0,00;11;437,00000;81065,00;EUR;EUR
XZAG;KOEI;HRKOEIRA0009;2024-01-04;CT;185,00;185,00;185,00;185,00;185,00000000000;0,00;8;152,00000;28120,00;EUR;EUR
XZAG;KOEI;HRKOEIRA0009;2024-01-03;CT;186,00;186,00;184,00;185,00;185,51987767584;-0,54;14;327,00000;60665,00;EUR;EUR
XZAG;KOEI;HRKOEIRA0009;2024-01-02;CT;186,00;186,00;186,00;186,00;186,00000000000;-0,53;1;10,00000;1860,00;EUR;EUR
XZAG;KOEI;HRKOEIRA0009;2023-12-29;CT;186,00;190,00;185,00;187,00;186,85304659498;0,54;14;279,00000;52132,00;EUR;EUR
XZAG;KOEI;HRKOEIRA0009;2023-12-28;CT;188,00;188,00;186,00;186,00;187,41176470588;-1,06;3;51,00000;9558,00;EUR;EUR
XZAG;KOEI;HRKOEIRA0009;2023-12-27;CT;191,00;191,00;188,00;188,00;189,53376205788;-2,08;13;311,00000;58945,00;EUR;EUR
XZAG;KOEI;HRKOEIRA0009;2023-12-22;CT;192,00;192,00;190,00;192,00;191,11428571429;-1,03;4;70,00000;13378,00;EUR;EUR
XZAG;KOEI;HRKOEIRA0009;2023-12-21;CT;194,00;194,00;194,00;194,00;194,00000000000;0,00;5;57,00000;11058,00;EUR;EUR
XZAG;KOEI;HRKOEIRA0009;2023-12-20;CT;189,00;194,00;189,00;194,00;192,11724137931;2,65;13;290,00000;55714,00;EUR;EUR
XZAG;KOEI;HRKOEIRA0009;2023-12-19;CT;191,00;191,00;189,00;189,00;189,57142857143;-1,05;3;35,00000;6635,00;EUR;EUR
XZAG;KOEI;HRKOEIRA0009;2023-12-18;CT;189,00;191,00;189,00;191,00;189,94736842105;2,14;3;57,00000;10827,00;EUR;EUR
XZAG;KOEI;HRKOEIRA0009;2023-12-15;CT;187,00;188,00;186,00;187,00;187,11779448622;1,08;31;399,00000;74660,00;EUR;EUR
XZAG;KOEI;HRKOEIRA0009;2023-12-14;CT;184,00;185,00;184,00;185,00;184,53333333333;1,09;2;15,00000;2768,00;EUR;EUR
XZAG;KOEI;HRKOEIRA0009;2023-12-13;CT;183,00;183,00;183,00;183,00;183,00000000000;-1,08;2;37,00000;6771,00;EUR;EUR
XZAG;KOEI;HRKOEIRA0009;2023-12-12;CT;185,00;185,00;185,00;185,00;185,00000000000;-1,07;2;40,00000;7400,00;EUR;EUR
XZAG;KOEI;HRKOEIRA0009;2023-12-11;CT;186,00;188,00;185,00;187,00;185,79111111111;0,54;9;225,00000;41803,00;EUR;EUR
XZAG;KOEI;HRKOEIRA0009;2023-12-08;CT;186,00;186,00;186,00;186,00;186,00000000000;0,54;3;48,00000;8928,00;EUR;EUR
XZAG;KOEI;HRKOEIRA0009;2023-12-07;CT;186,00;186,00;185,00;185,00;185,39541547278;0,00;13;349,00000;64703,00;EUR;EUR
XZAG;KOEI;HRKOEIRA0009;2023-12-06;CT;186,00;186,00;185,00;185,00;185,50925925926;0,00;7;108,00000;20035,00;EUR;EUR
XZAG;KOEI;HRKOEIRA0009;2023-12-05;CT;185,00;185,00;185,00;185,00;185,00000000000;-1,07;10;1162,00000;214970,00;EUR;EUR
XZAG;KOEI;HRKOEIRA0009;2023-12-04;CT;184,00;187,00;184,00;187,00;184,99482312338;1,08;5;1159,00000;214409,00;EUR;EUR
XZAG;KOEI;HRKOEIRA0009;2023-12-01;CT;183,00;185,00;183,00;185,00;184,38888888889;-0,54;3;36,00000;6638,00;EUR;EUR
XZAG;KOEI;HRKOEIRA0009;2023-11-30;CT;185,00;186,00;184,00;186,00;184,37704918033;0,54;7;61,00000;11247,00;EUR;EUR
XZAG;KOEI;HRKOEIRA0009;2023-11-29;CT;186,00;186,00;185,00;185,00;185,50596252129;-0,54;17;587,00000;108892,00;EUR;EUR
XZAG;KOEI;HRKOEIRA0009;2023-11-28;CT;186,00;186,00;186,00;186,00;186,00000000000;0,54;2;46,00000;8556,00;EUR;EUR
XZAG;KOEI;HRKOEIRA0009;2023-11-27;BLOCK;;185,00;185,00;185,00;185,00000000000;;1;3705,00000;685425,00;EUR;EUR
XZAG;KOEI;HRKOEIRA0009;2023-11-27;CT;187,00;187,00;185,00;185,00;185,67924528302;0,54;8;265,00000;49205,00;EUR;EUR
XZAG;KOEI;HRKOEIRA0009;2023-11-24;CT;187,00;187,00;184,00;184,00;185,56637168142;-1,08;9;113,00000;20969,00;EUR;EUR
XZAG;KOEI;HRKOEIRA0009;2023-11-23;CT;190,00;190,00;186,00;186,00;187,73913043478;-1,06;7;115,00000;21590,00;EUR;EUR
XZAG;KOEI;HRKOEIRA0009;2023-11-22;CT;188,00;190,00;187,00;188,00;188,16608996540;0,00;14;289,00000;54380,00;EUR;EUR
XZAG;KOEI;HRKOEIRA0009;2023-11-21;CT;189,00;189,00;187,00;188,00;188,26168224299;-0,53;5;107,00000;20144,00;EUR;EUR
XZAG;KOEI;HRKOEIRA0009;2023-11-20;CT;186,00;191,00;186,00;189,00;188,16959064327;2,72;15;171,00000;32177,00;EUR;EUR
XZAG;KOEI;HRKOEIRA0009;2023-11-17;CT;183,00;185,00;182,00;184,00;182,42920353982;0,55;9;226,00000;41229,00;EUR;EUR
XZAG;KOEI;HRKOEIRA0009;2023-11-16;CT;185,00;185,00;183,00;183,00;184,17041800643;-1,61;18;311,00000;57277,00;EUR;EUR
XZAG;KOEI;HRKOEIRA0009;2023-11-15;CT;187,00;187,00;186,00;186,00;186,37500000000;-1,06;2;16,00000;2982,00;EUR;EUR
XZAG;KOEI;HRKOEIRA0009;2023-11-14;CT;188,00;188,00;188,00;188,00;188,00000000000;1,08;5;150,00000;28200,00;EUR;EUR
XZAG;KOEI;HRKOEIRA0009;2023-11-13;CT;187,00;188,00;186,00;186,00;186,63953488372;-0,53;9;172,00000;32102,00;EUR;EUR
XZAG;KOEI;HRKOEIRA0009;2023-11-10;CT;189,00;189,00;187,00;187,00;187,56097560976;-1,06;8;123,00000;23070,00;EUR;EUR
XZAG;KOEI;HRKOEIRA0009;2023-11-09;CT;190,00;190,00;186,00;189,00;188,73593073593;-0,53;14;231,00000;43598,00;EUR;EUR
XZAG;KOEI;HRKOEIRA0009;2023-11-08;CT;195,00;195,00;190,00;190,00;190,75336322870;-2,06;15;223,00000;42538,00;EUR;EUR
XZAG;KOEI;HRKOEIRA0009;2023-11-07;CT;194,00;195,00;193,00;194,00;194,00000000000;1,04;12;331,00000;64214,00;EUR;EUR
XZAG;KOEI;HRKOEIRA0009;2023-11-06;CT;191,00;197,00;191,00;192,00;194,18545994065;1,05;32;674,00000;130881,00;EUR;EUR
XZAG;KOEI;HRKOEIRA0009;2023-11-03;CT;189,00;190,00;187,00;190,00;189,01675977654;0,53;16;358,00000;67668,00;EUR;EUR
XZAG;KOEI;HRKOEIRA0009;2023-11-02;CT;181,00;191,00;181,00;189,00;186,69144981413;1,61;16;269,00000;50220,00;EUR;EUR
XZAG;KOEI;HRKOEIRA0009;2023-10-31;CT;181,00;187,00;180,00;186,00;180,94980988593;3,33;22;1315,00000;237949,00;EUR;EUR
XZAG;KOEI;HRKOEIRA0009;2023-10-30;CT;170,00;184,00;170,00;180,00;179,47085889571;6,51;25;652,00000;117015,00;EUR;EUR
XZAG;KOEI;HRKOEIRA0009;2023-10-26;CT;169,00;169,00;169,00;169,00;169,00000000000;0,00;2;8,00000;1352,00;EUR;EUR
XZAG;KOEI;HRKOEIRA0009;2023-10-25;CT;168,00;169,00;167,00;169,00;168,82000000000;0,60;4;50,00000;8441,00;EUR;EUR
XZAG;KOEI;HRKOEIRA0009;2023-10-24;CT;168,00;168,00;168,00;168,00;168,00000000000;-0,59;1;7,00000;1176,00;EUR;EUR
XZAG;KOEI;HRKOEIRA0009;2023-10-23;CT;168,00;169,00;168,00;169,00;168,52000000000;1,20;3;25,00000;4213,00;EUR;EUR
XZAG;KOEI;HRKOEIRA0009;2023-10-20;CT;169,00;170,00;167,00;167,00;169,25503355705;-1,76;9;149,00000;25219,00;EUR;EUR
XZAG;KOEI;HRKOEIRA0009;2023-10-19;CT;170,00;171,00;170,00;170,00;170,44444444444;-0,58;9;225,00000;38350,00;EUR;EUR
XZAG;KOEI;HRKOEIRA0009;2023-10-18;CT;172,00;172,00;170,00;171,00;170,83928571429;-1,16;4;56,00000;9567,00;EUR;EUR
XZAG;KOEI;HRKOEIRA0009;2023-10-17;CT;173,00;173,00;171,00;173,00;172,31761006289;-1,14;12;318,00000;54797,00;EUR;EUR
XZAG;KOEI;HRKOEIRA0009;2023-10-16;CT;174,00;175,00;172,00;175,00;173,98268398268;0,57;8;231,00000;40190,00;EUR;EUR
XZAG;KOEI;HRKOEIRA0009;2023-10-13;CT;174,00;174,00;174,00;174,00;174,00000000000;0,00;2;6,00000;1044,00;EUR;EUR
XZAG;KOEI;HRKOEIRA0009;2023-10-12;CT;175,00;176,00;174,00;174,00;174,99367088608;-1,14;10;158,00000;27649,00;EUR;EUR
XZAG;KOEI;HRKOEIRA0009;2023-10-11;CT;177,00;177,00;176,00;176,00;176,03225806452;-0,56;2;31,00000;5457,00;EUR;EUR
XZAG;KOEI;HRKOEIRA0009;2023-10-10;CT;176,00;178,00;173,00;177,00;175,52877138414;2,31;22;643,00000;112865,00;EUR;EUR
XZAG;KOEI;HRKOEIRA0009;2023-10-09;CT;177,00;177,00;172,00;173,00;173,56872037915;-3,35;9;211,00000;36623,00;EUR;EUR
XZAG;KOEI;HRKOEIRA0009;2023-10-06;CT;182,00;182,00;179,00;179,00;180,83132530120;-1,10;7;83,00000;15009,00;EUR;EUR
XZAG;KOEI;HRKOEIRA0009;2023-10-05;CT;181,00;181,00;180,00;181,00;180,97727272727;1,12;10;220,00000;39815,00;EUR;EUR
XZAG;KOEI;HRKOEIRA0009;2023-10-04;CT;183,00;183,00;178,00;179,00;180,20402298851;-2,19;21;348,00000;62711,00;EUR;EUR
XZAG;KOEI;HRKOEIRA0009;2023-10-03;CT;183,00;183,00;183,00;183,00;183,00000000000;0,00;2;29,00000;5307,00;EUR;EUR
XZAG;KOEI;HRKOEIRA0009;2023-10-02;CT;186,00;186,00;183,00;183,00;183,69230769231;0,00;3;13,00000;2388,00;EUR;EUR
XZAG;KOEI;HRKOEIRA0009;2023-09-29;CT;183,00;183,00;183,00;183,00;183,00000000000;-1,61;3;16,00000;2928,00;EUR;EUR
XZAG;KOEI;HRKOEIRA0009;2023-09-28;CT;186,00;186,00;182,00;186,00;184,94736842105;-0,53;5;19,00000;3514,00;EUR;EUR
XZAG;KOEI;HRKOEIRA0009;2023-09-27;CT;186,00;187,00;183,00;187,00;185,25287356322;-1,06;11;174,00000;32234,00;EUR;EUR
XZAG;KOEI;HRKOEIRA0009;2023-09-26;CT;187,00;189,00;187,00;189,00;187,32352941176;1,07;3;34,00000;6369,00;EUR;EUR
XZAG;KOEI;HRKOEIRA0009;2023-09-22;CT;183,00;187,00;183,00;187,00;185,31578947368;-0,53;3;19,00000;3521,00;EUR;EUR
XZAG;KOEI;HRKOEIRA0009;2023-09-21;CT;183,00;188,00;183,00;188,00;186,67424242424;-0,53;7;132,00000;24641,00;EUR;EUR
XZAG;KOEI;HRKOEIRA0009;2023-09-20;CT;189,00;189,00;189,00;189,00;189,00000000000;1,61;2;21,00000;3969,00;EUR;EUR
XZAG;KOEI;HRKOEIRA0009;2023-09-19;CT;184,00;186,00;182,00;186,00;183,34782608696;-0,53;7;46,00000;8434,00;EUR;EUR
XZAG;KOEI;HRKOEIRA0009;2023-09-18;CT;193,00;193,00;183,00;187,00;184,51563388289;-2,60;27;1759,00000;324563,00;EUR;EUR
XZAG;KOEI;HRKOEIRA0009;2023-09-15;CT;189,00;192,00;189,00;192,00;191,65258215962;1,59;9;426,00000;81644,00;EUR;EUR
XZAG;KOEI;HRKOEIRA0009;2023-09-14;CT;188,00;189,00;188,00;189,00;188,78947368421;0,53;4;114,00000;21522,00;EUR;EUR
XZAG;KOEI;HRKOEIRA0009;2023-09-13;CT;191,00;191,00;185,00;188,00;186,68800000000;-1,57;16;125,00000;23336,00;EUR;EUR
XZAG;KOEI;HRKOEIRA0009;2023-09-12;CT;192,00;193,00;191,00;191,00;191,72185430464;-1,55;8;151,00000;28950,00;EUR;EUR
XZAG;KOEI;HRKOEIRA0009;2023-09-11;CT;198,00;198,00;194,00;194,00;194,12403100775;-0,51;6;516,00000;100168,00;EUR;EUR
XZAG;KOEI;HRKOEIRA0009;2023-09-08;BLOCK;;197,00;197,00;197,00;197,00000000000;;1;2000,00000;394000,00;EUR;EUR
XZAG;KOEI;HRKOEIRA0009;2023-09-08;CT;197,00;198,00;195,00;195,00;196,73462783172;-1,02;22;618,00000;121582,00;EUR;EUR
XZAG;KOEI;HRKOEIRA0009;2023-09-07;CT;193,00;200,00;190,00;197,00;197,11721611722;2,07;45;819,00000;161439,00;EUR;EUR
XZAG;KOEI;HRKOEIRA0009;2023-09-06;CT;185,00;193,00;185,00;193,00;188,50000000000;4,32;26;1128,00000;212628,00;EUR;EUR
XZAG;KOEI;HRKOEIRA0009;2023-09-05;CT;185,00;187,00;185,00;185,00;185,08591065292;0,00;30;582,00000;107720,00;EUR;EUR
XZAG;KOEI;HRKOEIRA0009;2023-09-04;CT;180,00;185,00;180,00;185,00;181,75931677019;2,78;38;644,00000;117053,00;EUR;EUR
XZAG;KOEI;HRKOEIRA0009;2023-09-01;CT;180,00;180,00;179,00;180,00;179,94090909091;0,00;14;220,00000;39587,00;EUR;EUR
XZAG;KOEI;HRKOEIRA0009;2023-08-31;CT;180,00;181,00;180,00;180,00;180,05555555556;0,00;7;72,00000;12964,00;EUR;EUR
XZAG;KOEI;HRKOEIRA0009;2023-08-30;CT;179,00;180,00;179,00;180,00;179,80861244019;0,00;16;209,00000;37580,00;EUR;EUR
XZAG;KOEI;HRKOEIRA0009;2023-08-29;CT;180,00;180,00;178,00;180,00;178,85370370370;0,00;10;540,00000;96581,00;EUR;EUR
XZAG;KOEI;HRKOEIRA0009;2023-08-28;CT;179,00;181,00;179,00;180,00;179,99431171786;0,56;21;879,00000;158215,00;EUR;EUR
XZAG;KOEI;HRKOEIRA0009;2023-08-25;CT;179,00;179,00;179,00;179,00;179,00000000000;0,56;2;22,00000;3938,00;EUR;EUR
XZAG;KOEI;HRKOEIRA0009;2023-08-24;CT;176,00;178,00;175,00;178,00;176,64755077658;0,00;11;837,00000;147854,00;EUR;EUR
XZAG;KOEI;HRKOEIRA0009;2023-08-23;CT;178,00;179,00;177,00;178,00;177,93910256410;-1,11;9;312,00000;55517,00;EUR;EUR
XZAG;KOEI;HRKOEIRA0009;2023-08-22;CT;181,00;181,00;180,00;180,00;180,05162523901;-1,10;18;523,00000;94167,00;EUR;EUR
XZAG;KOEI;HRKOEIRA0009;2023-08-21;CT;183,00;183,00;182,00;182,00;182,70503597122;-0,55;7;139,00000;25396,00;EUR;EUR
XZAG;KOEI;HRKOEIRA0009;2023-08-18;CT;183,00;183,00;183,00;183,00;183,00000000000;0,00;7;58,00000;10614,00;EUR;EUR
XZAG;KOEI;HRKOEIRA0009;2023-08-17;CT;179,00;183,00;178,00;183,00;179,75781250000;1,67;12;512,00000;92036,00;EUR;EUR
XZAG;KOEI;HRKOEIRA0009;2023-08-16;CT;178,00;180,00;178,00;180,00;178,29787234043;0,00;3;94,00000;16760,00;EUR;EUR
XZAG;KOEI;HRKOEIRA0009;2023-08-14;CT;180,00;180,00;180,00;180,00;180,00000000000;2,27;2;10,00000;1800,00;EUR;EUR
XZAG;KOEI;HRKOEIRA0009;2023-08-11;CT;179,00;180,00;176,00;176,00;178,73170731707;-1,12;9;164,00000;29312,00;EUR;EUR
XZAG;KOEI;HRKOEIRA0009;2023-08-10;CT;176,00;178,00;176,00;178,00;177,12621359223;1,14;7;103,00000;18244,00;EUR;EUR
XZAG;KOEI;HRKOEIRA0009;2023-08-09;CT;176,00;176,00;176,00;176,00;176,00000000000;0,57;2;20,00000;3520,00;EUR;EUR
XZAG;KOEI;HRKOEIRA0009;2023-08-08;CT;175,00;175,00;175,00;175,00;175,00000000000;-2,23;12;201,00000;35175,00;EUR;EUR
XZAG;KOEI;HRKOEIRA0009;2023-08-07;CT;173,00;179,00;173,00;179,00;174,40540540541;0,00;5;111,00000;19359,00;EUR;EUR
XZAG;KOEI;HRKOEIRA0009;2023-08-04;CT;173,00;179,00;173,00;179,00;174,56521739130;5,29;7;138,00000;24090,00;EUR;EUR
XZAG;KOEI;HRKOEIRA0009;2023-08-03;CT;172,00;172,00;168,00;170,00;169,73684210526;-3,95;12;190,00000;32250,00;EUR;EUR
XZAG;KOEI;HRKOEIRA0009;2023-07-31;CT;176,00;177,00;176,00;177,00;176,22222222222;2,91;4;36,00000;6344,00;EUR;EUR
XZAG;KOEI;HRKOEIRA0009;2023-07-28;CT;172,00;176,00;172,00;172,00;174,13559322034;-2,27;7;59,00000;10274,00;EUR;EUR
XZAG;KOEI;HRKOEIRA0009;2023-07-27;CT;179,00;179,00;165,00;176,00;170,47727272727;-1,68;25;352,00000;60008,00;EUR;EUR
XZAG;KOEI;HRKOEIRA0009;2023-07-26;CT;180,00;180,00;177,00;179,00;178,94444444444;-0,56;3;18,00000;3221,00;EUR;EUR
XZAG;KOEI;HRKOEIRA0009;2023-07-25;CT;180,00;180,00;180,00;180,00;180,00000000000;0,00;1;3,00000;540,00;EUR;EUR
XZAG;KOEI;HRKOEIRA0009;2023-07-24;CT;177,00;180,00;177,00;180,00;179,05263157895;0,00;3;19,00000;3402,00;EUR;EUR
XZAG;KOEI;HRKOEIRA0009;2023-07-21;CT;181,00;181,00;177,00;180,00;179,71559633028;0,00;10;109,00000;19589,00;EUR;EUR
XZAG;KOEI;HRKOEIRA0009;2023-07-20;CT;171,00;183,00;171,00;180,00;180,31118881119;1,12;17;572,00000;103138,00;EUR;EUR
XZAG;KOEI;HRKOEIRA0009;2023-07-19;CT;176,00;184,00;176,00;178,00;179,76555716353;1,71;23;691,00000;124218,00;EUR;EUR
XZAG;KOEI;HRKOEIRA0009;2023-07-18;CT;164,00;175,00;164,00;175,00;170,31433506045;10,76;28;579,00000;98612,00;EUR;EUR
XZAG;KOEI;HRKOEIRA0009;2023-07-17;CT;156,00;158,00;156,00;158,00;157,94413407821;0,64;10;179,00000;28272,00;EUR;EUR
XZAG;KOEI;HRKOEIRA0009;2023-07-13;CT;156,00;157,00;156,00;157,00;156,35897435897;1,95;4;234,00000;36588,00;EUR;EUR
XZAG;KOEI;HRKOEIRA0009;2023-07-12;CT;151,00;155,00;151,00;154,00;153,86309047238;3,36;17;1249,00000;192175,00;EUR;EUR
XZAG;KOEI;HRKOEIRA0009;2023-07-11;CT;149,00;149,00;149,00;149,00;149,00000000000;0,68;12;384,00000;57216,00;EUR;EUR
XZAG;KOEI;HRKOEIRA0009;2023-07-10;CT;147,00;148,00;147,00;148,00;147,98360655738;1,37;5;305,00000;45135,00;EUR;EUR
XZAG;KOEI;HRKOEIRA0009;2023-07-07;CT;146,00;146,00;146,00;146,00;146,00000000000;0,00;2;15,00000;2190,00;EUR;EUR
XZAG;KOEI;HRKOEIRA0009;2023-07-06;CT;146,00;146,00;146,00;146,00;146,00000000000;-0,68;6;108,00000;15768,00;EUR;EUR
XZAG;KOEI;HRKOEIRA0009;2023-07-05;CT;147,00;148,00;147,00;147,00;147,15151515152;-1,34;4;33,00000;4856,00;EUR;EUR
XZAG;KOEI;HRKOEIRA0009;2023-07-04;CT;149,00;149,00;149,00;149,00;149,00000000000;-0,67;1;20,00000;2980,00;EUR;EUR
XZAG;KOEI;HRKOEIRA0009;2023-07-03;CT;146,00;150,00;146,00;150,00;146,54545454545;-0,66;4;22,00000;3224,00;EUR;EUR
XZAG;KOEI;HRKOEIRA0009;2023-06-30;CT;148,00;151,00;146,00;151,00;148,57142857143;-0,66;3;7,00000;1040,00;EUR;EUR
XZAG;KOEI;HRKOEIRA0009;2023-06-28;CT;152,00;152,00;152,00;152,00;152,00000000000;-0,65;2;70,00000;10640,00;EUR;EUR
XZAG;KOEI;HRKOEIRA0009;2023-06-27;CT;152,00;153,00;152,00;153,00;152,64497041420;0,66;7;169,00000;25797,00;EUR;EUR
XZAG;KOEI;HRKOEIRA0009;2023-06-26;CT;147,00;152,00;147,00;152,00;150,26749611198;3,40;20;1286,00000;193244,00;EUR;EUR
XZAG;KOEI;HRKOEIRA0009;2023-06-23;CT;147,00;147,00;147,00;147,00;147,00000000000;2,08;4;82,00000;12054,00;EUR;EUR
XZAG;KOEI;HRKOEIRA0009;2023-06-21;CT;146,00;146,00;144,00;144,00;145,13978494624;-1,37;4;93,00000;13498,00;EUR;EUR
XZAG;KOEI;HRKOEIRA0009;2023-06-20;CT;147,00;149,00;146,00;146,00;147,07894736842;-0,68;16;570,00000;83835,00;EUR;EUR
XZAG;KOEI;HRKOEIRA0009;2023-06-19;CT;143,00;147,00;143,00;147,00;144,52283105023;2,80;29;876,00000;126602,00;EUR;EUR
XZAG;KOEI;HRKOEIRA0009;2023-06-16;CT;140,00;143,00;140,00;143,00;142,32130584192;0,70;8;1164,00000;165662,00;EUR;EUR
XZAG;KOEI;HRKOEIRA0009;2023-06-15;CT;141,00;142,00;141,00;142,00;141,67441860465;0,71;7;430,00000;60920,00;EUR;EUR
XZAG;KOEI;HRKOEIRA0009;2023-06-14;CT;142,00;142,00;141,00;141,00;141,50842696629;-0,70;9;356,00000;50377,00;EUR;EUR
XZAG;KOEI;HRKOEIRA0009;2023-06-13;CT;142,00;142,00;142,00;142,00;142,00000000000;0,00;1;8,00000;1136,00;EUR;EUR
XZAG;KOEI;HRKOEIRA0009;2023-06-12;CT;139,00;142,00;139,00;142,00;140,16998468606;2,16;12;653,00000;91531,00;EUR;EUR
XZAG;KOEI;HRKOEIRA0009;2023-06-09;CT;138,00;139,00;138,00;139,00;138,92173913043;0,72;8;115,00000;15976,00;EUR;EUR
XZAG;KOEI;HRKOEIRA0009;2023-06-07;CT;136,00;140,00;136,00;138,00;137,50980392157;2,22;30;1275,00000;175325,00;EUR;EUR
XZAG;KOEI;HRKOEIRA0009;2023-06-06;CT;135,00;135,00;135,00;135,00;135,00000000000;0,00;4;15,00000;2025,00;EUR;EUR
XZAG;KOEI;HRKOEIRA0009;2023-06-05;CT;134,00;135,00;134,00;135,00;134,42553191489;2,27;4;47,00000;6318,00;EUR;EUR
XZAG;KOEI;HRKOEIRA0009;2023-06-02;CT;134,00;134,00;132,00;132,00;133,33333333333;-2,22;3;30,00000;4000,00;EUR;EUR
XZAG;KOEI;HRKOEIRA0009;2023-05-31;CT;135,00;135,00;135,00;135,00;135,00000000000;0,00;1;2,00000;270,00;EUR;EUR
XZAG;KOEI;HRKOEIRA0009;2023-05-26;CT;135,00;136,00;135,00;135,00;135,00798403194;0,75;6;501,00000;67639,00;EUR;EUR
XZAG;KOEI;HRKOEIRA0009;2023-05-25;CT;134,00;134,00;130,00;134,00;132,55421686747;0,00;8;249,00000;33006,00;EUR;EUR
XZAG;KOEI;HRKOEIRA0009;2023-05-24;CT;133,00;134,00;133,00;134,00;133,90079365079;0,75;9;504,00000;67486,00;EUR;EUR
XZAG;KOEI;HRKOEIRA0009;2023-05-23;CT;133,00;133,00;133,00;133,00;133,00000000000;-0,75;1;5,00000;665,00;EUR;EUR
XZAG;KOEI;HRKOEIRA0009;2023-05-22;CT;132,00;134,00;132,00;134,00;133,12727272727;3,88;7;55,00000;7322,00;EUR;EUR
XZAG;KOEI;HRKOEIRA0009;2023-05-18;CT;131,00;131,00;129,00;129,00;129,13793103448;-2,27;4;116,00000;14980,00;EUR;EUR
XZAG;KOEI;HRKOEIRA0009;2023-05-17;CT;130,00;132,00;130,00;132,00;130,33333333333;3,13;2;12,00000;1564,00;EUR;EUR
XZAG;KOEI;HRKOEIRA0009;2023-05-16;CT;129,00;129,00;128,00;128,00;128,49333333333;0,00;5;75,00000;9637,00;EUR;EUR
XZAG;KOEI;HRKOEIRA0009;2023-05-15;CT;131,00;131,00;128,00;128,00;128,61904761905;-1,54;3;63,00000;8103,00;EUR;EUR
XZAG;KOEI;HRKOEIRA0009;2023-05-12;CT;130,00;130,00;130,00;130,00;130,00000000000;0,78;4;47,00000;6110,00;EUR;EUR
XZAG;KOEI;HRKOEIRA0009;2023-05-11;CT;129,00;130,00;128,00;129,00;128,82587064677;0,78;9;201,00000;25894,00;EUR;EUR
XZAG;KOEI;HRKOEIRA0009;2023-05-10;CT;128,00;128,00;128,00;128,00;128,00000000000;0,00;1;50,00000;6400,00;EUR;EUR
XZAG;KOEI;HRKOEIRA0009;2023-05-09;CT;128,00;128,00;128,00;128,00;128,00000000000;0,00;1;24,00000;3072,00;EUR;EUR
XZAG;KOEI;HRKOEIRA0009;2023-05-08;CT;128,00;128,00;128,00;128,00;128,00000000000;-0,78;4;152,00000;19456,00;EUR;EUR
XZAG;KOEI;HRKOEIRA0009;2023-05-04;CT;129,00;129,00;129,00;129,00;129,00000000000;0,00;1;10,00000;1290,00;EUR;EUR
XZAG;KOEI;HRKOEIRA0009;2023-05-03;CT;129,00;129,00;129,00;129,00;129,00000000000;1,57;2;32,00000;4128,00;EUR;EUR
XZAG;KOEI;HRKOEIRA0009;2023-05-02;CT;129,00;129,00;127,00;127,00;128,92361111111;-1,55;7;288,00000;37130,00;EUR;EUR
XZAG;KOEI;HRKOEIRA0009;2023-04-27;CT;135,00;135,00;125,00;129,00;128,83598531212;-0,77;29;817,00000;105259,00;EUR;EUR
XZAG;KOEI;HRKOEIRA0009;2023-04-26;CT;130,00;130,00;130,00;130,00;130,00000000000;-0,76;2;50,00000;6500,00;EUR;EUR
XZAG;KOEI;HRKOEIRA0009;2023-04-25;CT;132,00;134,00;131,00;131,00;131,86842105263;-2,24;13;228,00000;30066,00;EUR;EUR
XZAG;KOEI;HRKOEIRA0009;2023-04-24;CT;134,00;134,00;132,00;134,00;133,27272727273;0,00;3;55,00000;7330,00;EUR;EUR
XZAG;KOEI;HRKOEIRA0009;2023-04-21;CT;134,00;134,00;134,00;134,00;134,00000000000;-0,74;9;186,00000;24924,00;EUR;EUR
XZAG;KOEI;HRKOEIRA0009;2023-04-20;CT;132,00;135,00;132,00;135,00;133,55401662050;0,75;9;361,00000;48213,00;EUR;EUR
XZAG;KOEI;HRKOEIRA0009;2023-04-19;CT;134,00;134,00;134,00;134,00;134,00000000000;0,75;1;32,00000;4288,00;EUR;EUR
XZAG;KOEI;HRKOEIRA0009;2023-04-18;CT;130,00;133,00;129,00;133,00;130,82758620690;0,00;7;58,00000;7588,00;EUR;EUR
XZAG;KOEI;HRKOEIRA0009;2023-04-14;CT;133,00;133,00;133,00;133,00;133,00000000000;0,00;4;47,00000;6251,00;EUR;EUR
XZAG;KOEI;HRKOEIRA0009;2023-04-13;CT;133,00;133,00;133,00;133,00;133,00000000000;1,53;1;2,00000;266,00;EUR;EUR
XZAG;KOEI;HRKOEIRA0009;2023-04-12;CT;127,00;131,00;127,00;131,00;130,73684210526;3,97;4;76,00000;9936,00;EUR;EUR
XZAG;KOEI;HRKOEIRA0009;2023-04-11;CT;126,00;126,00;126,00;126,00;126,00000000000;0,80;7;125,00000;15750,00;EUR;EUR
XZAG;KOEI;HRKOEIRA0009;2023-04-06;CT;126,00;126,00;125,00;125,00;125,51757188498;-0,79;7;313,00000;39287,00;EUR;EUR
XZAG;KOEI;HRKOEIRA0009;2023-04-05;CT;129,00;129,00;126,00;126,00;127,03013182674;-0,79;14;531,00000;67453,00;EUR;EUR
XZAG;KOEI;HRKOEIRA0009;2023-03-31;CT;127,00;127,00;127,00;127,00;127,00000000000;-0,78;1;11,00000;1397,00;EUR;EUR
XZAG;KOEI;HRKOEIRA0009;2023-03-29;CT;128,00;128,00;128,00;128,00;128,00000000000;1,59;1;34,00000;4352,00;EUR;EUR
XZAG;KOEI;HRKOEIRA0009;2023-03-28;CT;127,00;127,00;126,00;126,00;126,01827956989;-1,56;6;930,00000;117197,00;EUR;EUR
XZAG;KOEI;HRKOEIRA0009;2023-03-24;CT;129,00;129,00;128,00;128,00;128,34375000000;-0,78;3;64,00000;8214,00;EUR;EUR
XZAG;KOEI;HRKOEIRA0009;2023-03-22;CT;129,00;129,00;129,00;129,00;129,00000000000;-1,53;2;90,00000;11610,00;EUR;EUR
XZAG;KOEI;HRKOEIRA0009;2023-03-21;CT;129,00;131,00;129,00;131,00;130,06250000000;0,00;3;32,00000;4162,00;EUR;EUR
XZAG;KOEI;HRKOEIRA0009;2023-03-17;CT;131,00;131,00;131,00;131,00;131,00000000000;3,97;1;3,00000;393,00;EUR;EUR
XZAG;KOEI;HRKOEIRA0009;2023-03-15;CT;133,00;133,00;126,00;126,00;130,17021276596;-3,82;5;47,00000;6118,00;EUR;EUR
XZAG;KOEI;HRKOEIRA0009;2023-03-14;CT;132,00;132,00;129,00;131,00;130,14788732394;-1,50;8;284,00000;36962,00;EUR;EUR
XZAG;KOEI;HRKOEIRA0009;2023-03-13;CT;134,00;134,00;133,00;133,00;133,32975871314;0,00;7;373,00000;49732,00;EUR;EUR
XZAG;KOEI;HRKOEIRA0009;2023-03-10;CT;133,00;134,00;131,00;133,00;132,78339350181;0,00;9;554,00000;73562,00;EUR;EUR
XZAG;KOEI;HRKOEIRA0009;2023-03-09;CT;136,00;136,00;133,00;133,00;134,96629213483;0,00;3;89,00000;12012,00;EUR;EUR
XZAG;KOEI;HRKOEIRA0009;2023-03-08;CT;135,00;137,00;133,00;133,00;134,89215686275;-0,75;12;510,00000;68795,00;EUR;EUR
XZAG;KOEI;HRKOEIRA0009;2023-03-07;CT;134,00;134,00;134,00;134,00;134,00000000000;-0,74;1;26,00000;3484,00;EUR;EUR
XZAG;KOEI;HRKOEIRA0009;2023-03-06;CT;135,00;135,00;134,00;135,00;134,18699186992;0,75;6;123,00000;16505,00;EUR;EUR
XZAG;KOEI;HRKOEIRA0009;2023-03-03;CT;136,00;136,00;134,00;134,00;134,83391003460;-2,19;11;289,00000;38967,00;EUR;EUR
XZAG;KOEI;HRKOEIRA0009;2023-03-02;CT;134,00;137,00;134,00;137,00;134,81670533643;1,48;18;431,00000;58106,00;EUR;EUR
XZAG;KOEI;HRKOEIRA0009;2023-03-01;CT;128,00;135,00;128,00;135,00;131,33472133248;4,65;19;3122,00000;410027,00;EUR;EUR
XZAG;KOEI;HRKOEIRA0009;2023-02-28;CT;126,00;129,00;126,00;129,00;127,91460055096;3,20;15;363,00000;46433,00;EUR;EUR
XZAG;KOEI;HRKOEIRA0009;2023-02-27;CT;125,00;125,00;125,00;125,00;125,00000000000;-2,34;1;154,00000;19250,00;EUR;EUR
XZAG;KOEI;HRKOEIRA0009;2023-02-24;CT;125,00;128,00;122,00;128,00;123,96038034865;1,59;14;631,00000;78219,00;EUR;EUR
XZAG;KOEI;HRKOEIRA0009;2023-02-23;CT;126,00;126,00;126,00;126,00;126,00000000000;-1,56;3;81,00000;10206,00;EUR;EUR
XZAG;KOEI;HRKOEIRA0009;2023-02-22;CT;126,00;128,00;126,00;128,00;126,63636363636;1,59;4;110,00000;13930,00;EUR;EUR
XZAG;KOEI;HRKOEIRA0009;2023-02-21;CT;127,00;127,00;126,00;126,00;126,76923076923;-0,79;2;65,00000;8240,00;EUR;EUR
XZAG;KOEI;HRKOEIRA0009;2023-02-20;CT;126,00;127,00;126,00;127,00;126,52941176471;1,60;2;85,00000;10755,00;EUR;EUR
XZAG;KOEI;HRKOEIRA0009;2023-02-17;CT;125,00;125,00;125,00;125,00;125,00000000000;-1,57;1;7,00000;875,00;EUR;EUR
XZAG;KOEI;HRKOEIRA0009;2023-02-16;CT;127,00;127,00;127,00;127,00;127,00000000000;-1,55;2;72,00000;9144,00;EUR;EUR
XZAG;KOEI;HRKOEIRA0009;2023-02-15;CT;129,00;129,00;129,00;129,00;129,00000000000;0,78;2;48,00000;6192,00;EUR;EUR
XZAG;KOEI;HRKOEIRA0009;2023-02-14;CT;128,00;128,00;128,00;128,00;128,00000000000;3,23;2;12,00000;1536,00;EUR;EUR
XZAG;KOEI;HRKOEIRA0009;2023-02-13;CT;124,00;124,00;124,00;124,00;124,00000000000;-3,88;4;30,00000;3720,00;EUR;EUR
XZAG;KOEI;HRKOEIRA0009;2023-02-10;CT;128,00;129,00;128,00;129,00;128,36036036036;0,00;6;111,00000;14248,00;EUR;EUR
XZAG;KOEI;HRKOEIRA0009;2023-02-09;CT;126,00;129,00;126,00;129,00;128,14054054054;2,38;7;185,00000;23706,00;EUR;EUR
XZAG;KOEI;HRKOEIRA0009;2023-02-08;CT;125,00;126,00;125,00;126,00;125,60714285714;2,44;5;140,00000;17585,00;EUR;EUR
XZAG;KOEI;HRKOEIRA0009;2023-02-07;CT;122,00;123,00;122,00;123,00;122,28409090909;-1,60;8;1056,00000;129132,00;EUR;EUR
XZAG;KOEI;HRKOEIRA0009;2023-02-06;CT;125,00;125,00;125,00;125,00;125,00000000000;-0,79;1;200,00000;25000,00;EUR;EUR
XZAG;KOEI;HRKOEIRA0009;2023-02-03;CT;126,00;126,00;126,00;126,00;126,00000000000;3,28;1;50,00000;6300,00;EUR;EUR
XZAG;KOEI;HRKOEIRA0009;2023-02-02;CT;123,00;123,00;122,00;122,00;122,33593750000;-0,81;6;128,00000;15659,00;EUR;EUR
XZAG;KOEI;HRKOEIRA0009;2023-02-01;CT;125,00;125,00;123,00;123,00;124,26037735849;-0,81;10;265,00000;32929,00;EUR;EUR
XZAG;KOEI;HRKOEIRA0009;2023-01-31;CT;124,00;124,00;124,00;124,00;124,00000000000;-1,59;4;97,00000;12028,00;EUR;EUR
XZAG;KOEI;HRKOEIRA0009;2023-01-30;CT;126,00;126,00;124,00;126,00;125,40869565217;0,00;4;230,00000;28844,00;EUR;EUR
XZAG;KOEI;HRKOEIRA0009;2023-01-27;CT;126,00;126,00;126,00;126,00;126,00000000000;0,00;2;50,00000;6300,00;EUR;EUR
XZAG;KOEI;HRKOEIRA0009;2023-01-26;CT;126,00;126,00;126,00;126,00;126,00000000000;-0,79;3;210,00000;26460,00;EUR;EUR
XZAG;KOEI;HRKOEIRA0009;2023-01-25;CT;125,00;127,00;125,00;127,00;125,17699115044;1,60;6;113,00000;14145,00;EUR;EUR
XZAG;KOEI;HRKOEIRA0009;2023-01-24;CT;122,00;125,00;122,00;125,00;122,82835820896;2,46;4;268,00000;32918,00;EUR;EUR
XZAG;KOEI;HRKOEIRA0009;2023-01-20;CT;122,00;122,00;122,00;122,00;122,00000000000;-0,81;2;50,00000;6100,00;EUR;EUR
XZAG;KOEI;HRKOEIRA0009;2023-01-18;CT;120,00;123,00;120,00;123,00;122,04119318182;4,24;17;704,00000;85917,00;EUR;EUR
XZAG;KOEI;HRKOEIRA0009;2023-01-17;CT;116,00;118,00;116,00;118,00;116,22335025381;1,72;8;788,00000;91584,00;EUR;EUR
XZAG;KOEI;HRKOEIRA0009;2023-01-16;CT;122,00;122,00;116,00;116,00;118,10091743119;-4,92;13;327,00000;38619,00;EUR;EUR
XZAG;KOEI;HRKOEIRA0009;2023-01-13;CT;122,00;122,00;122,00;122,00;122,00000000000;0,00;3;21,00000;2562,00;EUR;EUR
XZAG;KOEI;HRKOEIRA0009;2023-01-12;CT;120,00;122,00;120,00;122,00;121,24752475248;1,67;15;1111,00000;134706,00;EUR;EUR
XZAG;KOEI;HRKOEIRA0009;2023-01-11;CT;120,00;120,00;120,00;120,00;120,00000000000;0,00;1;37,00000;4440,00;EUR;EUR
XZAG;KOEI;HRKOEIRA0009;2023-01-10;CT;120,00;120,00;120,00;120,00;120,00000000000;4,35;5;110,00000;13200,00;EUR;EUR
XZAG;KOEI;HRKOEIRA0009;2023-01-02;CT;115,00;115,00;115,00;115,00;115,00000000000;0,00;1;34,00000;3910,00;EUR;EUR
XZAG;KOEI;HRKOEIRA0009;2022-12-28;CT;870,00;870,00;865,00;865,00;868,27586206897;-0,57;2;58,00000;50360,00;HRK;HRK
XZAG;KOEI;HRKOEIRA0009;2022-12-27;CT;870,00;870,00;870,00;870,00;870,00000000000;0,00;1;60,00000;52200,00;HRK;HRK
XZAG;KOEI;HRKOEIRA0009;2022-12-23;CT;870,00;870,00;870,00;870,00;870,00000000000;0,00;2;59,00000;51330,00;HRK;HRK
XZAG;KOEI;HRKOEIRA0009;2022-12-21;CT;875,00;875,00;870,00;870,00;874,91666666667;0,58;4;120,00000;104990,00;HRK;HRK
XZAG;KOEI;HRKOEIRA0009;2022-12-16;CT;855,00;865,00;855,00;865,00;857,50000000000;1,17;3;16,00000;13720,00;HRK;HRK
XZAG;KOEI;HRKOEIRA0009;2022-12-14;CT;855,00;855,00;855,00;855,00;855,00000000000;1,79;1;10,00000;8550,00;HRK;HRK
XZAG;KOEI;HRKOEIRA0009;2022-12-13;CT;850,00;850,00;840,00;840,00;843,33333333333;0,00;4;60,00000;50600,00;HRK;HRK
XZAG;KOEI;HRKOEIRA0009;2022-12-12;CT;840,00;840,00;840,00;840,00;840,00000000000;1,20;3;1172,00000;984480,00;HRK;HRK
XZAG;KOEI;HRKOEIRA0009;2022-12-09;CT;830,00;830,00;830,00;830,00;830,00000000000;0,00;6;225,00000;186750,00;HRK;HRK
XZAG;KOEI;HRKOEIRA0009;2022-12-08;CT;835,00;835,00;830,00;830,00;830,04798464491;-0,60;5;521,00000;432455,00;HRK;HRK
XZAG;KOEI;HRKOEIRA0009;2022-12-07;CT;835,00;840,00;835,00;835,00;835,08333333333;0,00;4;60,00000;50105,00;HRK;HRK
XZAG;KOEI;HRKOEIRA0009;2022-12-06;CT;835,00;835,00;835,00;835,00;835,00000000000;0,00;1;28,00000;23380,00;HRK;HRK
XZAG;KOEI;HRKOEIRA0009;2022-12-05;CT;840,00;840,00;830,00;835,00;831,66666666667;-0,60;4;30,00000;24950,00;HRK;HRK
XZAG;KOEI;HRKOEIRA0009;2022-12-02;CT;835,00;840,00;835,00;840,00;839,07608695652;1,20;3;184,00000;154390,00;HRK;HRK
XZAG;KOEI;HRKOEIRA0009;2022-12-01;CT;830,00;830,00;830,00;830,00;830,00000000000;0,61;2;50,00000;41500,00;HRK;HRK
XZAG;KOEI;HRKOEIRA0009;2022-11-30;CT;825,00;825,00;825,00;825,00;825,00000000000;-0,60;1;10,00000;8250,00;HRK;HRK
XZAG;KOEI;HRKOEIRA0009;2022-11-24;CT;840,00;840,00;830,00;830,00;837,75280898876;-1,19;5;445,00000;372800,00;HRK;HRK
XZAG;KOEI;HRKOEIRA0009;2022-11-21;CT;840,00;840,00;840,00;840,00;840,00000000000;0,00;3;154,00000;129360,00;HRK;HRK
XZAG;KOEI;HRKOEIRA0009;2022-11-17;CT;840,00;840,00;840,00;840,00;840,00000000000;0,00;1;4,00000;3360,00;HRK;HRK
XZAG;KOEI;HRKOEIRA0009;2022-11-16;CT;840,00;840,00;840,00;840,00;840,00000000000;1,20;1;8,00000;6720,00;HRK;HRK
XZAG;KOEI;HRKOEIRA0009;2022-11-15;CT;810,00;830,00;810,00;830,00;824,52054794521;0,00;3;73,00000;60190,00;HRK;HRK
XZAG;KOEI;HRKOEIRA0009;2022-11-11;CT;830,00;830,00;830,00;830,00;830,00000000000;0,61;1;2,00000;1660,00;HRK;HRK
XZAG;KOEI;HRKOEIRA0009;2022-11-10;BLOCK;;825,00;825,00;825,00;825,00000000000;;1;2687,00000;2216775,00;HRK;HRK
XZAG;KOEI;HRKOEIRA0009;2022-11-10;CT;825,00;825,00;825,00;825,00;825,00000000000;0,00;4;330,00000;272250,00;HRK;HRK
XZAG;KOEI;HRKOEIRA0009;2022-11-04;CT;815,00;825,00;795,00;825,00;807,85714285714;1,23;7;189,00000;152685,00;HRK;HRK
XZAG;KOEI;HRKOEIRA0009;2022-11-02;CT;840,00;840,00;815,00;815,00;832,57575757576;-3,55;11;198,00000;164850,00;HRK;HRK
XZAG;KOEI;HRKOEIRA0009;2022-10-31;CT;850,00;850,00;845,00;845,00;845,80985915493;-0,59;4;142,00000;120105,00;HRK;HRK
XZAG;KOEI;HRKOEIRA0009;2022-10-28;CT;850,00;850,00;850,00;850,00;850,00000000000;-1,73;3;83,00000;70550,00;HRK;HRK
XZAG;KOEI;HRKOEIRA0009;2022-10-27;CT;850,00;870,00;850,00;865,00;860,84210526316;1,76;10;380,00000;327120,00;HRK;HRK
XZAG;KOEI;HRKOEIRA0009;2022-10-26;CT;850,00;850,00;850,00;850,00;850,00000000000;-0,58;2;55,00000;46750,00;HRK;HRK
XZAG;KOEI;HRKOEIRA0009;2022-10-24;CT;850,00;855,00;850,00;855,00;852,91666666667;-0,58;2;36,00000;30705,00;HRK;HRK
XZAG;KOEI;HRKOEIRA0009;2022-10-19;CT;860,00;860,00;860,00;860,00;860,00000000000;-1,15;3;35,00000;30100,00;HRK;HRK
XZAG;KOEI;HRKOEIRA0009;2022-10-18;CT;870,00;870,00;870,00;870,00;870,00000000000;2,35;3;59,00000;51330,00;HRK;HRK
XZAG;KOEI;HRKOEIRA0009;2022-10-17;CT;850,00;850,00;850,00;850,00;850,00000000000;-1,16;1;12,00000;10200,00;HRK;HRK
XZAG;KOEI;HRKOEIRA0009;2022-10-14;CT;840,00;860,00;840,00;860,00;845,45454545455;2,99;2;22,00000;18600,00;HRK;HRK
XZAG;KOEI;HRKOEIRA0009;2022-10-13;CT;835,00;835,00;835,00;835,00;835,00000000000;0,00;1;20,00000;16700,00;HRK;HRK
XZAG;KOEI;HRKOEIRA0009;2022-10-12;CT;835,00;835,00;835,00;835,00;835,00000000000;-1,76;5;130,00000;108550,00;HRK;HRK
XZAG;KOEI;HRKOEIRA0009;2022-10-10;CT;850,00;850,00;850,00;850,00;850,00000000000;0,00;2;30,00000;25500,00;HRK;HRK
XZAG;KOEI;HRKOEIRA0009;2022-10-07;CT;845,00;850,00;845,00;850,00;848,78787878788;0,00;2;66,00000;56020,00;HRK;HRK
XZAG;KOEI;HRKOEIRA0009;2022-10-06;CT;850,00;850,00;850,00;850,00;850,00000000000;0,59;2;132,00000;112200,00;HRK;HRK
XZAG;KOEI;HRKOEIRA0009;2022-10-05;CT;850,00;860,00;845,00;845,00;848,29601990050;-0,59;10;402,00000;341015,00;HRK;HRK
XZAG;KOEI;HRKOEIRA0009;2022-10-04;CT;850,00;850,00;850,00;850,00;850,00000000000;0,00;2;173,00000;147050,00;HRK;HRK
XZAG;KOEI;HRKOEIRA0009;2022-10-03;CT;860,00;865,00;850,00;850,00;853,44897959184;-2,30;5;245,00000;209095,00;HRK;HRK
XZAG;KOEI;HRKOEIRA0009;2022-09-28;CT;855,00;870,00;855,00;870,00;860,66037735849;1,75;4;53,00000;45615,00;HRK;HRK
XZAG;KOEI;HRKOEIRA0009;2022-09-27;CT;855,00;855,00;855,00;855,00;855,00000000000;0,00;5;2087,00000;1784385,00;HRK;HRK
XZAG;KOEI;HRKOEIRA0009;2022-09-26;CT;870,00;870,00;855,00;855,00;861,27634660422;-2,84;6;427,00000;367765,00;HRK;HRK
XZAG;KOEI;HRKOEIRA0009;2022-09-23;CT;875,00;880,00;870,00;880,00;874,44839857651;-0,56;5;281,00000;245720,00;HRK;HRK
XZAG;KOEI;HRKOEIRA0009;2022-09-22;CT;880,00;885,00;880,00;885,00;884,37500000000;1,72;4;400,00000;353750,00;HRK;HRK
XZAG;KOEI;HRKOEIRA0009;2022-09-21;CT;870,00;870,00;870,00;870,00;870,00000000000;-1,69;1;100,00000;87000,00;HRK;HRK
XZAG;KOEI;HRKOEIRA0009;2022-09-19;CT;885,00;885,00;885,00;885,00;885,00000000000;1,72;2;70,00000;61950,00;HRK;HRK
XZAG;KOEI;HRKOEIRA0009;2022-09-16;CT;870,00;870,00;870,00;870,00;870,00000000000;0,00;1;40,00000;34800,00;HRK;HRK
XZAG;KOEI;HRKOEIRA0009;2022-09-15;CT;870,00;870,00;870,00;870,00;870,00000000000;-0,57;2;10,00000;8700,00;HRK;HRK
XZAG;KOEI;HRKOEIRA0009;2022-09-14;CT;880,00;880,00;875,00;875,00;876,02000000000;-0,57;3;250,00000;219005,00;HRK;HRK
XZAG;KOEI;HRKOEIRA0009;2022-09-13;CT;880,00;885,00;880,00;880,00;884,18478260870;-0,56;6;92,00000;81345,00;HRK;HRK
XZAG;KOEI;HRKOEIRA0009;2022-09-12;CT;880,00;885,00;880,00;885,00;881,38888888889;0,57;3;18,00000;15865,00;HRK;HRK
XZAG;KOEI;HRKOEIRA0009;2022-09-08;CT;875,00;880,00;875,00;880,00;879,03846153846;0,00;3;26,00000;22855,00;HRK;HRK
XZAG;KOEI;HRKOEIRA0009;2022-09-06;CT;880,00;880,00;880,00;880,00;880,00000000000;1,73;1;9,00000;7920,00;HRK;HRK
XZAG;KOEI;HRKOEIRA0009;2022-09-05;CT;880,00;880,00;865,00;865,00;866,90140845070;0,00;4;71,00000;61550,00;HRK;HRK
XZAG;KOEI;HRKOEIRA0009;2022-09-02;CT;875,00;875,00;860,00;865,00;873,17961165049;-1,14;10;206,00000;179875,00;HRK;HRK
XZAG;KOEI;HRKOEIRA0009;2022-08-31;CT;885,00;885,00;875,00;875,00;880,53846153846;-1,13;6;65,00000;57235,00;HRK;HRK
XZAG;KOEI;HRKOEIRA0009;2022-08-30;CT;895,00;895,00;885,00;885,00;891,66666666667;-1,12;2;15,00000;13375,00;HRK;HRK
XZAG;KOEI;HRKOEIRA0009;2022-08-29;CT;895,00;895,00;895,00;895,00;895,00000000000;0,00;1;38,00000;34010,00;HRK;HRK
XZAG;KOEI;HRKOEIRA0009;2022-08-26;CT;895,00;895,00;895,00;895,00;895,00000000000;1,13;3;64,00000;57280,00;HRK;HRK
XZAG;KOEI;HRKOEIRA0009;2022-08-23;CT;885,00;885,00;885,00;885,00;885,00000000000;-1,12;3;129,00000;114165,00;HRK;HRK
XZAG;KOEI;HRKOEIRA0009;2022-08-22;CT;885,00;895,00;885,00;895,00;885,60402684564;0,00;3;298,00000;263910,00;HRK;HRK
XZAG;KOEI;HRKOEIRA0009;2022-08-19;CT;885,00;895,00;885,00;895,00;886,72413793103;0,00;2;58,00000;51430,00;HRK;HRK
XZAG;KOEI;HRKOEIRA0009;2022-08-18;CT;895,00;895,00;895,00;895,00;895,00000000000;-0,56;1;20,00000;17900,00;HRK;HRK
XZAG;KOEI;HRKOEIRA0009;2022-08-17;CT;900,00;900,00;900,00;900,00;900,00000000000;0,56;2;40,00000;36000,00;HRK;HRK
XZAG;KOEI;HRKOEIRA0009;2022-08-16;CT;895,00;895,00;895,00;895,00;895,00000000000;1,13;1;48,00000;42960,00;HRK;HRK
XZAG;KOEI;HRKOEIRA0009;2022-08-11;CT;900,00;900,00;885,00;885,00;885,09569377990;0,00;5;627,00000;554955,00;HRK;HRK
XZAG;KOEI;HRKOEIRA0009;2022-08-10;CT;880,00;885,00;880,00;885,00;880,20833333333;0,00;5;1200,00000;1056250,00;HRK;HRK
XZAG;KOEI;HRKOEIRA0009;2022-08-09;CT;880,00;885,00;880,00;885,00;880,21531100478;-0,56;3;209,00000;183965,00;HRK;HRK
XZAG;KOEI;HRKOEIRA0009;2022-08-08;CT;890,00;890,00;890,00;890,00;890,00000000000;1,14;2;10,00000;8900,00;HRK;HRK
XZAG;KOEI;HRKOEIRA0009;2022-08-03;CT;880,00;880,00;880,00;880,00;880,00000000000;0,57;2;20,00000;17600,00;HRK;HRK
XZAG;KOEI;HRKOEIRA0009;2022-08-02;CT;875,00;875,00;875,00;875,00;875,00000000000;0,00;2;32,00000;28000,00;HRK;HRK
XZAG;KOEI;HRKOEIRA0009;2022-08-01;CT;875,00;875,00;875,00;875,00;875,00000000000;0,57;2;50,00000;43750,00;HRK;HRK
XZAG;KOEI;HRKOEIRA0009;2022-07-29;CT;880,00;900,00;870,00;870,00;879,66292134831;-1,14;8;89,00000;78290,00;HRK;HRK
XZAG;KOEI;HRKOEIRA0009;2022-07-28;CT;870,00;880,00;870,00;880,00;874,93478260870;2,92;18;230,00000;201235,00;HRK;HRK
XZAG;KOEI;HRKOEIRA0009;2022-07-26;CT;855,00;855,00;855,00;855,00;855,00000000000;1,18;2;100,00000;85500,00;HRK;HRK
XZAG;KOEI;HRKOEIRA0009;2022-07-25;CT;840,00;845,00;840,00;845,00;842,50000000000;1,81;2;20,00000;16850,00;HRK;HRK
XZAG;KOEI;HRKOEIRA0009;2022-07-22;CT;835,00;835,00;830,00;830,00;831,11940298507;0,61;2;134,00000;111370,00;HRK;HRK
XZAG;KOEI;HRKOEIRA0009;2022-07-21;CT;830,00;830,00;825,00;825,00;827,71739130435;-1,79;5;460,00000;380750,00;HRK;HRK
XZAG;KOEI;HRKOEIRA0009;2022-07-20;CT;840,00;840,00;840,00;840,00;840,00000000000;-0,59;1;4,00000;3360,00;HRK;HRK
XZAG;KOEI;HRKOEIRA0009;2022-07-18;CT;835,00;845,00;835,00;845,00;843,73786407767;0,00;3;103,00000;86905,00;HRK;HRK
XZAG;KOEI;HRKOEIRA0009;2022-07-13;CT;845,00;845,00;845,00;845,00;845,00000000000;-1,74;2;200,00000;169000,00;HRK;HRK
XZAG;KOEI;HRKOEIRA0009;2022-07-12;CT;850,00;860,00;850,00;860,00;858,92857142857;1,18;3;28,00000;24050,00;HRK;HRK
XZAG;KOEI;HRKOEIRA0009;2022-07-11;CT;850,00;850,00;850,00;850,00;850,00000000000;0,00;1;45,00000;38250,00;HRK;HRK
XZAG;KOEI;HRKOEIRA0009;2022-07-08;CT;850,00;860,00;850,00;850,00;853,54838709677;-0,58;4;62,00000;52920,00;HRK;HRK
XZAG;KOEI;HRKOEIRA0009;2022-07-07;CT;860,00;860,00;855,00;855,00;855,09803921569;-0,58;2;153,00000;130830,00;HRK;HRK
XZAG;KOEI;HRKOEIRA0009;2022-07-06;CT;860,00;860,00;860,00;860,00;860,00000000000;0,00;2;116,00000;99760,00;HRK;HRK
XZAG;KOEI;HRKOEIRA0009;2022-07-05;CT;865,00;865,00;860,00;860,00;863,37837837838;-1,15;5;222,00000;191670,00;HRK;HRK
XZAG;KOEI;HRKOEIRA0009;2022-07-04;CT;870,00;870,00;870,00;870,00;870,00000000000;0,00;2;22,00000;19140,00;HRK;HRK
XZAG;KOEI;HRKOEIRA0009;2022-07-01;CT;870,00;870,00;870,00;870,00;870,00000000000;-0,57;3;118,00000;102660,00;HRK;HRK
XZAG;KOEI;HRKOEIRA0009;2022-06-30;CT;880,00;880,00;875,00;875,00;875,26548672566;0,00;5;113,00000;98905,00;HRK;HRK
XZAG;KOEI;HRKOEIRA0009;2022-06-29;CT;875,00;875,00;875,00;875,00;875,00000000000;0,00;1;35,00000;30625,00;HRK;HRK
XZAG;KOEI;HRKOEIRA0009;2022-06-28;CT;880,00;880,00;875,00;875,00;876,30434782609;-0,57;2;23,00000;20155,00;HRK;HRK
XZAG;KOEI;HRKOEIRA0009;2022-06-27;CT;880,00;880,00;880,00;880,00;880,00000000000;0,00;1;200,00000;176000,00;HRK;HRK
XZAG;KOEI;HRKOEIRA0009;2022-06-24;CT;885,00;890,00;875,00;880,00;879,80582524272;1,15;10;515,00000;453100,00;HRK;HRK
XZAG;KOEI;HRKOEIRA0009;2022-06-23;CT;875,00;875,00;870,00;870,00;872,50000000000;-1,69;6;500,00000;436250,00;HRK;HRK
XZAG;KOEI;HRKOEIRA0009;2022-06-21;CT;865,00;885,00;865,00;885,00;872,74038461538;1,72;4;104,00000;90765,00;HRK;HRK
XZAG;KOEI;HRKOEIRA0009;2022-06-20;CT;880,00;880,00;870,00;870,00;873,38983050847;-1,14;6;590,00000;515300,00;HRK;HRK
XZAG;KOEI;HRKOEIRA0009;2022-06-17;CT;890,00;890,00;880,00;880,00;885,37634408602;-2,22;7;372,00000;329360,00;HRK;HRK
XZAG;KOEI;HRKOEIRA0009;2022-06-15;CT;900,00;910,00;900,00;900,00;904,96688741722;1,12;5;151,00000;136650,00;HRK;HRK
XZAG;KOEI;HRKOEIRA0009;2022-06-14;CT;900,00;900,00;890,00;890,00;894,76190476190;-2,20;8;1050,00000;939500,00;HRK;HRK
XZAG;KOEI;HRKOEIRA0009;2022-06-13;CT;915,00;915,00;900,00;910,00;904,40617577197;-1,62;24;1263,00000;1142265,00;HRK;HRK
XZAG;KOEI;HRKOEIRA0009;2022-06-08;CT;930,00;930,00;925,00;925,00;925,19767441860;-0,54;8;430,00000;397835,00;HRK;HRK
XZAG;KOEI;HRKOEIRA0009;2022-06-06;CT;930,00;930,00;930,00;930,00;930,00000000000;0,00;5;280,00000;260400,00;HRK;HRK
XZAG;KOEI;HRKOEIRA0009;2022-06-03;CT;930,00;930,00;930,00;930,00;930,00000000000;-0,53;6;1009,00000;938370,00;HRK;HRK
XZAG;KOEI;HRKOEIRA0009;2022-06-02;CT;935,00;935,00;935,00;935,00;935,00000000000;0,00;1;38,00000;35530,00;HRK;HRK
XZAG;KOEI;HRKOEIRA0009;2022-06-01;CT;930,00;935,00;930,00;935,00;930,51282051282;1,08;3;390,00000;362900,00;HRK;HRK
XZAG;KOEI;HRKOEIRA0009;2022-05-31;CT;930,00;930,00;925,00;925,00;929,72549019608;0,00;5;255,00000;237080,00;HRK;HRK
XZAG;KOEI;HRKOEIRA0009;2022-05-27;CT;925,00;925,00;925,00;925,00;925,00000000000;-1,07;1;4,00000;3700,00;HRK;HRK
XZAG;KOEI;HRKOEIRA0009;2022-05-25;CT;930,00;935,00;930,00;935,00;930,65217391304;1,63;3;23,00000;21405,00;HRK;HRK
XZAG;KOEI;HRKOEIRA0009;2022-05-24;CT;930,00;930,00;920,00;920,00;923,84615384615;-1,08;2;65,00000;60050,00;HRK;HRK
XZAG;KOEI;HRKOEIRA0009;2022-05-23;CT;930,00;930,00;930,00;930,00;930,00000000000;0,00;1;1,00000;930,00;HRK;HRK
XZAG;KOEI;HRKOEIRA0009;2022-05-20;CT;930,00;930,00;930,00;930,00;930,00000000000;0,00;1;1,00000;930,00;HRK;HRK
XZAG;KOEI;HRKOEIRA0009;2022-05-19;CT;930,00;930,00;930,00;930,00;930,00000000000;0,00;9;420,00000;390600,00;HRK;HRK
XZAG;KOEI;HRKOEIRA0009;2022-05-18;CT;930,00;930,00;930,00;930,00;930,00000000000;0,00;3;56,00000;52080,00;HRK;HRK
XZAG;KOEI;HRKOEIRA0009;2022-05-17;CT;935,00;935,00;930,00;930,00;934,65116279070;0,00;3;430,00000;401900,00;HRK;HRK
XZAG;KOEI;HRKOEIRA0009;2022-05-16;CT;930,00;930,00;930,00;930,00;930,00000000000;-0,53;1;150,00000;139500,00;HRK;HRK
XZAG;KOEI;HRKOEIRA0009;2022-05-13;CT;935,00;935,00;935,00;935,00;935,00000000000;-0,53;3;450,00000;420750,00;HRK;HRK
XZAG;KOEI;HRKOEIRA0009;2022-05-11;CT;930,00;940,00;930,00;940,00;930,47619047619;1,08;2;42,00000;39080,00;HRK;HRK
XZAG;KOEI;HRKOEIRA0009;2022-05-09;CT;930,00;940,00;930,00;930,00;930,75362318841;-1,06;6;345,00000;321110,00;HRK;HRK
XZAG;KOEI;HRKOEIRA0009;2022-05-06;CT;940,00;940,00;940,00;940,00;940,00000000000;0,00;5;117,00000;109980,00;HRK;HRK
XZAG;KOEI;HRKOEIRA0009;2022-05-05;CT;945,00;945,00;940,00;940,00;942,83783783784;-2,08;4;74,00000;69770,00;HRK;HRK
XZAG;KOEI;HRKOEIRA0009;2022-05-02;CT;960,00;960,00;960,00;960,00;960,00000000000;-1,03;1;50,00000;48000,00;HRK;HRK
XZAG;KOEI;HRKOEIRA0009;2022-04-29;CT;965,00;970,00;960,00;970,00;966,28865979381;0,52;10;194,00000;187460,00;HRK;HRK
XZAG;KOEI;HRKOEIRA0009;2022-04-28;CT;945,00;975,00;945,00;965,00;965,23880597015;3,21;30;1340,00000;1293420,00;HRK;HRK
XZAG;KOEI;HRKOEIRA0009;2022-04-27;CT;935,00;935,00;935,00;935,00;935,00000000000;0,54;2;50,00000;46750,00;HRK;HRK
XZAG;KOEI;HRKOEIRA0009;2022-04-25;CT;930,00;930,00;930,00;930,00;930,00000000000;-0,53;2;45,00000;41850,00;HRK;HRK
XZAG;KOEI;HRKOEIRA0009;2022-04-22;CT;930,00;935,00;930,00;935,00;934,80769230769;0,54;2;52,00000;48610,00;HRK;HRK
XZAG;KOEI;HRKOEIRA0009;2022-04-21;CT;935,00;935,00;930,00;930,00;934,00000000000;-0,53;3;250,00000;233500,00;HRK;HRK
XZAG;KOEI;HRKOEIRA0009;2022-04-20;CT;935,00;935,00;935,00;935,00;935,00000000000;0,00;4;200,00000;187000,00;HRK;HRK
XZAG;KOEI;HRKOEIRA0009;2022-04-19;CT;940,00;940,00;935,00;935,00;936,24384236453;-0,53;8;812,00000;760230,00;HRK;HRK
XZAG;KOEI;HRKOEIRA0009;2022-04-14;CT;945,00;945,00;940,00;940,00;943,33333333333;-1,05;2;30,00000;28300,00;HRK;HRK
XZAG;KOEI;HRKOEIRA0009;2022-04-13;CT;950,00;950,00;950,00;950,00;950,00000000000;-1,04;1;10,00000;9500,00;HRK;HRK
XZAG;KOEI;HRKOEIRA0009;2022-04-11;CT;945,00;960,00;945,00;960,00;949,28571428571;1,59;2;7,00000;6645,00;HRK;HRK
XZAG;KOEI;HRKOEIRA0009;2022-04-08;CT;945,00;960,00;945,00;945,00;951,22222222222;0,53;11;495,00000;470855,00;HRK;HRK
XZAG;KOEI;HRKOEIRA0009;2022-04-07;CT;925,00;940,00;925,00;940,00;936,07954545455;0,00;4;176,00000;164750,00;HRK;HRK
XZAG;KOEI;HRKOEIRA0009;2022-04-04;CT;895,00;940,00;890,00;940,00;909,19365954514;5,03;15;1451,00000;1319240,00;HRK;HRK
XZAG;KOEI;HRKOEIRA0009;2022-04-01;CT;880,00;895,00;880,00;895,00;887,22891566265;0,56;6;415,00000;368200,00;HRK;HRK
XZAG;KOEI;HRKOEIRA0009;2022-03-30;CT;880,00;890,00;880,00;890,00;882,92397660819;0,00;5;171,00000;150980,00;HRK;HRK
XZAG;KOEI;HRKOEIRA0009;2022-03-29;BLOCK;;885,00;885,00;885,00;885,00000000000;;1;3000,00000;2655000,00;HRK;HRK
XZAG;KOEI;HRKOEIRA0009;2022-03-29;CT;885,00;890,00;885,00;890,00;889,94059405941;0,00;5;505,00000;449420,00;HRK;HRK
XZAG;KOEI;HRKOEIRA0009;2022-03-28;CT;890,00;890,00;890,00;890,00;890,00000000000;1,14;1;10,00000;8900,00;HRK;HRK
XZAG;KOEI;HRKOEIRA0009;2022-03-25;CT;880,00;880,00;880,00;880,00;880,00000000000;0,00;1;50,00000;44000,00;HRK;HRK
XZAG;KOEI;HRKOEIRA0009;2022-03-24;CT;885,00;885,00;880,00;880,00;880,55555555556;-1,12;6;180,00000;158500,00;HRK;HRK
XZAG;KOEI;HRKOEIRA0009;2022-03-22;CT;895,00;895,00;885,00;890,00;890,60669456067;0,00;6;239,00000;212855,00;HRK;HRK
XZAG;KOEI;HRKOEIRA0009;2022-03-21;CT;890,00;890,00;880,00;890,00;889,24731182796;0,00;5;93,00000;82700,00;HRK;HRK
XZAG;KOEI;HRKOEIRA0009;2022-03-18;CT;890,00;890,00;890,00;890,00;890,00000000000;0,00;3;180,00000;160200,00;HRK;HRK
XZAG;KOEI;HRKOEIRA0009;2022-03-17;CT;880,00;890,00;880,00;890,00;883,44660194175;1,14;14;618,00000;545970,00;HRK;HRK
XZAG;KOEI;HRKOEIRA0009;2022-03-16;CT;875,00;880,00;875,00;880,00;879,73704268293;0,00;16;1312,00000;1154215,00;HRK;HRK
XZAG;KOEI;HRKOEIRA0009;2022-03-15;CT;865,00;880,00;865,00;880,00;872,65000000000;2,33;5;200,00000;174530,00;HRK;HRK
XZAG;KOEI;HRKOEIRA0009;2022-03-14;CT;865,00;870,00;860,00;860,00;865,63432835821;0,00;6;134,00000;115995,00;HRK;HRK
XZAG;KOEI;HRKOEIRA0009;2022-03-11;CT;855,00;860,00;855,00;860,00;855,62949640288;1,18;5;278,00000;237865,00;HRK;HRK
XZAG;KOEI;HRKOEIRA0009;2022-03-10;CT;855,00;855,00;850,00;850,00;854,07894736842;-1,16;5;190,00000;162275,00;HRK;HRK
XZAG;KOEI;HRKOEIRA0009;2022-03-09;CT;845,00;865,00;845,00;860,00;857,06806282723;2,38;8;573,00000;491100,00;HRK;HRK
XZAG;KOEI;HRKOEIRA0009;2022-03-08;CT;845,00;850,00;840,00;840,00;847,66978922717;0,00;11;427,00000;361955,00;HRK;HRK
XZAG;KOEI;HRKOEIRA0009;2022-03-07;CT;830,00;840,00;830,00;840,00;837,59013282732;-1,18;9;527,00000;441410,00;HRK;HRK
XZAG;KOEI;HRKOEIRA0009;2022-03-04;CT;850,00;850,00;850,00;850,00;850,00000000000;-1,16;7;185,00000;157250,00;HRK;HRK
XZAG;KOEI;HRKOEIRA0009;2022-03-03;CT;830,00;860,00;830,00;860,00;848,28358208955;3,61;6;134,00000;113670,00;HRK;HRK
XZAG;KOEI;HRKOEIRA0009;2022-03-02;CT;830,00;835,00;830,00;830,00;830,04019292605;-2,35;15;1244,00000;1032570,00;HRK;HRK
XZAG;KOEI;HRKOEIRA0009;2022-03-01;CT;855,00;855,00;850,00;850,00;850,39007092199;-1,73;5;282,00000;239810,00;HRK;HRK
XZAG;KOEI;HRKOEIRA0009;2022-02-28;CT;870,00;870,00;850,00;865,00;862,50371471025;-2,81;17;673,00000;580465,00;HRK;HRK
XZAG;KOEI;HRKOEIRA0009;2022-02-25;CT;860,00;890,00;850,00;890,00;872,68292682927;3,49;10;82,00000;71560,00;HRK;HRK
XZAG;KOEI;HRKOEIRA0009;2022-02-24;CT;875,00;875,00;825,00;860,00;846,80589680590;-6,52;25;1221,00000;1033950,00;HRK;HRK
XZAG;KOEI;HRKOEIRA0009;2022-02-23;CT;910,00;920,00;910,00;920,00;914,18124006359;1,10;12;629,00000;575020,00;HRK;HRK
XZAG;KOEI;HRKOEIRA0009;2022-02-22;CT;910,00;910,00;900,00;910,00;907,42346938776;-1,09;14;784,00000;711420,00;HRK;HRK
XZAG;KOEI;HRKOEIRA0009;2022-02-21;CT;915,00;920,00;915,00;920,00;915,45454545455;-1,08;3;88,00000;80560,00;HRK;HRK
XZAG;KOEI;HRKOEIRA0009;2022-02-18;CT;930,00;930,00;930,00;930,00;930,00000000000;0,00;4;94,00000;87420,00;HRK;HRK
XZAG;KOEI;HRKOEIRA0009;2022-02-17;CT;930,00;930,00;930,00;930,00;930,00000000000;0,54;4;174,00000;161820,00;HRK;HRK
XZAG;KOEI;HRKOEIRA0009;2022-02-16;CT;930,00;930,00;925,00;925,00;926,81159420290;0,00;4;138,00000;127900,00;HRK;HRK
XZAG;KOEI;HRKOEIRA0009;2022-02-15;CT;925,00;925,00;925,00;925,00;925,00000000000;-0,54;2;7,00000;6475,00;HRK;HRK
XZAG;KOEI;HRKOEIRA0009;2022-02-14;CT;935,00;935,00;930,00;930,00;931,64473684211;-2,11;3;152,00000;141610,00;HRK;HRK
XZAG;KOEI;HRKOEIRA0009;2022-02-11;CT;950,00;950,00;940,00;950,00;949,34959349593;0,53;7;369,00000;350310,00;HRK;HRK
XZAG;KOEI;HRKOEIRA0009;2022-02-10;CT;940,00;950,00;940,00;945,00;949,66779661017;0,53;10;1475,00000;1400760,00;HRK;HRK
XZAG;KOEI;HRKOEIRA0009;2022-02-09;CT;910,00;940,00;910,00;940,00;928,76963350785;3,30;12;573,00000;532185,00;HRK;HRK
XZAG;KOEI;HRKOEIRA0009;2022-02-08;CT;910,00;910,00;910,00;910,00;910,00000000000;0,00;4;265,00000;241150,00;HRK;HRK
XZAG;KOEI;HRKOEIRA0009;2022-02-07;CT;910,00;910,00;910,00;910,00;910,00000000000;0,55;2;11,00000;10010,00;HRK;HRK
XZAG;KOEI;HRKOEIRA0009;2022-02-04;CT;910,00;910,00;905,00;905,00;905,15000000000;0,00;2;100,00000;90515,00;HRK;HRK
XZAG;KOEI;HRKOEIRA0009;2022-02-03;CT;910,00;910,00;905,00;905,00;905,18750000000;-2,16;2;80,00000;72415,00;HRK;HRK
XZAG;KOEI;HRKOEIRA0009;2022-02-01;CT;895,00;930,00;895,00;925,00;916,43109540636;2,78;9;283,00000;259350,00;HRK;HRK
XZAG;KOEI;HRKOEIRA0009;2022-01-31;CT;885,00;900,00;885,00;900,00;899,25081433225;1,69;8;614,00000;552140,00;HRK;HRK
XZAG;KOEI;HRKOEIRA0009;2022-01-27;CT;890,00;890,00;885,00;885,00;886,85294117647;-1,67;6;170,00000;150765,00;HRK;HRK
XZAG;KOEI;HRKOEIRA0009;2022-01-26;CT;900,00;910,00;900,00;900,00;905,09202453988;1,12;10;326,00000;295060,00;HRK;HRK
XZAG;KOEI;HRKOEIRA0009;2022-01-25;CT;890,00;900,00;880,00;890,00;887,96000000000;0,00;7;250,00000;221990,00;HRK;HRK
XZAG;KOEI;HRKOEIRA0009;2022-01-24;CT;915,00;915,00;890,00;890,00;897,53488372093;-3,26;16;645,00000;578910,00;HRK;HRK
XZAG;KOEI;HRKOEIRA0009;2022-01-21;CT;945,00;945,00;920,00;920,00;935,28415961306;-2,65;11;827,00000;773480,00;HRK;HRK
XZAG;KOEI;HRKOEIRA0009;2022-01-20;CT;950,00;950,00;945,00;945,00;945,20000000000;-0,53;2;50,00000;47260,00;HRK;HRK
XZAG;KOEI;HRKOEIRA0009;2022-01-19;CT;955,00;955,00;950,00;950,00;952,85714285714;-1,55;3;35,00000;33350,00;HRK;HRK
XZAG;KOEI;HRKOEIRA0009;2022-01-18;CT;965,00;965,00;965,00;965,00;965,00000000000;1,58;3;241,00000;232565,00;HRK;HRK
XZAG;KOEI;HRKOEIRA0009;2022-01-17;CT;950,00;950,00;950,00;950,00;950,00000000000;-3,06;2;8,00000;7600,00;HRK;HRK
XZAG;KOEI;HRKOEIRA0009;2022-01-14;CT;935,00;980,00;935,00;980,00;945,91482649842;4,26;7;634,00000;599710,00;HRK;HRK
XZAG;KOEI;HRKOEIRA0009;2022-01-13;CT;940,00;945,00;940,00;940,00;940,10000000000;0,00;4;100,00000;94010,00;HRK;HRK
XZAG;KOEI;HRKOEIRA0009;2022-01-12;CT;925,00;940,00;920,00;940,00;922,21333333333;1,08;10;375,00000;345830,00;HRK;HRK
XZAG;KOEI;HRKOEIRA0009;2022-01-10;CT;920,00;930,00;920,00;930,00;927,34782608696;0,00;8;230,00000;213290,00;HRK;HRK
XZAG;KOEI;HRKOEIRA0009;2022-01-07;CT;920,00;930,00;920,00;930,00;928,49056603774;0,00;3;106,00000;98420,00;HRK;HRK
XZAG;KOEI;HRKOEIRA0009;2022-01-04;CT;940,00;940,00;930,00;930,00;934,16666666667;-0,53;2;24,00000;22420,00;HRK;HRK
XZAG;KOEI;HRKOEIRA0009;2022-01-03;CT;900,00;935,00;900,00;935,00;921,11623616236;3,89;7;1084,00000;998490,00;HRK;HRK
XZAG;KOEI;HRKOEIRA0009;2021-12-30;CT;890,00;900,00;880,00;900,00;895,57640750670;2,27;12;373,00000;334050,00;HRK;HRK
XZAG;KOEI;HRKOEIRA0009;2021-12-29;CT;880,00;885,00;875,00;880,00;879,34895833333;1,15;7;576,00000;506505,00;HRK;HRK
XZAG;KOEI;HRKOEIRA0009;2021-12-27;CT;870,00;870,00;870,00;870,00;870,00000000000;0,00;1;16,00000;13920,00;HRK;HRK
XZAG;KOEI;HRKOEIRA0009;2021-12-23;CT;875,00;875,00;870,00;870,00;874,51923076923;-0,57;3;104,00000;90950,00;HRK;HRK
XZAG;KOEI;HRKOEIRA0009;2021-12-22;CT;880,00;880,00;875,00;875,00;878,53448275862;-0,57;2;58,00000;50955,00;HRK;HRK
XZAG;KOEI;HRKOEIRA0009;2021-12-21;CT;880,00;880,00;870,00;880,00;875,61278863233;0,57;12;563,00000;492970,00;HRK;HRK
XZAG;KOEI;HRKOEIRA0009;2021-12-20;CT;880,00;885,00;870,00;875,00;873,94859813084;-1,13;8;214,00000;187025,00;HRK;HRK
XZAG;KOEI;HRKOEIRA0009;2021-12-17;CT;870,00;885,00;870,00;885,00;880,95155709343;1,72;14;289,00000;254595,00;HRK;HRK
XZAG;KOEI;HRKOEIRA0009;2021-12-16;CT;860,00;870,00;850,00;870,00;865,22829006267;2,35;20;1117,00000;966460,00;HRK;HRK
XZAG;KOEI;HRKOEIRA0009;2021-12-15;CT;840,00;850,00;840,00;850,00;843,67015706806;1,80;13;1910,00000;1611410,00;HRK;HRK
XZAG;KOEI;HRKOEIRA0009;2021-12-14;CT;835,00;835,00;825,00;835,00;833,91601562500;1,83;8;512,00000;426965,00;HRK;HRK
XZAG;KOEI;HRKOEIRA0009;2021-12-13;CT;830,00;835,00;820,00;820,00;833,13630041725;0,00;12;719,00000;599025,00;HRK;HRK
XZAG;KOEI;HRKOEIRA0009;2021-12-10;CT;805,00;820,00;805,00;820,00;813,58333333333;1,23;13;600,00000;488150,00;HRK;HRK
XZAG;KOEI;HRKOEIRA0009;2021-12-09;CT;805,00;810,00;805,00;810,00;805,38674033149;0,62;7;905,00000;728875,00;HRK;HRK
XZAG;KOEI;HRKOEIRA0009;2021-12-08;CT;795,00;805,00;790,00;805,00;800,55555555556;0,63;8;630,00000;504350,00;HRK;HRK
XZAG;KOEI;HRKOEIRA0009;2021-12-07;CT;775,00;805,00;775,00;800,00;798,42026378897;3,90;13;1668,00000;1331765,00;HRK;HRK
XZAG;KOEI;HRKOEIRA0009;2021-12-06;CT;770,00;775,00;770,00;770,00;770,13307984791;0,00;7;263,00000;202545,00;HRK;HRK
XZAG;KOEI;HRKOEIRA0009;2021-12-02;CT;770,00;770,00;770,00;770,00;770,00000000000;0,00;3;213,00000;164010,00;HRK;HRK
XZAG;KOEI;HRKOEIRA0009;2021-11-29;CT;780,00;780,00;770,00;770,00;777,08609271523;-1,28;4;151,00000;117340,00;HRK;HRK
XZAG;KOEI;HRKOEIRA0009;2021-11-26;CT;780,00;780,00;780,00;780,00;780,00000000000;0,00;1;33,00000;25740,00;HRK;HRK
XZAG;KOEI;HRKOEIRA0009;2021-11-25;CT;775,00;780,00;765,00;780,00;776,65662650602;0,65;14;1162,00000;902475,00;HRK;HRK
XZAG;KOEI;HRKOEIRA0009;2021-11-24;CT;775,00;775,00;775,00;775,00;775,00000000000;1,31;4;50,00000;38750,00;HRK;HRK
XZAG;KOEI;HRKOEIRA0009;2021-11-23;CT;765,00;765,00;765,00;765,00;765,00000000000;-0,65;2;150,00000;114750,00;HRK;HRK
XZAG;KOEI;HRKOEIRA0009;2021-11-22;CT;765,00;770,00;765,00;770,00;767,21674876847;0,65;7;203,00000;155745,00;HRK;HRK
XZAG;KOEI;HRKOEIRA0009;2021-11-19;CT;765,00;765,00;765,00;765,00;765,00000000000;0,00;1;32,00000;24480,00;HRK;HRK
XZAG;KOEI;HRKOEIRA0009;2021-11-16;CT;765,00;765,00;765,00;765,00;765,00000000000;0,00;4;180,00000;137700,00;HRK;HRK
XZAG;KOEI;HRKOEIRA0009;2021-11-15;CT;765,00;765,00;765,00;765,00;765,00000000000;0,66;2;16,00000;12240,00;HRK;HRK
XZAG;KOEI;HRKOEIRA0009;2021-11-11;CT;760,00;760,00;760,00;760,00;760,00000000000;0,00;2;50,00000;38000,00;HRK;HRK
XZAG;KOEI;HRKOEIRA0009;2021-11-10;CT;760,00;760,00;760,00;760,00;760,00000000000;0,00;5;245,00000;186200,00;HRK;HRK
XZAG;KOEI;HRKOEIRA0009;2021-11-09;CT;760,00;760,00;760,00;760,00;760,00000000000;0,66;1;10,00000;7600,00;HRK;HRK
XZAG;KOEI;HRKOEIRA0009;2021-11-08;CT;755,00;755,00;755,00;755,00;755,00000000000;-0,66;1;25,00000;18875,00;HRK;HRK
XZAG;KOEI;HRKOEIRA0009;2021-11-05;CT;760,00;760,00;760,00;760,00;760,00000000000;-0,65;1;50,00000;38000,00;HRK;HRK
XZAG;KOEI;HRKOEIRA0009;2021-11-03;CT;765,00;765,00;765,00;765,00;765,00000000000;0,00;1;10,00000;7650,00;HRK;HRK
XZAG;KOEI;HRKOEIRA0009;2021-11-02;CT;775,00;775,00;760,00;765,00;763,37155963303;-1,29;8;218,00000;166415,00;HRK;HRK
XZAG;KOEI;HRKOEIRA0009;2021-10-29;CT;775,00;775,00;775,00;775,00;775,00000000000;-0,64;6;265,00000;205375,00;HRK;HRK
XZAG;KOEI;HRKOEIRA0009;2021-10-28;CT;750,00;780,00;750,00;780,00;763,72532188841;3,31;32;1165,00000;889740,00;HRK;HRK
XZAG;KOEI;HRKOEIRA0009;2021-10-27;CT;750,00;755,00;750,00;755,00;750,46052631579;0,00;2;76,00000;57035,00;HRK;HRK
XZAG;KOEI;HRKOEIRA0009;2021-10-26;CT;750,00;755,00;750,00;755,00;750,83333333333;1,34;3;36,00000;27030,00;HRK;HRK
XZAG;KOEI;HRKOEIRA0009;2021-10-25;CT;755,00;755,00;745,00;745,00;751,42857142857;0,00;2;14,00000;10520,00;HRK;HRK
XZAG;KOEI;HRKOEIRA0009;2021-10-22;CT;745,00;745,00;745,00;745,00;745,00000000000;-0,67;1;12,00000;8940,00;HRK;HRK
XZAG;KOEI;HRKOEIRA0009;2021-10-21;CT;750,00;750,00;750,00;750,00;750,00000000000;0,00;4;145,00000;108750,00;HRK;HRK
XZAG;KOEI;HRKOEIRA0009;2021-10-20;CT;740,00;750,00;740,00;750,00;744,16666666667;0,00;4;48,00000;35720,00;HRK;HRK
XZAG;KOEI;HRKOEIRA0009;2021-10-18;CT;750,00;750,00;750,00;750,00;750,00000000000;-1,32;1;34,00000;25500,00;HRK;HRK
XZAG;KOEI;HRKOEIRA0009;2021-10-15;CT;765,00;765,00;760,00;760,00;760,35519125683;0,00;5;366,00000;278290,00;HRK;HRK
XZAG;KOEI;HRKOEIRA0009;2021-10-14;CT;760,00;760,00;760,00;760,00;760,00000000000;0,00;1;10,00000;7600,00;HRK;HRK
XZAG;KOEI;HRKOEIRA0009;2021-10-13;CT;765,00;765,00;760,00;760,00;762,50000000000;-1,94;2;200,00000;152500,00;HRK;HRK
XZAG;KOEI;HRKOEIRA0009;2021-10-12;CT;775,00;775,00;775,00;775,00;775,00000000000;0,00;1;50,00000;38750,00;HRK;HRK
XZAG;KOEI;HRKOEIRA0009;2021-10-08;CT;770,00;775,00;770,00;775,00;773,92857142857;-0,64;5;280,00000;216700,00;HRK;HRK
XZAG;KOEI;HRKOEIRA0009;2021-10-07;CT;775,00;780,00;775,00;780,00;777,59259259259;2,63;3;81,00000;62985,00;HRK;HRK
XZAG;KOEI;HRKOEIRA0009;2021-10-06;CT;760,00;760,00;760,00;760,00;760,00000000000;1,33;4;108,00000;82080,00;HRK;HRK
XZAG;KOEI;HRKOEIRA0009;2021-10-05;CT;740,00;750,00;740,00;750,00;747,96163069544;1,35;9;417,00000;311900,00;HRK;HRK
XZAG;KOEI;HRKOEIRA0009;2021-10-04;CT;725,00;740,00;725,00;740,00;736,66666666667;2,07;13;222,00000;163540,00;HRK;HRK
XZAG;KOEI;HRKOEIRA0009;2021-10-01;CT;725,00;730,00;725,00;725,00;725,03703703704;0,69;4;135,00000;97880,00;HRK;HRK
XZAG;KOEI;HRKOEIRA0009;2021-09-29;CT;720,00;720,00;720,00;720,00;720,00000000000;-0,69;2;102,00000;73440,00;HRK;HRK
XZAG;KOEI;HRKOEIRA0009;2021-09-28;CT;725,00;725,00;725,00;725,00;725,00000000000;-0,68;1;7,00000;5075,00;HRK;HRK
XZAG;KOEI;HRKOEIRA0009;2021-09-27;CT;725,00;730,00;720,00;730,00;722,59856630824;-0,68;6;279,00000;201605,00;HRK;HRK
XZAG;KOEI;HRKOEIRA0009;2021-09-24;CT;735,00;735,00;735,00;735,00;735,00000000000;0,68;1;20,00000;14700,00;HRK;HRK
XZAG;KOEI;HRKOEIRA0009;2021-09-21;CT;710,00;730,00;710,00;730,00;721,66666666667;2,10;2;12,00000;8660,00;HRK;HRK
XZAG;KOEI;HRKOEIRA0009;2021-09-20;CT;735,00;735,00;715,00;715,00;723,66228070175;-2,72;9;456,00000;329990,00;HRK;HRK
XZAG;KOEI;HRKOEIRA0009;2021-09-17;CT;730,00;735,00;730,00;735,00;733,43750000000;0,68;3;160,00000;117350,00;HRK;HRK
XZAG;KOEI;HRKOEIRA0009;2021-09-16;CT;730,00;730,00;730,00;730,00;730,00000000000;0,69;1;10,00000;7300,00;HRK;HRK
XZAG;KOEI;HRKOEIRA0009;2021-09-15;CT;720,00;725,00;720,00;725,00;720,45454545455;-0,68;5;110,00000;79250,00;HRK;HRK
XZAG;KOEI;HRKOEIRA0009;2021-09-14;CT;730,00;730,00;730,00;730,00;730,00000000000;1,39;1;8,00000;5840,00;HRK;HRK
XZAG;KOEI;HRKOEIRA0009;2021-09-09;CT;720,00;720,00;720,00;720,00;720,00000000000;-0,69;4;93,00000;66960,00;HRK;HRK
XZAG;KOEI;HRKOEIRA0009;2021-09-08;CT;725,00;725,00;725,00;725,00;725,00000000000;0,00;2;100,00000;72500,00;HRK;HRK
XZAG;KOEI;HRKOEIRA0009;2021-09-02;CT;725,00;725,00;725,00;725,00;725,00000000000;0,00;3;56,00000;40600,00;HRK;HRK
XZAG;KOEI;HRKOEIRA0009;2021-08-31;CT;725,00;725,00;725,00;725,00;725,00000000000;-0,68;2;15,00000;10875,00;HRK;HRK
XZAG;KOEI;HRKOEIRA0009;2021-08-30;CT;725,00;730,00;725,00;730,00;725,87837837838;0,69;3;74,00000;53715,00;HRK;HRK
XZAG;KOEI;HRKOEIRA0009;2021-08-27;CT;725,00;725,00;725,00;725,00;725,00000000000;-0,68;4;273,00000;197925,00;HRK;HRK
XZAG;KOEI;HRKOEIRA0009;2021-08-25;CT;725,00;730,00;725,00;730,00;726,31578947368;0,00;3;38,00000;27600,00;HRK;HRK
XZAG;KOEI;HRKOEIRA0009;2021-08-23;CT;730,00;730,00;730,00;730,00;730,00000000000;-0,68;1;10,00000;7300,00;HRK;HRK
XZAG;KOEI;HRKOEIRA0009;2021-08-19;CT;740,00;740,00;735,00;735,00;736,15384615385;-1,34;3;130,00000;95700,00;HRK;HRK
XZAG;KOEI;HRKOEIRA0009;2021-08-18;CT;745,00;745,00;745,00;745,00;745,00000000000;-0,67;3;149,00000;111005,00;HRK;HRK
XZAG;KOEI;HRKOEIRA0009;2021-08-16;CT;750,00;750,00;750,00;750,00;750,00000000000;0,00;2;110,00000;82500,00;HRK;HRK
XZAG;KOEI;HRKOEIRA0009;2021-08-12;CT;750,00;750,00;750,00;750,00;750,00000000000;0,00;1;21,00000;15750,00;HRK;HRK
XZAG;KOEI;HRKOEIRA0009;2021-08-11;CT;750,00;750,00;750,00;750,00;750,00000000000;0,00;5;448,00000;336000,00;HRK;HRK
XZAG;KOEI;HRKOEIRA0009;2021-08-10;CT;750,00;750,00;750,00;750,00;750,00000000000;-0,66;3;60,00000;45000,00;HRK;HRK
XZAG;KOEI;HRKOEIRA0009;2021-08-09;CT;750,00;755,00;750,00;755,00;752,05128205128;0,00;4;39,00000;29330,00;HRK;HRK
XZAG;KOEI;HRKOEIRA0009;2021-08-06;CT;755,00;755,00;755,00;755,00;755,00000000000;-0,66;4;95,00000;71725,00;HRK;HRK
XZAG;KOEI;HRKOEIRA0009;2021-08-04;CT;760,00;760,00;760,00;760,00;760,00000000000;1,33;1;40,00000;30400,00;HRK;HRK
XZAG;KOEI;HRKOEIRA0009;2021-08-03;CT;750,00;750,00;750,00;750,00;750,00000000000;0,00;1;25,00000;18750,00;HRK;HRK
XZAG;KOEI;HRKOEIRA0009;2021-08-02;CT;755,00;755,00;750,00;750,00;754,01606425703;-0,66;6;1494,00000;1126500,00;HRK;HRK
XZAG;KOEI;HRKOEIRA0009;2021-07-30;CT;755,00;755,00;755,00;755,00;755,00000000000;-0,66;2;21,00000;15855,00;HRK;HRK
XZAG;KOEI;HRKOEIRA0009;2021-07-29;CT;755,00;760,00;755,00;760,00;758,12874251497;0,66;6;668,00000;506430,00;HRK;HRK
XZAG;KOEI;HRKOEIRA0009;2021-07-28;CT;755,00;755,00;755,00;755,00;755,00000000000;0,67;1;250,00000;188750,00;HRK;HRK
XZAG;KOEI;HRKOEIRA0009;2021-07-27;CT;745,00;750,00;745,00;750,00;747,34042553191;0,67;6;235,00000;175625,00;HRK;HRK
XZAG;KOEI;HRKOEIRA0009;2021-07-26;CT;740,00;745,00;740,00;745,00;741,60000000000;0,00;2;25,00000;18540,00;HRK;HRK
XZAG;KOEI;HRKOEIRA0009;2021-07-23;CT;745,00;745,00;745,00;745,00;745,00000000000;0,00;1;10,00000;7450,00;HRK;HRK
XZAG;KOEI;HRKOEIRA0009;2021-07-22;CT;740,00;745,00;740,00;745,00;741,29870129870;0,68;2;77,00000;57080,00;HRK;HRK
XZAG;KOEI;HRKOEIRA0009;2021-07-21;CT;740,00;740,00;740,00;740,00;740,00000000000;-0,67;1;1,00000;740,00;HRK;HRK
XZAG;KOEI;HRKOEIRA0009;2021-07-20;CT;745,00;745,00;745,00;745,00;745,00000000000;-0,67;1;44,00000;32780,00;HRK;HRK
XZAG;KOEI;HRKOEIRA0009;2021-07-16;CT;740,00;750,00;740,00;750,00;748,75000000000;0,00;4;80,00000;59900,00;HRK;HRK
XZAG;KOEI;HRKOEIRA0009;2021-07-15;CT;740,00;750,00;740,00;750,00;749,34579439252;0,67;4;107,00000;80180,00;HRK;HRK
XZAG;KOEI;HRKOEIRA0009;2021-07-14;CT;745,00;745,00;745,00;745,00;745,00000000000;0,00;1;35,00000;26075,00;HRK;HRK
XZAG;KOEI;HRKOEIRA0009;2021-07-12;CT;740,00;750,00;740,00;745,00;749,09252669039;-0,67;8;281,00000;210495,00;HRK;HRK
XZAG;KOEI;HRKOEIRA0009;2021-07-09;CT;750,00;750,00;750,00;750,00;750,00000000000;0,67;1;2,00000;1500,00;HRK;HRK
XZAG;KOEI;HRKOEIRA0009;2021-07-08;CT;750,00;750,00;745,00;745,00;749,87804878049;-0,67;6;410,00000;307450,00;HRK;HRK
XZAG;KOEI;HRKOEIRA0009;2021-07-07;CT;750,00;750,00;750,00;750,00;750,00000000000;0,00;8;456,00000;342000,00;HRK;HRK
XZAG;KOEI;HRKOEIRA0009;2021-07-06;CT;750,00;755,00;750,00;750,00;750,03924030764;0,00;28;6371,00000;4778500,00;HRK;HRK
XZAG;KOEI;HRKOEIRA0009;2021-07-05;CT;755,00;755,00;750,00;750,00;750,05899705015;-0,66;7;1017,00000;762810,00;HRK;HRK
XZAG;KOEI;HRKOEIRA0009;2021-07-02;CT;755,00;755,00;755,00;755,00;755,00000000000;0,00;3;190,00000;143450,00;HRK;HRK
XZAG;KOEI;HRKOEIRA0009;2021-06-29;BLOCK;;755,00;755,00;755,00;755,00000000000;;1;2700,00000;2038500,00;HRK;HRK
XZAG;KOEI;HRKOEIRA0009;2021-06-28;CT;760,00;760,00;755,00;755,00;758,14814814815;-0,66;4;27,00000;20470,00;HRK;HRK
XZAG;KOEI;HRKOEIRA0009;2021-06-25;CT;760,00;760,00;760,00;760,00;760,00000000000;0,66;2;12,00000;9120,00;HRK;HRK
XZAG;KOEI;HRKOEIRA0009;2021-06-24;CT;750,00;755,00;750,00;755,00;754,13907284768;0,00;4;302,00000;227750,00;HRK;HRK
XZAG;KOEI;HRKOEIRA0009;2021-06-23;CT;755,00;755,00;755,00;755,00;755,00000000000;0,00;3;87,00000;65685,00;HRK;HRK
XZAG;KOEI;HRKOEIRA0009;2021-06-21;CT;760,00;760,00;755,00;755,00;759,16666666667;-1,31;2;60,00000;45550,00;HRK;HRK
XZAG;KOEI;HRKOEIRA0009;2021-06-18;CT;765,00;765,00;765,00;765,00;765,00000000000;0,00;2;12,00000;9180,00;HRK;HRK
XZAG;KOEI;HRKOEIRA0009;2021-06-17;CT;750,00;765,00;745,00;765,00;752,22482435597;1,32;9;427,00000;321200,00;HRK;HRK
XZAG;KOEI;HRKOEIRA0009;2021-06-16;BLOCK;;750,00;750,00;750,00;750,00000000000;;1;4000,00000;3000000,00;HRK;HRK
XZAG;KOEI;HRKOEIRA0009;2021-06-16;CT;745,00;755,00;740,00;755,00;749,57558609539;1,34;11;1237,00000;927225,00;HRK;HRK
XZAG;KOEI;HRKOEIRA0009;2021-06-15;CT;740,00;745,00;740,00;745,00;743,73540856031;0,68;6;257,00000;191140,00;HRK;HRK
XZAG;KOEI;HRKOEIRA0009;2021-06-14;CT;735,00;740,00;735,00;740,00;738,33333333333;0,68;2;150,00000;110750,00;HRK;HRK
XZAG;KOEI;HRKOEIRA0009;2021-06-11;CT;740,00;740,00;735,00;735,00;739,19431279621;-0,68;6;211,00000;155970,00;HRK;HRK
XZAG;KOEI;HRKOEIRA0009;2021-06-10;CT;740,00;740,00;740,00;740,00;740,00000000000;0,00;1;67,00000;49580,00;HRK;HRK
XZAG;KOEI;HRKOEIRA0009;2021-06-09;CT;740,00;740,00;740,00;740,00;740,00000000000;0,68;1;20,00000;14800,00;HRK;HRK
XZAG;KOEI;HRKOEIRA0009;2021-06-08;CT;735,00;735,00;735,00;735,00;735,00000000000;0,00;6;214,00000;157290,00;HRK;HRK
XZAG;KOEI;HRKOEIRA0009;2021-06-04;CT;730,00;735,00;730,00;735,00;734,90689013035;-0,68;7;537,00000;394645,00;HRK;HRK
XZAG;KOEI;HRKOEIRA0009;2021-06-02;CT;715,00;740,00;715,00;740,00;726,98555956679;3,50;11;277,00000;201375,00;HRK;HRK
XZAG;KOEI;HRKOEIRA0009;2021-06-01;CT;710,00;715,00;710,00;715,00;714,22222222222;1,42;4;90,00000;64280,00;HRK;HRK
XZAG;KOEI;HRKOEIRA0009;2021-05-31;CT;705,00;705,00;705,00;705,00;705,00000000000;0,71;2;25,00000;17625,00;HRK;HRK
XZAG;KOEI;HRKOEIRA0009;2021-05-25;CT;700,00;710,00;700,00;700,00;701,44624573379;-0,71;14;1172,00000;822095,00;HRK;HRK
XZAG;KOEI;HRKOEIRA0009;2021-05-24;CT;710,00;710,00;695,00;705,00;704,85207100592;-0,70;5;169,00000;119120,00;HRK;HRK
XZAG;KOEI;HRKOEIRA0009;2021-05-21;CT;695,00;710,00;695,00;710,00;705,64655172414;2,16;6;116,00000;81855,00;HRK;HRK
XZAG;KOEI;HRKOEIRA0009;2021-05-20;CT;695,00;695,00;695,00;695,00;695,00000000000;-1,42;1;13,00000;9035,00;HRK;HRK
XZAG;KOEI;HRKOEIRA0009;2021-05-19;CT;705,00;705,00;705,00;705,00;705,00000000000;0,00;2;150,00000;105750,00;HRK;HRK
XZAG;KOEI;HRKOEIRA0009;2021-05-18;CT;705,00;705,00;705,00;705,00;705,00000000000;1,44;4;205,00000;144525,00;HRK;HRK
XZAG;KOEI;HRKOEIRA0009;2021-05-17;CT;695,00;695,00;695,00;695,00;695,00000000000;0,72;1;10,00000;6950,00;HRK;HRK
XZAG;KOEI;HRKOEIRA0009;2021-05-14;CT;690,00;690,00;690,00;690,00;690,00000000000;-0,72;3;165,00000;113850,00;HRK;HRK
XZAG;KOEI;HRKOEIRA0009;2021-05-13;CT;695,00;695,00;695,00;695,00;695,00000000000;1,46;2;17,00000;11815,00;HRK;HRK
XZAG;KOEI;HRKOEIRA0009;2021-05-12;CT;690,00;690,00;685,00;685,00;687,85198555957;-1,44;10;277,00000;190535,00;HRK;HRK
XZAG;KOEI;HRKOEIRA0009;2021-05-10;CT;700,00;700,00;695,00;695,00;696,66666666667;-0,71;2;30,00000;20900,00;HRK;HRK
XZAG;KOEI;HRKOEIRA0009;2021-05-07;CT;700,00;700,00;700,00;700,00;700,00000000000;-0,71;2;101,00000;70700,00;HRK;HRK
XZAG;KOEI;HRKOEIRA0009;2021-05-06;CT;705,00;710,00;700,00;705,00;703,01546391753;0,00;7;194,00000;136385,00;HRK;HRK
XZAG;KOEI;HRKOEIRA0009;2021-05-05;CT;710,00;710,00;705,00;705,00;705,95057034221;-2,08;3;263,00000;185665,00;HRK;HRK
XZAG;KOEI;HRKOEIRA0009;2021-05-04;CT;720,00;720,00;720,00;720,00;720,00000000000;0,00;3;18,00000;12960,00;HRK;HRK
XZAG;KOEI;HRKOEIRA0009;2021-05-03;CT;710,00;720,00;710,00;720,00;712,76315789474;0,70;5;190,00000;135425,00;HRK;HRK
XZAG;KOEI;HRKOEIRA0009;2021-04-30;CT;710,00;715,00;710,00;715,00;710,08116084604;0,00;5;2033,00000;1443595,00;HRK;HRK
XZAG;KOEI;HRKOEIRA0009;2021-04-29;CT;680,00;715,00;680,00;715,00;700,53686293914;5,15;31;2021,00000;1415785,00;HRK;HRK
XZAG;KOEI;HRKOEIRA0009;2021-04-28;CT;680,00;680,00;680,00;680,00;680,00000000000;-0,73;5;259,00000;176120,00;HRK;HRK
XZAG;KOEI;HRKOEIRA0009;2021-04-27;CT;685,00;685,00;685,00;685,00;685,00000000000;0,74;3;177,00000;121245,00;HRK;HRK
XZAG;KOEI;HRKOEIRA0009;2021-04-26;CT;680,00;680,00;680,00;680,00;680,00000000000;0,00;3;91,00000;61880,00;HRK;HRK
XZAG;KOEI;HRKOEIRA0009;2021-04-23;CT;680,00;680,00;680,00;680,00;680,00000000000;-0,73;3;130,00000;88400,00;HRK;HRK
XZAG;KOEI;HRKOEIRA0009;2021-04-22;CT;685,00;685,00;685,00;685,00;685,00000000000;0,00;7;2500,00000;1712500,00;HRK;HRK
XZAG;KOEI;HRKOEIRA0009;2021-04-21;BLOCK;;685,00;685,00;685,00;685,00000000000;;1;5000,00000;3425000,00;HRK;HRK
XZAG;KOEI;HRKOEIRA0009;2021-04-21;CT;685,00;685,00;685,00;685,00;685,00000000000;0,00;8;667,00000;456895,00;HRK;HRK
XZAG;KOEI;HRKOEIRA0009;2021-04-20;CT;685,00;685,00;685,00;685,00;685,00000000000;0,00;6;46,00000;31510,00;HRK;HRK
XZAG;KOEI;HRKOEIRA0009;2021-04-15;CT;685,00;685,00;685,00;685,00;685,00000000000;0,00;2;140,00000;95900,00;HRK;HRK
XZAG;KOEI;HRKOEIRA0009;2021-04-14;CT;685,00;685,00;685,00;685,00;685,00000000000;0,00;1;10,00000;6850,00;HRK;HRK
XZAG;KOEI;HRKOEIRA0009;2021-04-12;CT;695,00;695,00;685,00;685,00;690,04237288136;-0,72;8;472,00000;325700,00;HRK;HRK
XZAG;KOEI;HRKOEIRA0009;2021-04-09;CT;695,00;695,00;690,00;690,00;693,78787878788;-0,72;2;132,00000;91580,00;HRK;HRK
XZAG;KOEI;HRKOEIRA0009;2021-04-08;CT;685,00;695,00;685,00;695,00;691,42857142857;1,46;7;497,00000;343640,00;HRK;HRK
XZAG;KOEI;HRKOEIRA0009;2021-04-07;CT;690,00;690,00;685,00;685,00;685,04076086957;0,74;4;368,00000;252095,00;HRK;HRK
XZAG;KOEI;HRKOEIRA0009;2021-03-29;CT;685,00;685,00;680,00;680,00;682,25000000000;-2,86;2;20,00000;13645,00;HRK;HRK
XZAG;KOEI;HRKOEIRA0009;2021-03-26;CT;690,00;700,00;690,00;700,00;693,20000000000;1,45;6;300,00000;207960,00;HRK;HRK
XZAG;KOEI;HRKOEIRA0009;2021-03-25;CT;690,00;690,00;690,00;690,00;690,00000000000;-1,43;1;22,00000;15180,00;HRK;HRK
XZAG;KOEI;HRKOEIRA0009;2021-03-22;CT;700,00;700,00;695,00;700,00;698,52941176471;0,00;12;408,00000;285000,00;HRK;HRK
XZAG;KOEI;HRKOEIRA0009;2021-03-19;CT;675,00;700,00;675,00;700,00;693,46467391304;2,94;21;368,00000;255195,00;HRK;HRK
XZAG;KOEI;HRKOEIRA0009;2021-03-18;CT;680,00;680,00;680,00;680,00;680,00000000000;-1,45;4;57,00000;38760,00;HRK;HRK
XZAG;KOEI;HRKOEIRA0009;2021-03-17;CT;690,00;690,00;690,00;690,00;690,00000000000;0,00;2;7,00000;4830,00;HRK;HRK
XZAG;KOEI;HRKOEIRA0009;2021-03-15;CT;690,00;690,00;690,00;690,00;690,00000000000;0,73;2;18,00000;12420,00;HRK;HRK
XZAG;KOEI;HRKOEIRA0009;2021-03-12;BLOCK;;675,00;675,00;675,00;675,00000000000;;1;3000,00000;2025000,00;HRK;HRK
XZAG;KOEI;HRKOEIRA0009;2021-03-12;CT;685,00;685,00;675,00;685,00;675,61111111111;0,00;4;360,00000;243220,00;HRK;HRK
XZAG;KOEI;HRKOEIRA0009;2021-03-11;CT;685,00;685,00;685,00;685,00;685,00000000000;0,74;1;15,00000;10275,00;HRK;HRK
XZAG;KOEI;HRKOEIRA0009;2021-03-10;CT;680,00;685,00;680,00;680,00;681,30182421227;-0,73;9;603,00000;410825,00;HRK;HRK
XZAG;KOEI;HRKOEIRA0009;2021-03-09;BLOCK;;670,00;670,00;670,00;670,00000000000;;1;4000,00000;2680000,00;HRK;HRK
XZAG;KOEI;HRKOEIRA0009;2021-03-09;CT;675,00;685,00;670,00;685,00;679,30188679245;1,48;10;530,00000;360030,00;HRK;HRK
XZAG;KOEI;HRKOEIRA0009;2021-03-08;CT;675,00;675,00;675,00;675,00;675,00000000000;0,75;1;50,00000;33750,00;HRK;HRK
XZAG;KOEI;HRKOEIRA0009;2021-03-05;CT;670,00;670,00;670,00;670,00;670,00000000000;-1,47;2;39,00000;26130,00;HRK;HRK
XZAG;KOEI;HRKOEIRA0009;2021-03-04;CT;675,00;680,00;675,00;680,00;678,38709677419;1,49;3;62,00000;42060,00;HRK;HRK
XZAG;KOEI;HRKOEIRA0009;2021-03-03;CT;670,00;670,00;670,00;670,00;670,00000000000;0,00;2;60,00000;40200,00;HRK;HRK
XZAG;KOEI;HRKOEIRA0009;2021-03-02;CT;655,00;670,00;655,00;670,00;660,34090909091;2,29;6;220,00000;145275,00;HRK;HRK
XZAG;KOEI;HRKOEIRA0009;2021-02-25;CT;670,00;670,00;655,00;655,00;659,94444444444;-2,24;5;180,00000;118790,00;HRK;HRK
XZAG;KOEI;HRKOEIRA0009;2021-02-24;CT;630,00;670,00;630,00;670,00;648,28314997105;6,35;28;1727,00000;1119585,00;HRK;HRK
XZAG;KOEI;HRKOEIRA0009;2021-02-23;CT;630,00;630,00;630,00;630,00;630,00000000000;0,00;3;46,00000;28980,00;HRK;HRK
XZAG;KOEI;HRKOEIRA0009;2021-02-22;CT;635,00;640,00;630,00;630,00;636,31696428571;-0,79;6;448,00000;285070,00;HRK;HRK
XZAG;KOEI;HRKOEIRA0009;2021-02-19;CT;635,00;635,00;635,00;635,00;635,00000000000;0,79;1;2,00000;1270,00;HRK;HRK
XZAG;KOEI;HRKOEIRA0009;2021-02-18;CT;630,00;630,00;630,00;630,00;630,00000000000;0,00;1;14,00000;8820,00;HRK;HRK
XZAG;KOEI;HRKOEIRA0009;2021-02-17;CT;630,00;630,00;630,00;630,00;630,00000000000;0,00;4;130,00000;81900,00;HRK;HRK
XZAG;KOEI;HRKOEIRA0009;2021-02-16;CT;625,00;635,00;625,00;630,00;625,02072538860;1,61;3;1930,00000;1206290,00;HRK;HRK
XZAG;KOEI;HRKOEIRA0009;2021-02-15;CT;630,00;635,00;620,00;620,00;625,10843005498;-0,80;9;3274,00000;2046605,00;HRK;HRK
XZAG;KOEI;HRKOEIRA0009;2021-02-12;CT;630,00;630,00;625,00;625,00;625,77966101695;0,00;4;295,00000;184605,00;HRK;HRK
XZAG;KOEI;HRKOEIRA0009;2021-02-11;CT;625,00;625,00;625,00;625,00;625,00000000000;0,00;2;510,00000;318750,00;HRK;HRK
XZAG;KOEI;HRKOEIRA0009;2021-02-10;CT;625,00;625,00;625,00;625,00;625,00000000000;0,00;1;50,00000;31250,00;HRK;HRK
XZAG;KOEI;HRKOEIRA0009;2021-02-09;CT;625,00;625,00;625,00;625,00;625,00000000000;0,00;1;20,00000;12500,00;HRK;HRK
XZAG;KOEI;HRKOEIRA0009;2021-02-08;CT;625,00;625,00;625,00;625,00;625,00000000000;1,63;2;30,00000;18750,00;HRK;HRK
XZAG;KOEI;HRKOEIRA0009;2021-02-05;CT;615,00;615,00;615,00;615,00;615,00000000000;-0,81;1;2,00000;1230,00;HRK;HRK
XZAG;KOEI;HRKOEIRA0009;2021-02-04;CT;620,00;620,00;620,00;620,00;620,00000000000;0,00;1;42,00000;26040,00;HRK;HRK
XZAG;KOEI;HRKOEIRA0009;2021-02-02;CT;620,00;620,00;620,00;620,00;620,00000000000;0,00;5;822,00000;509640,00;HRK;HRK
XZAG;KOEI;HRKOEIRA0009;2021-02-01;CT;630,00;630,00;620,00;620,00;620,13123359580;-1,59;3;381,00000;236270,00;HRK;HRK
XZAG;KOEI;HRKOEIRA0009;2021-01-27;CT;630,00;630,00;630,00;630,00;630,00000000000;0,80;4;109,00000;68670,00;HRK;HRK
XZAG;KOEI;HRKOEIRA0009;2021-01-25;CT;625,00;625,00;620,00;625,00;622,52475247525;0,00;8;2020,00000;1257500,00;HRK;HRK
XZAG;KOEI;HRKOEIRA0009;2021-01-20;CT;625,00;625,00;625,00;625,00;625,00000000000;0,81;6;1213,00000;758125,00;HRK;HRK
XZAG;KOEI;HRKOEIRA0009;2021-01-19;CT;620,00;620,00;620,00;620,00;620,00000000000;0,00;1;15,00000;9300,00;HRK;HRK
XZAG;KOEI;HRKOEIRA0009;2021-01-15;CT;615,00;630,00;615,00;620,00;624,66506291636;0,81;10;2702,00000;1687845,00;HRK;HRK
XZAG;KOEI;HRKOEIRA0009;2021-01-14;CT;615,00;615,00;615,00;615,00;615,00000000000;0,00;3;100,00000;61500,00;HRK;HRK
XZAG;KOEI;HRKOEIRA0009;2021-01-13;CT;615,00;615,00;615,00;615,00;615,00000000000;0,00;2;20,00000;12300,00;HRK;HRK
XZAG;KOEI;HRKOEIRA0009;2021-01-12;CT;615,00;615,00;615,00;615,00;615,00000000000;-0,81;3;110,00000;67650,00;HRK;HRK
XZAG;KOEI;HRKOEIRA0009;2021-01-11;CT;615,00;620,00;615,00;620,00;615,12195121951;-0,80;5;164,00000;100880,00;HRK;HRK
XZAG;KOEI;HRKOEIRA0009;2021-01-08;CT;610,00;625,00;600,00;625,00;620,21314676212;2,46;20;3073,00000;1905915,00;HRK;HRK
XZAG;KOEI;HRKOEIRA0009;2021-01-07;CT;595,00;610,00;585,00;610,00;599,21814134669;2,52;41;1797,00000;1076795,00;HRK;HRK
XZAG;KOEI;HRKOEIRA0009;2021-01-05;CT;590,00;595,00;590,00;595,00;590,35000000000;0,85;5;100,00000;59035,00;HRK;HRK
XZAG;KOEI;HRKOEIRA0009;2021-01-04;CT;580,00;590,00;580,00;590,00;582,80303030303;1,72;6;264,00000;153860,00;HRK;HRK
XZAG;KOEI;HRKOEIRA0009;2020-12-30;CT;580,00;580,00;580,00;580,00;580,00000000000;-1,69;3;200,00000;116000,00;HRK;HRK
XZAG;KOEI;HRKOEIRA0009;2020-12-29;CT;590,00;590,00;590,00;590,00;590,00000000000;0,00;1;10,00000;5900,00;HRK;HRK
XZAG;KOEI;HRKOEIRA0009;2020-12-28;CT;590,00;590,00;590,00;590,00;590,00000000000;0,00;1;3,00000;1770,00;HRK;HRK
XZAG;KOEI;HRKOEIRA0009;2020-12-23;CT;590,00;590,00;590,00;590,00;590,00000000000;0,00;3;7,00000;4130,00;HRK;HRK
XZAG;KOEI;HRKOEIRA0009;2020-12-21;CT;580,00;590,00;580,00;590,00;583,88888888889;1,72;3;45,00000;26275,00;HRK;HRK
XZAG;KOEI;HRKOEIRA0009;2020-12-18;CT;580,00;580,00;580,00;580,00;580,00000000000;0,00;9;283,00000;164140,00;HRK;HRK
XZAG;KOEI;HRKOEIRA0009;2020-12-17;CT;580,00;580,00;580,00;580,00;580,00000000000;0,00;14;427,00000;247660,00;HRK;HRK
XZAG;KOEI;HRKOEIRA0009;2020-12-16;CT;585,00;585,00;580,00;580,00;580,88669950739;-2,52;3;203,00000;117920,00;HRK;HRK
XZAG;KOEI;HRKOEIRA0009;2020-12-14;CT;580,00;595,00;580,00;595,00;585,92857142857;0,85;5;70,00000;41015,00;HRK;HRK
XZAG;KOEI;HRKOEIRA0009;2020-12-09;CT;585,00;590,00;585,00;590,00;585,40650406504;2,61;4;246,00000;144010,00;HRK;HRK
XZAG;KOEI;HRKOEIRA0009;2020-12-08;CT;580,00;580,00;575,00;575,00;578,94827586207;-1,71;6;290,00000;167895,00;HRK;HRK
XZAG;KOEI;HRKOEIRA0009;2020-12-07;CT;585,00;585,00;585,00;585,00;585,00000000000;0,00;5;295,00000;172575,00;HRK;HRK
XZAG;KOEI;HRKOEIRA0009;2020-12-04;CT;580,00;585,00;580,00;585,00;581,31578947368;-0,85;4;76,00000;44180,00;HRK;HRK
XZAG;KOEI;HRKOEIRA0009;2020-12-02;CT;580,00;595,00;570,00;590,00;584,00584795322;3,51;23;855,00000;499325,00;HRK;HRK
XZAG;KOEI;HRKOEIRA0009;2020-12-01;CT;580,00;580,00;570,00;570,00;571,82847896440;-4,20;12;618,00000;353390,00;HRK;HRK
XZAG;KOEI;HRKOEIRA0009;2020-11-26;CT;595,00;595,00;595,00;595,00;595,00000000000;-0,83;2;20,00000;11900,00;HRK;HRK
XZAG;KOEI;HRKOEIRA0009;2020-11-25;CT;595,00;600,00;595,00;600,00;595,50000000000;2,56;3;50,00000;29775,00;HRK;HRK
XZAG;KOEI;HRKOEIRA0009;2020-11-24;CT;595,00;600,00;585,00;585,00;589,61596385542;-1,68;14;664,00000;391505,00;HRK;HRK
XZAG;KOEI;HRKOEIRA0009;2020-11-23;CT;600,00;600,00;595,00;595,00;596,58730158730;0,00;6;315,00000;187925,00;HRK;HRK
XZAG;KOEI;HRKOEIRA0009;2020-11-20;CT;600,00;600,00;585,00;595,00;596,67417417417;0,00;12;666,00000;397385,00;HRK;HRK
XZAG;KOEI;HRKOEIRA0009;2020-11-19;CT;600,00;600,00;590,00;595,00;596,43317702227;-0,83;9;1706,00000;1017515,00;HRK;HRK
XZAG;KOEI;HRKOEIRA0009;2020-11-17;CT;595,00;610,00;595,00;600,00;597,12857142857;0,84;21;1400,00000;835980,00;HRK;HRK
XZAG;KOEI;HRKOEIRA0009;2020-11-16;CT;595,00;595,00;585,00;595,00;592,68733850129;0,00;27;1935,00000;1146850,00;HRK;HRK
XZAG;KOEI;HRKOEIRA0009;2020-11-12;CT;595,00;595,00;590,00;595,00;593,28947368421;0,00;4;380,00000;225450,00;HRK;HRK
XZAG;KOEI;HRKOEIRA0009;2020-11-11;CT;595,00;595,00;590,00;595,00;594,92836676218;0,00;10;698,00000;415260,00;HRK;HRK
XZAG;KOEI;HRKOEIRA0009;2020-11-10;CT;610,00;610,00;590,00;595,00;594,68041237113;-1,65;25;970,00000;576840,00;HRK;HRK
XZAG;KOEI;HRKOEIRA0009;2020-11-09;CT;595,00;605,00;595,00;605,00;598,27225130890;1,68;19;764,00000;457080,00;HRK;HRK
XZAG;KOEI;HRKOEIRA0009;2020-11-06;CT;585,00;595,00;585,00;595,00;594,68634686347;-0,83;8;542,00000;322320,00;HRK;HRK
XZAG;KOEI;HRKOEIRA0009;2020-11-05;CT;585,00;600,00;585,00;600,00;587,31788079470;2,56;4;302,00000;177370,00;HRK;HRK
XZAG;KOEI;HRKOEIRA0009;2020-11-04;CT;585,00;585,00;585,00;585,00;585,00000000000;0,00;1;40,00000;23400,00;HRK;HRK
XZAG;KOEI;HRKOEIRA0009;2020-11-03;CT;585,00;585,00;585,00;585,00;585,00000000000;0,00;3;133,00000;77805,00;HRK;HRK
XZAG;KOEI;HRKOEIRA0009;2020-11-02;CT;580,00;585,00;580,00;585,00;580,83333333333;0,00;3;60,00000;34850,00;HRK;HRK
XZAG;KOEI;HRKOEIRA0009;2020-10-30;CT;580,00;585,00;580,00;585,00;582,00000000000;0,00;3;100,00000;58200,00;HRK;HRK
XZAG;KOEI;HRKOEIRA0009;2020-10-29;CT;580,00;585,00;580,00;585,00;580,24886877828;0,00;4;221,00000;128235,00;HRK;HRK
XZAG;KOEI;HRKOEIRA0009;2020-10-28;CT;585,00;585,00;560,00;585,00;574,04984423676;0,00;10;321,00000;184270,00;HRK;HRK
XZAG;KOEI;HRKOEIRA0009;2020-10-27;CT;585,00;600,00;585,00;585,00;585,08325171401;0,00;20;6126,00000;3584220,00;HRK;HRK
XZAG;KOEI;HRKOEIRA0009;2020-10-26;CT;600,00;605,00;575,00;585,00;585,41666666667;-3,31;11;900,00000;526875,00;HRK;HRK
XZAG;KOEI;HRKOEIRA0009;2020-10-22;CT;605,00;605,00;605,00;605,00;605,00000000000;0,83;1;50,00000;30250,00;HRK;HRK
XZAG;KOEI;HRKOEIRA0009;2020-10-20;CT;595,00;600,00;595,00;600,00;595,71428571429;-1,64;3;70,00000;41700,00;HRK;HRK
XZAG;KOEI;HRKOEIRA0009;2020-10-14;CT;605,00;610,00;600,00;610,00;605,55309734513;-0,81;5;226,00000;136855,00;HRK;HRK
XZAG;KOEI;HRKOEIRA0009;2020-10-13;CT;610,00;615,00;605,00;615,00;608,90946502058;0,82;8;243,00000;147965,00;HRK;HRK
XZAG;KOEI;HRKOEIRA0009;2020-10-12;CT;610,00;610,00;610,00;610,00;610,00000000000;-1,61;1;5,00000;3050,00;HRK;HRK
XZAG;KOEI;HRKOEIRA0009;2020-10-08;CT;605,00;620,00;605,00;620,00;614,37500000000;0,00;2;40,00000;24575,00;HRK;HRK
XZAG;KOEI;HRKOEIRA0009;2020-10-07;CT;605,00;620,00;605,00;620,00;616,20689655172;0,00;3;29,00000;17870,00;HRK;HRK
XZAG;KOEI;HRKOEIRA0009;2020-10-06;CT;620,00;620,00;620,00;620,00;620,00000000000;0,00;1;8,00000;4960,00;HRK;HRK
XZAG;KOEI;HRKOEIRA0009;2020-10-05;CT;615,00;620,00;615,00;620,00;618,73333333333;0,81;5;75,00000;46405,00;HRK;HRK
XZAG;KOEI;HRKOEIRA0009;2020-10-02;CT;615,00;615,00;615,00;615,00;615,00000000000;2,50;7;344,00000;211560,00;HRK;HRK
XZAG;KOEI;HRKOEIRA0009;2020-10-01;CT;625,00;625,00;600,00;600,00;601,76810073452;-3,23;18;953,00000;573485,00;HRK;HRK
XZAG;KOEI;HRKOEIRA0009;2020-09-30;CT;620,00;620,00;620,00;620,00;620,00000000000;2,48;4;63,00000;39060,00;HRK;HRK
XZAG;KOEI;HRKOEIRA0009;2020-09-29;CT;625,00;625,00;605,00;605,00;612,83333333333;-2,42;8;210,00000;128695,00;HRK;HRK
XZAG;KOEI;HRKOEIRA0009;2020-09-28;CT;620,00;620,00;620,00;620,00;620,00000000000;-1,59;1;16,00000;9920,00;HRK;HRK
XZAG;KOEI;HRKOEIRA0009;2020-09-25;CT;620,00;630,00;620,00;630,00;628,35820895522;-2,33;4;134,00000;84200,00;HRK;HRK
XZAG;KOEI;HRKOEIRA0009;2020-09-24;CT;630,00;645,00;630,00;645,00;636,71666666667;0,78;4;600,00000;382030,00;HRK;HRK
XZAG;KOEI;HRKOEIRA0009;2020-09-23;CT;640,00;640,00;630,00;640,00;639,86270022883;0,79;7;437,00000;279620,00;HRK;HRK
XZAG;KOEI;HRKOEIRA0009;2020-09-22;CT;630,00;635,00;630,00;635,00;630,58904109589;0,79;6;730,00000;460330,00;HRK;HRK
XZAG;KOEI;HRKOEIRA0009;2020-09-21;CT;620,00;635,00;615,00;630,00;625,06818181818;0,00;7;220,00000;137515,00;HRK;HRK
XZAG;KOEI;HRKOEIRA0009;2020-09-18;CT;615,00;630,00;610,00;630,00;615,10703363914;2,44;6;327,00000;201140,00;HRK;HRK
XZAG;KOEI;HRKOEIRA0009;2020-09-17;CT;600,00;615,00;600,00;615,00;600,54216867470;-3,91;7;249,00000;149535,00;HRK;HRK
XZAG;KOEI;HRKOEIRA0009;2020-09-15;CT;630,00;640,00;630,00;640,00;634,19736842105;2,40;8;760,00000;481990,00;HRK;HRK
XZAG;KOEI;HRKOEIRA0009;2020-09-14;CT;630,00;630,00;625,00;625,00;626,48414985591;-0,79;5;347,00000;217390,00;HRK;HRK
XZAG;KOEI;HRKOEIRA0009;2020-09-11;CT;630,00;630,00;630,00;630,00;630,00000000000;2,44;4;228,00000;143640,00;HRK;HRK
XZAG;KOEI;HRKOEIRA0009;2020-09-10;CT;625,00;630,00;615,00;615,00;623,66402116402;-1,60;14;756,00000;471490,00;HRK;HRK
XZAG;KOEI;HRKOEIRA0009;2020-09-09;CT;610,00;625,00;600,00;625,00;618,53413654618;3,31;18;996,00000;616060,00;HRK;HRK
XZAG;KOEI;HRKOEIRA0009;2020-09-08;CT;600,00;605,00;600,00;605,00;604,28571428571;0,83;3;175,00000;105750,00;HRK;HRK
XZAG;KOEI;HRKOEIRA0009;2020-09-07;CT;600,00;600,00;600,00;600,00;600,00000000000;-1,64;1;70,00000;42000,00;HRK;HRK
XZAG;KOEI;HRKOEIRA0009;2020-09-04;CT;610,00;610,00;610,00;610,00;610,00000000000;-0,81;5;230,00000;140300,00;HRK;HRK
XZAG;KOEI;HRKOEIRA0009;2020-09-03;CT;600,00;615,00;600,00;615,00;604,09850483729;4,24;10;1137,00000;686860,00;HRK;HRK
XZAG;KOEI;HRKOEIRA0009;2020-09-02;CT;595,00;595,00;590,00;590,00;591,00000000000;-0,84;3;100,00000;59100,00;HRK;HRK
XZAG;KOEI;HRKOEIRA0009;2020-09-01;CT;605,00;620,00;595,00;595,00;601,60000000000;-0,83;8;200,00000;120320,00;HRK;HRK
XZAG;KOEI;HRKOEIRA0009;2020-08-31;CT;630,00;630,00;600,00;600,00;607,84345047923;-3,23;9;313,00000;190255,00;HRK;HRK
XZAG;KOEI;HRKOEIRA0009;2020-08-28;CT;640,00;640,00;620,00;620,00;631,41509433962;-5,34;10;371,00000;234255,00;HRK;HRK
XZAG;KOEI;HRKOEIRA0009;2020-08-27;CT;645,00;655,00;645,00;655,00;650,31250000000;3,97;10;352,00000;228910,00;HRK;HRK
XZAG;KOEI;HRKOEIRA0009;2020-08-26;CT;620,00;640,00;620,00;630,00;635,74612403101;1,61;12;516,00000;328045,00;HRK;HRK
XZAG;KOEI;HRKOEIRA0009;2020-08-25;CT;610,00;620,00;600,00;620,00;616,52173913043;3,33;5;161,00000;99260,00;HRK;HRK
XZAG;KOEI;HRKOEIRA0009;2020-08-24;CT;590,00;610,00;590,00;600,00;600,05756578947;0,00;11;1216,00000;729670,00;HRK;HRK
XZAG;KOEI;HRKOEIRA0009;2020-08-21;CT;600,00;600,00;580,00;600,00;595,27777777778;0,84;7;180,00000;107150,00;HRK;HRK
XZAG;KOEI;HRKOEIRA0009;2020-08-20;CT;590,00;595,00;590,00;595,00;591,44128113879;0,00;6;281,00000;166195,00;HRK;HRK
XZAG;KOEI;HRKOEIRA0009;2020-08-19;CT;590,00;595,00;590,00;595,00;591,59090909091;0,00;2;220,00000;130150,00;HRK;HRK
XZAG;KOEI;HRKOEIRA0009;2020-08-18;CT;590,00;595,00;590,00;595,00;591,48936170213;0,85;6;94,00000;55600,00;HRK;HRK
XZAG;KOEI;HRKOEIRA0009;2020-08-17;CT;585,00;590,00;585,00;590,00;588,78048780488;0,00;2;82,00000;48280,00;HRK;HRK
XZAG;KOEI;HRKOEIRA0009;2020-08-14;CT;580,00;590,00;580,00;590,00;589,89898989899;0,00;6;594,00000;350400,00;HRK;HRK
XZAG;KOEI;HRKOEIRA0009;2020-08-13;CT;585,00;590,00;585,00;590,00;589,88461538462;1,72;5;130,00000;76685,00;HRK;HRK
XZAG;KOEI;HRKOEIRA0009;2020-08-12;CT;565,00;580,00;565,00;580,00;576,58767772512;1,75;9;211,00000;121660,00;HRK;HRK
XZAG;KOEI;HRKOEIRA0009;2020-08-11;CT;535,00;570,00;535,00;570,00;561,93370165746;6,54;15;362,00000;203420,00;HRK;HRK
XZAG;KOEI;HRKOEIRA0009;2020-08-10;CT;530,00;535,00;530,00;535,00;531,32352941176;4,90;2;68,00000;36130,00;HRK;HRK
XZAG;KOEI;HRKOEIRA0009;2020-08-07;CT;515,00;520,00;510,00;510,00;517,11538461538;0,99;6;260,00000;134450,00;HRK;HRK
XZAG;KOEI;HRKOEIRA0009;2020-08-06;CT;515,00;515,00;505,00;505,00;505,90909090909;0,00;2;44,00000;22260,00;HRK;HRK
XZAG;KOEI;HRKOEIRA0009;2020-08-04;CT;500,00;505,00;500,00;505,00;503,38427947598;-3,81;6;229,00000;115275,00;HRK;HRK
XZAG;KOEI;HRKOEIRA0009;2020-07-31;CT;525,00;525,00;525,00;525,00;525,00000000000;1,94;3;13,00000;6825,00;HRK;HRK
XZAG;KOEI;HRKOEIRA0009;2020-07-30;CT;510,00;515,00;496,00;515,00;510,82644628099;0,98;9;242,00000;123620,00;HRK;HRK
XZAG;KOEI;HRKOEIRA0009;2020-07-29;CT;484,00;510,00;484,00;510,00;496,86704119850;6,69;18;534,00000;265327,00;HRK;HRK
XZAG;KOEI;HRKOEIRA0009;2020-07-28;CT;478,00;478,00;478,00;478,00;478,00000000000;0,00;1;16,00000;7648,00;HRK;HRK
XZAG;KOEI;HRKOEIRA0009;2020-07-27;CT;478,00;478,00;478,00;478,00;478,00000000000;-0,42;1;20,00000;9560,00;HRK;HRK
XZAG;KOEI;HRKOEIRA0009;2020-07-24;CT;478,00;480,00;478,00;480,00;479,83182406210;0,42;3;773,00000;370910,00;HRK;HRK
XZAG;KOEI;HRKOEIRA0009;2020-07-23;CT;480,00;480,00;478,00;478,00;478,51851851852;-0,42;3;243,00000;116280,00;HRK;HRK
XZAG;KOEI;HRKOEIRA0009;2020-07-21;CT;480,00;480,00;480,00;480,00;480,00000000000;0,00;1;1,00000;480,00;HRK;HRK
XZAG;KOEI;HRKOEIRA0009;2020-07-17;CT;478,00;480,00;478,00;480,00;479,85294117647;-0,41;3;680,00000;326300,00;HRK;HRK
XZAG;KOEI;HRKOEIRA0009;2020-07-14;CT;482,00;482,00;482,00;482,00;482,00000000000;0,00;2;14,00000;6748,00;HRK;HRK
XZAG;KOEI;HRKOEIRA0009;2020-07-13;CT;482,00;482,00;482,00;482,00;482,00000000000;0,00;1;5,00000;2410,00;HRK;HRK
XZAG;KOEI;HRKOEIRA0009;2020-07-10;CT;482,00;482,00;482,00;482,00;482,00000000000;0,42;3;36,00000;17352,00;HRK;HRK
XZAG;KOEI;HRKOEIRA0009;2020-07-09;CT;480,00;480,00;480,00;480,00;480,00000000000;0,00;11;708,00000;339840,00;HRK;HRK
XZAG;KOEI;HRKOEIRA0009;2020-07-08;CT;470,00;480,00;470,00;480,00;474,04624277457;2,13;9;865,00000;410050,00;HRK;HRK
XZAG;KOEI;HRKOEIRA0009;2020-07-03;CT;466,00;480,00;466,00;470,00;477,82758620690;0,86;9;348,00000;166284,00;HRK;HRK
XZAG;KOEI;HRKOEIRA0009;2020-07-02;CT;460,00;466,00;460,00;466,00;463,60000000000;1,30;2;10,00000;4636,00;HRK;HRK
XZAG;KOEI;HRKOEIRA0009;2020-07-01;CT;460,00;460,00;460,00;460,00;460,00000000000;-1,29;1;33,00000;15180,00;HRK;HRK
XZAG;KOEI;HRKOEIRA0009;2020-06-30;CT;460,00;466,00;460,00;466,00;462,00000000000;0,43;2;3,00000;1386,00;HRK;HRK
XZAG;KOEI;HRKOEIRA0009;2020-06-29;CT;460,00;464,00;460,00;464,00;460,92307692308;1,31;2;39,00000;17976,00;HRK;HRK
XZAG;KOEI;HRKOEIRA0009;2020-06-26;CT;458,00;458,00;458,00;458,00;458,00000000000;0,88;2;70,00000;32060,00;HRK;HRK
XZAG;KOEI;HRKOEIRA0009;2020-06-25;CT;466,00;466,00;454,00;454,00;458,08474576271;-2,58;6;118,00000;54054,00;HRK;HRK
XZAG;KOEI;HRKOEIRA0009;2020-06-24;CT;472,00;472,00;466,00;466,00;470,76923076923;-1,27;4;78,00000;36720,00;HRK;HRK
XZAG;KOEI;HRKOEIRA0009;2020-06-23;CT;474,00;476,00;472,00;472,00;475,30232558140;0,00;5;43,00000;20438,00;HRK;HRK
XZAG;KOEI;HRKOEIRA0009;2020-06-18;CT;472,00;472,00;472,00;472,00;472,00000000000;-1,26;3;39,00000;18408,00;HRK;HRK
XZAG;KOEI;HRKOEIRA0009;2020-06-17;CT;478,00;478,00;478,00;478,00;478,00000000000;-2,05;1;35,00000;16730,00;HRK;HRK
XZAG;KOEI;HRKOEIRA0009;2020-06-16;CT;488,00;488,00;488,00;488,00;488,00000000000;1,67;1;336,00000;163968,00;HRK;HRK
XZAG;KOEI;HRKOEIRA0009;2020-06-15;CT;480,00;480,00;478,00;480,00;479,27007299270;-1,23;4;137,00000;65660,00;HRK;HRK
XZAG;KOEI;HRKOEIRA0009;2020-06-12;CT;484,00;486,00;472,00;486,00;483,94186046512;-2,02;8;172,00000;83238,00;HRK;HRK
XZAG;KOEI;HRKOEIRA0009;2020-06-09;CT;490,00;496,00;490,00;496,00;495,62500000000;0,00;2;320,00000;158600,00;HRK;HRK
XZAG;KOEI;HRKOEIRA0009;2020-06-08;CT;488,00;496,00;486,00;496,00;491,63842662632;1,22;15;1322,00000;649946,00;HRK;HRK
XZAG;KOEI;HRKOEIRA0009;2020-06-04;CT;500,00;500,00;490,00;490,00;492,61691542289;-2,00;5;201,00000;99016,00;HRK;HRK
XZAG;KOEI;HRKOEIRA0009;2020-06-03;CT;490,00;505,00;490,00;500,00;496,51335311573;2,88;17;337,00000;167325,00;HRK;HRK
XZAG;KOEI;HRKOEIRA0009;2020-06-02;CT;480,00;486,00;480,00;486,00;483,39726027397;2,97;10;292,00000;141152,00;HRK;HRK
XZAG;KOEI;HRKOEIRA0009;2020-06-01;CT;472,00;472,00;472,00;472,00;472,00000000000;2,61;1;25,00000;11800,00;HRK;HRK
XZAG;KOEI;HRKOEIRA0009;2020-05-29;CT;452,00;460,00;452,00;460,00;459,29238329238;0,88;6;407,00000;186932,00;HRK;HRK
XZAG;KOEI;HRKOEIRA0009;2020-05-28;CT;456,00;456,00;452,00;456,00;453,02028985507;0,88;8;345,00000;156292,00;HRK;HRK
XZAG;KOEI;HRKOEIRA0009;2020-05-27;CT;448,00;452,00;446,00;452,00;448,54889589905;1,35;7;317,00000;142190,00;HRK;HRK
XZAG;KOEI;HRKOEIRA0009;2020-05-26;CT;446,00;456,00;442,00;446,00;449,78350515464;-0,45;19;388,00000;174516,00;HRK;HRK
XZAG;KOEI;HRKOEIRA0009;2020-05-25;CT;442,00;448,00;442,00;448,00;443,68292682927;0,00;3;82,00000;36382,00;HRK;HRK
XZAG;KOEI;HRKOEIRA0009;2020-05-22;CT;448,00;448,00;448,00;448,00;448,00000000000;1,82;1;6,00000;2688,00;HRK;HRK
XZAG;KOEI;HRKOEIRA0009;2020-05-20;CT;442,00;442,00;440,00;440,00;441,57746478873;0,00;4;142,00000;62704,00;HRK;HRK
XZAG;KOEI;HRKOEIRA0009;2020-05-19;CT;446,00;448,00;440,00;440,00;444,01886792453;0,92;12;318,00000;141198,00;HRK;HRK
XZAG;KOEI;HRKOEIRA0009;2020-05-18;CT;432,00;438,00;430,00;436,00;433,56815114710;0,93;12;741,00000;321274,00;HRK;HRK
XZAG;KOEI;HRKOEIRA0009;2020-05-15;CT;432,00;432,00;430,00;432,00;431,47009966777;-1,37;20;1204,00000;519490,00;HRK;HRK
XZAG;KOEI;HRKOEIRA0009;2020-05-13;CT;440,00;440,00;438,00;438,00;438,18523489933;-0,45;9;745,00000;326448,00;HRK;HRK
XZAG;KOEI;HRKOEIRA0009;2020-05-12;CT;442,00;442,00;440,00;440,00;440,49295774648;-3,08;5;142,00000;62550,00;HRK;HRK
XZAG;KOEI;HRKOEIRA0009;2020-05-11;CT;450,00;454,00;440,00;454,00;441,13053523296;0,89;16;2597,00000;1145616,00;HRK;HRK
XZAG;KOEI;HRKOEIRA0009;2020-05-08;CT;450,00;450,00;450,00;450,00;450,00000000000;0,45;2;27,00000;12150,00;HRK;HRK
XZAG;KOEI;HRKOEIRA0009;2020-05-07;CT;452,00;452,00;448,00;448,00;449,32584269663;-0,44;5;89,00000;39990,00;HRK;HRK
XZAG;KOEI;HRKOEIRA0009;2020-05-06;CT;460,00;464,00;450,00;450,00;455,85365853659;0,00;9;205,00000;93450,00;HRK;HRK
XZAG;KOEI;HRKOEIRA0009;2020-05-05;CT;454,00;454,00;450,00;450,00;450,26168224299;-0,88;2;321,00000;144534,00;HRK;HRK
XZAG;KOEI;HRKOEIRA0009;2020-05-04;CT;454,00;454,00;454,00;454,00;454,00000000000;1,34;1;9,00000;4086,00;HRK;HRK
XZAG;KOEI;HRKOEIRA0009;2020-04-30;CT;448,00;450,00;448,00;448,00;448,33333333333;-0,44;7;96,00000;43040,00;HRK;HRK
XZAG;KOEI;HRKOEIRA0009;2020-04-29;CT;464,00;464,00;450,00;450,00;454,09090909091;-1,75;4;110,00000;49950,00;HRK;HRK
XZAG;KOEI;HRKOEIRA0009;2020-04-28;CT;458,00;458,00;458,00;458,00;458,00000000000;0,00;1;20,00000;9160,00;HRK;HRK
XZAG;KOEI;HRKOEIRA0009;2020-04-27;CT;460,00;460,00;458,00;458,00;458,56198347107;-0,43;8;121,00000;55486,00;HRK;HRK
XZAG;KOEI;HRKOEIRA0009;2020-04-24;CT;460,00;460,00;460,00;460,00;460,00000000000;1,77;1;5,00000;2300,00;HRK;HRK
XZAG;KOEI;HRKOEIRA0009;2020-04-23;CT;460,00;460,00;452,00;452,00;456,00000000000;0,89;2;10,00000;4560,00;HRK;HRK
XZAG;KOEI;HRKOEIRA0009;2020-04-22;CT;464,00;466,00;448,00;448,00;453,79182156134;-0,44;6;269,00000;122070,00;HRK;HRK
XZAG;KOEI;HRKOEIRA0009;2020-04-21;CT;454,00;454,00;450,00;450,00;451,24324324324;-0,44;9;185,00000;83480,00;HRK;HRK
XZAG;KOEI;HRKOEIRA0009;2020-04-20;CT;470,00;470,00;448,00;452,00;453,68405365127;-1,74;11;671,00000;304422,00;HRK;HRK
XZAG;KOEI;HRKOEIRA0009;2020-04-17;CT;466,00;466,00;460,00;460,00;460,59627329193;-2,13;7;322,00000;148312,00;HRK;HRK
XZAG;KOEI;HRKOEIRA0009;2020-04-16;CT;480,00;480,00;470,00;470,00;471,66666666667;-2,08;2;24,00000;11320,00;HRK;HRK
XZAG;KOEI;HRKOEIRA0009;2020-04-15;CT;480,00;480,00;480,00;480,00;480,00000000000;3,45;1;5,00000;2400,00;HRK;HRK
XZAG;KOEI;HRKOEIRA0009;2020-04-14;CT;464,00;464,00;464,00;464,00;464,00000000000;-1,28;2;93,00000;43152,00;HRK;HRK
XZAG;KOEI;HRKOEIRA0009;2020-04-09;CT;490,00;490,00;470,00;470,00;471,51658767773;0,00;3;211,00000;99490,00;HRK;HRK
XZAG;KOEI;HRKOEIRA0009;2020-04-08;CT;476,00;476,00;470,00;470,00;472,97520661157;-2,49;3;121,00000;57230,00;HRK;HRK
XZAG;KOEI;HRKOEIRA0009;2020-04-07;CT;480,00;515,00;480,00;482,00;495,47341913822;3,43;22;1787,00000;885411,00;HRK;HRK
XZAG;KOEI;HRKOEIRA0009;2020-04-06;CT;460,00;470,00;460,00;466,00;464,05773195876;5,43;17;1455,00000;675204,00;HRK;HRK
XZAG;KOEI;HRKOEIRA0009;2020-04-03;CT;454,00;458,00;442,00;442,00;447,14629258517;-0,45;15;499,00000;223126,00;HRK;HRK
XZAG;KOEI;HRKOEIRA0009;2020-04-02;CT;450,00;450,00;444,00;444,00;448,76404494382;-1,33;12;445,00000;199700,00;HRK;HRK
XZAG;KOEI;HRKOEIRA0009;2020-04-01;CT;450,00;450,00;450,00;450,00;450,00000000000;0,00;1;2000,00000;900000,00;HRK;HRK
XZAG;KOEI;HRKOEIRA0009;2020-03-31;CT;466,00;466,00;450,00;450,00;453,88159203980;0,00;9;2010,00000;912302,00;HRK;HRK
XZAG;KOEI;HRKOEIRA0009;2020-03-30;CT;454,00;454,00;450,00;450,00;450,25162256615;-1,32;15;2003,00000;901854,00;HRK;HRK
XZAG;KOEI;HRKOEIRA0009;2020-03-27;CT;480,00;482,00;456,00;456,00;467,97183098592;1,33;5;71,00000;33226,00;HRK;HRK
XZAG;KOEI;HRKOEIRA0009;2020-03-26;CT;444,00;450,00;444,00;450,00;449,87179487179;1,81;5;1170,00000;526350,00;HRK;HRK
XZAG;KOEI;HRKOEIRA0009;2020-03-25;CT;460,00;460,00;442,00;442,00;448,21052631579;-4,33;4;133,00000;59612,00;HRK;HRK
XZAG;KOEI;HRKOEIRA0009;2020-03-24;CT;458,00;462,00;458,00;462,00;460,37383177570;0,87;6;107,00000;49260,00;HRK;HRK
XZAG;KOEI;HRKOEIRA0009;2020-03-23;CT;458,00;458,00;458,00;458,00;458,00000000000;-0,43;1;1,00000;458,00;HRK;HRK
XZAG;KOEI;HRKOEIRA0009;2020-03-20;CT;478,00;478,00;456,00;460,00;459,22222222222;3,14;3;36,00000;16532,00;HRK;HRK
XZAG;KOEI;HRKOEIRA0009;2020-03-19;CT;458,00;458,00;446,00;446,00;451,45263157895;-7,08;6;95,00000;42888,00;HRK;HRK
XZAG;KOEI;HRKOEIRA0009;2020-03-18;CT;464,00;480,00;464,00;480,00;479,48387096774;-0,83;3;310,00000;148640,00;HRK;HRK
XZAG;KOEI;HRKOEIRA0009;2020-03-17;CT;464,00;484,00;464,00;484,00;474,75949367089;5,22;5;79,00000;37506,00;HRK;HRK
XZAG;KOEI;HRKOEIRA0009;2020-03-16;CT;470,00;490,00;430,00;460,00;471,81752353367;-2,13;22;2762,00000;1303160,00;HRK;HRK
XZAG;KOEI;HRKOEIRA0009;2020-03-13;BLOCK;;490,00;490,00;490,00;490,00000000000;;1;6600,00000;3234000,00;HRK;HRK
XZAG;KOEI;HRKOEIRA0009;2020-03-13;CT;472,00;490,00;466,00;470,00;483,04547350855;-6,93;46;2397,00000;1157860,00;HRK;HRK
XZAG;KOEI;HRKOEIRA0009;2020-03-12;CT;505,00;505,00;505,00;505,00;505,00000000000;-3,81;1;7,00000;3535,00;HRK;HRK
XZAG;KOEI;HRKOEIRA0009;2020-03-11;CT;535,00;535,00;510,00;525,00;522,60330578512;-4,55;8;121,00000;63235,00;HRK;HRK
XZAG;KOEI;HRKOEIRA0009;2020-03-10;CT;540,00;565,00;540,00;550,00;551,68539325843;6,80;10;534,00000;294600,00;HRK;HRK
XZAG;KOEI;HRKOEIRA0009;2020-03-09;CT;570,00;570,00;505,00;515,00;525,79710144928;-10,43;15;276,00000;145120,00;HRK;HRK
XZAG;KOEI;HRKOEIRA0009;2020-03-06;CT;580,00;580,00;565,00;575,00;578,63382250175;0,88;20;1431,00000;828025,00;HRK;HRK
XZAG;KOEI;HRKOEIRA0009;2020-03-05;CT;570,00;570,00;570,00;570,00;570,00000000000;-4,20;4;725,00000;413250,00;HRK;HRK
XZAG;KOEI;HRKOEIRA0009;2020-02-28;CT;585,00;595,00;555,00;595,00;572,14606741573;0,85;19;445,00000;254605,00;HRK;HRK
XZAG;KOEI;HRKOEIRA0009;2020-02-27;CT;595,00;595,00;590,00;590,00;590,08928571429;-1,67;9;840,00000;495675,00;HRK;HRK
XZAG;KOEI;HRKOEIRA0009;2020-02-26;CT;580,00;615,00;570,00;600,00;593,43665768194;1,69;25;1855,00000;1100825,00;HRK;HRK
XZAG;KOEI;HRKOEIRA0009;2020-02-25;CT;600,00;600,00;590,00;590,00;597,94117647059;-2,48;11;765,00000;457425,00;HRK;HRK
XZAG;KOEI;HRKOEIRA0009;2020-02-24;CT;630,00;630,00;605,00;605,00;612,30769230769;-3,97;8;143,00000;87560,00;HRK;HRK
XZAG;KOEI;HRKOEIRA0009;2020-02-21;CT;630,00;630,00;630,00;630,00;630,00000000000;0,00;3;675,00000;425250,00;HRK;HRK
XZAG;KOEI;HRKOEIRA0009;2020-02-18;CT;630,00;630,00;630,00;630,00;630,00000000000;0,00;1;471,00000;296730,00;HRK;HRK
XZAG;KOEI;HRKOEIRA0009;2020-02-17;CT;640,00;640,00;630,00;630,00;639,55720749838;0,00;7;1547,00000;989395,00;HRK;HRK
XZAG;KOEI;HRKOEIRA0009;2020-02-14;CT;630,00;630,00;630,00;630,00;630,00000000000;-0,79;1;10,00000;6300,00;HRK;HRK
XZAG;KOEI;HRKOEIRA0009;2020-02-11;CT;635,00;635,00;635,00;635,00;635,00000000000;0,79;1;40,00000;25400,00;HRK;HRK
XZAG;KOEI;HRKOEIRA0009;2020-02-06;CT;630,00;630,00;630,00;630,00;630,00000000000;0,00;2;52,00000;32760,00;HRK;HRK
XZAG;KOEI;HRKOEIRA0009;2020-02-05;CT;630,00;630,00;630,00;630,00;630,00000000000;0,00;2;15,00000;9450,00;HRK;HRK
XZAG;KOEI;HRKOEIRA0009;2020-02-04;CT;635,00;635,00;630,00;630,00;630,93220338983;-0,79;4;295,00000;186125,00;HRK;HRK
XZAG;KOEI;HRKOEIRA0009;2020-02-03;CT;630,00;635,00;630,00;635,00;632,19298245614;0,00;6;57,00000;36035,00;HRK;HRK
XZAG;KOEI;HRKOEIRA0009;2020-01-30;CT;640,00;640,00;635,00;635,00;639,58049886621;0,00;2;441,00000;282055,00;HRK;HRK
XZAG;KOEI;HRKOEIRA0009;2020-01-28;CT;640,00;640,00;635,00;635,00;636,25000000000;-1,55;2;12,00000;7635,00;HRK;HRK
XZAG;KOEI;HRKOEIRA0009;2020-01-27;CT;660,00;660,00;645,00;645,00;647,16586151369;-3,01;8;621,00000;401890,00;HRK;HRK
XZAG;KOEI;HRKOEIRA0009;2020-01-24;CT;665,00;665,00;665,00;665,00;665,00000000000;0,00;1;8,00000;5320,00;HRK;HRK
XZAG;KOEI;HRKOEIRA0009;2020-01-23;CT;660,00;665,00;660,00;665,00;660,92592592593;-0,75;2;27,00000;17845,00;HRK;HRK
XZAG;KOEI;HRKOEIRA0009;2020-01-22;CT;660,00;670,00;660,00;670,00;667,60456273764;1,52;3;263,00000;175580,00;HRK;HRK
XZAG;KOEI;HRKOEIRA0009;2020-01-21;CT;660,00;660,00;660,00;660,00;660,00000000000;0,00;6;268,00000;176880,00;HRK;HRK
XZAG;KOEI;HRKOEIRA0009;2020-01-20;CT;660,00;660,00;660,00;660,00;660,00000000000;0,00;1;12,00000;7920,00;HRK;HRK
XZAG;KOEI;HRKOEIRA0009;2020-01-17;CT;650,00;660,00;650,00;660,00;650,02217294900;2,33;4;902,00000;586320,00;HRK;HRK
XZAG;KOEI;HRKOEIRA0009;2020-01-16;CT;645,00;645,00;645,00;645,00;645,00000000000;-0,77;4;50,00000;32250,00;HRK;HRK
XZAG;KOEI;HRKOEIRA0009;2020-01-13;CT;650,00;650,00;650,00;650,00;650,00000000000;0,00;5;1065,00000;692250,00;HRK;HRK
XZAG;KOEI;HRKOEIRA0009;2020-01-10;CT;650,00;650,00;650,00;650,00;650,00000000000;0,00;1;95,00000;61750,00;HRK;HRK
XZAG;KOEI;HRKOEIRA0009;2020-01-09;CT;650,00;650,00;650,00;650,00;650,00000000000;1,56;2;320,00000;208000,00;HRK;HRK
XZAG;KOEI;HRKOEIRA0009;2020-01-07;CT;650,00;650,00;640,00;640,00;647,27272727273;-1,54;3;99,00000;64080,00;HRK;HRK
XZAG;KOEI;HRKOEIRA0009;2020-01-03;CT;650,00;650,00;650,00;650,00;650,00000000000;-1,52;1;135,00000;87750,00;HRK;HRK
XZAG;KOEI;HRKOEIRA0009;2020-01-02;CT;635,00;660,00;635,00;660,00;650,26136363636;3,94;10;440,00000;286115,00;HRK;HRK
