mic;symbol;isin;date;trading_model_id;open_price;high_price;low_price;last_price;vwap_price;change_prev_close_percentage;num_trades;volume;turnover;price_currency;turnover_currency
XZAG;PODR;HRPODRRA0004;2026-08-07;CT;157,00;157,00;156,50;156,50;156,88095238095;0,32;6;42,00000;6589,00;EUR;EUR
XZAG;PODR;HRPODRRA0004;2026-08-06;CT;156,00;156,00;156,00;156,00;156,00000000000;1,30;2;8,00000;1248,00;EUR;EUR
XZAG;PODR;HRPODRRA0004;2026-08-04;CT;155,00;155,00;154,00;154,00;154,98522167488;-0,65;12;406,00000;62924,00;EUR;EUR
XZAG;PODR;HRPODRRA0004;2026-08-03;CT;156,00;156,00;155,00;155,00;155,54545454545;-0,96;2;11,00000;1711,00;EUR;EUR
XZAG;PODR;HRPODRRA0004;2026-07-31;CT;156,50;156,50;156,50;156,50;156,50000000000;0,97;1;2,00000;313,00;EUR;EUR
XZAG;PODR;HRPODRRA0004;2026-07-30;CT;155,00;155,00;155,00;155,00;155,00000000000;0,00;9;320,00000;49600,00;EUR;EUR
XZAG;PODR;HRPODRRA0004;2026-07-29;CT;153,00;155,00;153,00;155,00;153,31578947368;0,65;5;95,00000;14565,00;EUR;EUR
XZAG;PODR;HRPODRRA0004;2026-07-28;CT;155,50;157,00;154,00;154,00;155,08665338645;-1,28;23;502,00000;77853,50;EUR;EUR
XZAG;PODR;HRPODRRA0004;2026-07-27;CT;158,50;158,50;156,00;156,00;156,83163265306;-1,58;15;588,00000;92217,00;EUR;EUR
XZAG;PODR;HRPODRRA0004;2026-07-24;CT;156,00;158,50;156,00;158,50;156,91487839771;1,28;15;699,00000;109683,50;EUR;EUR
XZAG;PODR;HRPODRRA0004;2026-07-23;CT;157,00;157,00;156,50;156,50;156,81481481481;-0,32;4;135,00000;21170,00;EUR;EUR
XZAG;PODR;HRPODRRA0004;2026-07-22;CT;157,00;158,00;157,00;157,00;157,51758793970;0,00;8;199,00000;31346,00;EUR;EUR
XZAG;PODR;HRPODRRA0004;2026-07-21;CT;158,50;158,50;157,00;157,00;157,72108843537;-0,63;15;441,00000;69555,00;EUR;EUR
XZAG;PODR;HRPODRRA0004;2026-07-20;CT;159,00;159,00;158,00;158,00;158,35759493671;-0,63;10;316,00000;50041,00;EUR;EUR
XZAG;PODR;HRPODRRA0004;2026-07-17;CT;159,00;159,00;159,00;159,00;159,00000000000;-0,63;1;10,00000;1590,00;EUR;EUR
XZAG;PODR;HRPODRRA0004;2026-07-16;CT;160,00;160,00;158,00;160,00;158,12217194570;0,00;6;221,00000;34945,00;EUR;EUR
XZAG;PODR;HRPODRRA0004;2026-07-15;CT;160,50;160,50;160,00;160,00;160,25000000000;-0,31;2;20,00000;3205,00;EUR;EUR
XZAG;PODR;HRPODRRA0004;2026-07-14;CT;161,00;161,50;159,50;160,50;160,16971544715;-0,62;10;492,00000;78803,50;EUR;EUR
XZAG;PODR;HRPODRRA0004;2026-07-13;CT;161,00;162,00;161,00;161,50;161,67241379310;-0,31;12;754,00000;121901,00;EUR;EUR
XZAG;PODR;HRPODRRA0004;2026-07-10;CT;162,50;163,00;162,00;162,00;162,28064516129;-0,61;9;155,00000;25153,50;EUR;EUR
XZAG;PODR;HRPODRRA0004;2026-07-09;CT;162,00;163,00;162,00;163,00;162,68304843305;0,31;9;702,00000;114203,50;EUR;EUR
XZAG;PODR;HRPODRRA0004;2026-07-08;CT;162,00;162,50;160,00;162,50;160,94657534247;-0,31;12;730,00000;117491,00;EUR;EUR
XZAG;PODR;HRPODRRA0004;2026-07-07;CT;158,50;163,00;158,50;163,00;160,55585106383;2,52;14;564,00000;90553,50;EUR;EUR
XZAG;PODR;HRPODRRA0004;2026-07-06;CT;157,00;159,00;156,00;159,00;157,95880149813;0,63;8;267,00000;42175,00;EUR;EUR
XZAG;PODR;HRPODRRA0004;2026-07-03;CT;157,00;159,00;155,50;158,00;157,17769376181;1,28;10;529,00000;83147,00;EUR;EUR
XZAG;PODR;HRPODRRA0004;2026-07-02;CT;157,00;157,00;155,50;156,00;155,60000000000;0,00;6;105,00000;16338,00;EUR;EUR
XZAG;PODR;HRPODRRA0004;2026-07-01;CT;156,00;156,00;155,00;156,00;155,58791208791;0,00;8;364,00000;56634,00;EUR;EUR
XZAG;PODR;HRPODRRA0004;2026-06-30;CT;157,00;158,50;156,00;156,00;156,81711822660;0,00;16;812,00000;127335,50;EUR;EUR
XZAG;PODR;HRPODRRA0004;2026-06-29;CT;159,00;159,00;156,00;156,00;157,69209809264;-2,80;14;367,00000;57873,00;EUR;EUR
XZAG;PODR;HRPODRRA0004;2026-06-26;CT;163,00;163,00;160,50;160,50;161,936695278970;-2,73;14;466,00000;75462,50;EUR;EUR
XZAG;PODR;HRPODRRA0004;2026-06-25;CT;163,00;165,00;163,00;165,00;163,356537530270;1,54;22;826,00000;134932,50;EUR;EUR
XZAG;PODR;HRPODRRA0004;2026-06-24;CT;168,00;168,50;162,50;162,50;165,637013502780;-3,27;31;1259,00000;208537,00;EUR;EUR
XZAG;PODR;HRPODRRA0004;2026-06-23;CT;161,00;168,00;159,00;168,00;163,760760401720;4,02;31;1394,00000;228282,50;EUR;EUR
XZAG;PODR;HRPODRRA0004;2026-06-19;CT;156,00;161,50;156,00;161,50;158,907755102040;3,53;40;1225,00000;194662,00;EUR;EUR
XZAG;PODR;HRPODRRA0004;2026-06-18;CT;152,50;156,00;152,50;156,00;153,855440414510;4,35;26;965,00000;148470,50;EUR;EUR
XZAG;PODR;HRPODRRA0004;2026-06-17;CT;151,00;151,00;149,50;149,50;150,691031390130;-1,32;11;1115,00000;168020,50;EUR;EUR
XZAG;PODR;HRPODRRA0004;2026-06-16;CT;151,00;151,50;150,00;151,50;150,858447488580;0,33;13;1095,00000;165190,00;EUR;EUR
XZAG;PODR;HRPODRRA0004;2026-06-15;CT;151,50;151,50;151,00;151,00;151,425130208330;-0,66;8;768,00000;116294,50;EUR;EUR
XZAG;PODR;HRPODRRA0004;2026-06-12;CT;150,50;153,00;150,50;152,00;152,036340852130;1,00;15;1197,00000;181987,50;EUR;EUR
XZAG;PODR;HRPODRRA0004;2026-06-11;CT;151,50;151,50;150,50;150,50;150,660818713450;-0,33;7;171,00000;25763,00;EUR;EUR
XZAG;PODR;HRPODRRA0004;2026-06-10;CT;151,00;153,00;151,00;151,00;151,625000000000;-0,66;8;192,00000;29112,00;EUR;EUR
XZAG;PODR;HRPODRRA0004;2026-06-09;CT;149,50;152,00;149,50;152,00;149,950064850840;1,67;16;771,00000;115611,50;EUR;EUR
XZAG;PODR;HRPODRRA0004;2026-06-08;CT;150,00;150,00;149,00;149,50;149,972503617940;0,34;13;691,00000;103631,00;EUR;EUR
XZAG;PODR;HRPODRRA0004;2026-06-05;CT;149,00;149,00;149,00;149,00;149,000000000000;-0,67;1;19,00000;2831,00;EUR;EUR
XZAG;PODR;HRPODRRA0004;2026-06-03;CT;148,00;150,00;148,00;150,00;148,944444444440;1,35;17;657,00000;97856,50;EUR;EUR
XZAG;PODR;HRPODRRA0004;2026-06-02;CT;149,00;149,00;148,00;148,00;148,352500000000;-0,67;16;600,00000;89011,50;EUR;EUR
XZAG;PODR;HRPODRRA0004;2026-06-01;CT;150,00;150,00;149,00;149,00;149,085714285710;0,00;12;140,00000;20872,00;EUR;EUR
XZAG;PODR;HRPODRRA0004;2026-05-29;CT;149,00;149,00;148,50;149,00;148,919191919190;0,68;6;99,00000;14743,00;EUR;EUR
XZAG;PODR;HRPODRRA0004;2026-05-28;CT;148,50;148,50;148,00;148,00;148,368421052630;-0,67;6;95,00000;14095,00;EUR;EUR
XZAG;PODR;HRPODRRA0004;2026-05-27;CT;151,00;151,00;149,00;149,00;149,958584337350;-1,32;25;1328,00000;199145,00;EUR;EUR
XZAG;PODR;HRPODRRA0004;2026-05-25;CT;150,00;151,00;149,00;151,00;150,100892857140;0,00;14;560,00000;84056,50;EUR;EUR
XZAG;PODR;HRPODRRA0004;2026-05-22;CT;150,00;151,50;150,00;151,00;151,212209302330;0,67;8;172,00000;26008,50;EUR;EUR
XZAG;PODR;HRPODRRA0004;2026-05-21;BLOCK;;150,00;150,00;150,00;150,000000000000;;1;4500,00000;675000,00;EUR;EUR
XZAG;PODR;HRPODRRA0004;2026-05-21;CT;150,00;150,00;150,00;150,00;150,000000000000;-0,66;4;104,00000;15600,00;EUR;EUR
XZAG;PODR;HRPODRRA0004;2026-05-20;CT;151,00;151,00;151,00;151,00;151,000000000000;-0,66;3;235,00000;35485,00;EUR;EUR
XZAG;PODR;HRPODRRA0004;2026-05-19;CT;151,50;152,00;151,50;152,00;151,514285714290;0,66;6;140,00000;21212,00;EUR;EUR
XZAG;PODR;HRPODRRA0004;2026-05-18;CT;151,00;151,50;151,00;151,00;151,019230769230;0,00;4;26,00000;3926,50;EUR;EUR
XZAG;PODR;HRPODRRA0004;2026-05-15;CT;150,00;151,00;150,00;151,00;150,041791044780;0,00;10;335,00000;50264,00;EUR;EUR
XZAG;PODR;HRPODRRA0004;2026-05-14;CT;151,00;151,00;149,50;151,00;150,594594594590;-0,66;8;74,00000;11144,00;EUR;EUR
XZAG;PODR;HRPODRRA0004;2026-05-13;CT;152,00;152,00;150,00;152,00;151,592000000000;1,00;4;125,00000;18949,00;EUR;EUR
XZAG;PODR;HRPODRRA0004;2026-05-12;CT;152,50;152,50;149,50;150,50;150,891856677520;-2,27;32;1535,00000;231619,00;EUR;EUR
XZAG;PODR;HRPODRRA0004;2026-05-11;CT;153,00;154,00;153,00;154,00;153,295857988170;-0,32;4;169,00000;25907,00;EUR;EUR
XZAG;PODR;HRPODRRA0004;2026-05-08;CT;154,50;154,50;153,50;154,50;154,065040650410;0,32;9;246,00000;37900,00;EUR;EUR
XZAG;PODR;HRPODRRA0004;2026-05-07;CT;154,00;154,00;154,00;154,00;154,000000000000;0,00;4;111,00000;17094,00;EUR;EUR
XZAG;PODR;HRPODRRA0004;2026-05-06;CT;153,00;154,00;153,00;154,00;153,343750000000;0,65;9;128,00000;19628,00;EUR;EUR
XZAG;PODR;HRPODRRA0004;2026-05-05;CT;150,50;153,00;150,50;153,00;151,523972602740;1,32;7;292,00000;44245,00;EUR;EUR
XZAG;PODR;HRPODRRA0004;2026-05-04;CT;151,50;153,50;151,00;151,00;151,973544973540;-1,95;10;189,00000;28723,00;EUR;EUR
XZAG;PODR;HRPODRRA0004;2026-04-30;CT;153,50;154,00;152,00;154,00;152,304166666670;0,65;8;120,00000;18276,50;EUR;EUR
XZAG;PODR;HRPODRRA0004;2026-04-29;CT;153,50;153,50;153,00;153,00;153,043378995430;0,00;3;219,00000;33516,50;EUR;EUR
XZAG;PODR;HRPODRRA0004;2026-04-28;CT;152,50;155,00;152,00;153,00;152,759230769230;0,33;20;650,00000;99293,50;EUR;EUR
XZAG;PODR;HRPODRRA0004;2026-04-27;CT;153,00;153,00;152,00;152,50;152,453974895400;-1,61;11;239,00000;36436,50;EUR;EUR
XZAG;PODR;HRPODRRA0004;2026-04-24;CT;154,00;155,00;154,00;155,00;154,721311475410;0,32;6;61,00000;9438,00;EUR;EUR
XZAG;PODR;HRPODRRA0004;2026-04-23;CT;154,00;154,50;154,00;154,50;154,080645161290;1,64;5;31,00000;4776,50;EUR;EUR
XZAG;PODR;HRPODRRA0004;2026-04-22;CT;153,00;153,00;152,00;152,00;152,115942028990;0,00;4;69,00000;10496,00;EUR;EUR
XZAG;PODR;HRPODRRA0004;2026-04-21;CT;153,00;153,50;152,00;152,00;152,816265060240;-0,65;4;166,00000;25367,50;EUR;EUR
XZAG;PODR;HRPODRRA0004;2026-04-20;CT;152,00;153,50;151,50;153,00;152,307317073170;0,66;6;205,00000;31223,00;EUR;EUR
XZAG;PODR;HRPODRRA0004;2026-04-17;CT;153,00;154,00;152,00;152,00;152,682539682540;-0,65;7;315,00000;48095,00;EUR;EUR
XZAG;PODR;HRPODRRA0004;2026-04-16;BLOCK;;152,00;152,00;152,00;152,000000000000;;1;5000,00000;760000,00;EUR;EUR
XZAG;PODR;HRPODRRA0004;2026-04-16;CT;153,00;153,00;153,00;153,00;153,000000000000;1,32;4;46,00000;7038,00;EUR;EUR
XZAG;PODR;HRPODRRA0004;2026-04-15;CT;151,00;154,00;151,00;151,00;151,302919708030;-0,98;7;137,00000;20728,50;EUR;EUR
XZAG;PODR;HRPODRRA0004;2026-04-14;CT;153,00;155,00;152,50;152,50;153,674057649670;-0,33;17;451,00000;69307,00;EUR;EUR
XZAG;PODR;HRPODRRA0004;2026-04-13;CT;153,00;153,50;152,50;153,00;153,140410958900;0,33;7;292,00000;44717,00;EUR;EUR
XZAG;PODR;HRPODRRA0004;2026-04-10;CT;152,50;152,50;152,50;152,50;152,500000000000;0,00;2;6,00000;915,00;EUR;EUR
XZAG;PODR;HRPODRRA0004;2026-04-09;CT;152,00;152,50;150,50;152,50;152,286885245900;0,66;12;305,00000;46447,50;EUR;EUR
XZAG;PODR;HRPODRRA0004;2026-04-08;CT;152,00;152,50;151,50;151,50;151,921875000000;1,00;17;320,00000;48615,00;EUR;EUR
XZAG;PODR;HRPODRRA0004;2026-04-07;CT;150,00;152,00;150,00;150,00;150,351706036750;0,67;15;381,00000;57284,00;EUR;EUR
XZAG;PODR;HRPODRRA0004;2026-04-02;CT;149,00;149,00;149,00;149,00;149,000000000000;-0,67;5;231,00000;34419,00;EUR;EUR
XZAG;PODR;HRPODRRA0004;2026-04-01;CT;150,00;151,50;150,00;150,00;150,244075829380;0,67;9;211,00000;31701,50;EUR;EUR
XZAG;PODR;HRPODRRA0004;2026-03-31;CT;151,00;151,00;149,00;149,00;150,317073170730;-1,65;13;615,00000;92445,00;EUR;EUR
XZAG;PODR;HRPODRRA0004;2026-03-30;CT;153,00;153,00;151,50;151,50;151,651515151520;-0,98;5;264,00000;40036,00;EUR;EUR
XZAG;PODR;HRPODRRA0004;2026-03-27;CT;153,00;153,00;153,00;153,00;153,000000000000;-0,65;2;27,00000;4131,00;EUR;EUR
XZAG;PODR;HRPODRRA0004;2026-03-26;CT;152,50;154,00;152,50;154,00;153,247237569060;0,00;8;724,00000;110951,00;EUR;EUR
XZAG;PODR;HRPODRRA0004;2026-03-25;CT;152,50;154,50;152,50;154,00;152,947874899760;1,99;12;1247,00000;190726,00;EUR;EUR
XZAG;PODR;HRPODRRA0004;2026-03-24;CT;153,00;153,00;151,00;151,00;152,576158940400;-1,63;8;604,00000;92156,00;EUR;EUR
XZAG;PODR;HRPODRRA0004;2026-03-23;CT;151,00;155,00;145,00;153,50;151,461864406780;-0,65;44;1652,00000;250215,00;EUR;EUR
XZAG;PODR;HRPODRRA0004;2026-03-20;CT;149,50;155,00;149,50;154,50;152,705533596840;4,75;27;1518,00000;231807,00;EUR;EUR
XZAG;PODR;HRPODRRA0004;2026-03-19;CT;148,00;148,00;144,50;147,50;145,858422939070;-1,67;18;837,00000;122083,50;EUR;EUR
XZAG;PODR;HRPODRRA0004;2026-03-18;CT;148,00;150,00;147,50;150,00;149,540885860310;1,69;13;1174,00000;175561,00;EUR;EUR
XZAG;PODR;HRPODRRA0004;2026-03-17;CT;148,00;148,00;147,50;147,50;147,620000000000;-1,34;3;50,00000;7381,00;EUR;EUR
XZAG;PODR;HRPODRRA0004;2026-03-16;CT;147,50;149,50;147,50;149,50;148,350574712640;0,67;5;87,00000;12906,50;EUR;EUR
XZAG;PODR;HRPODRRA0004;2026-03-13;CT;146,00;148,50;146,00;148,50;147,495689655170;1,02;12;580,00000;85547,50;EUR;EUR
XZAG;PODR;HRPODRRA0004;2026-03-12;CT;145,00;149,00;145,00;147,00;146,473747980610;0,68;21;1238,00000;181334,50;EUR;EUR
XZAG;PODR;HRPODRRA0004;2026-03-11;CT;143,00;146,00;143,00;146,00;144,716200466200;1,74;17;858,00000;124166,50;EUR;EUR
XZAG;PODR;HRPODRRA0004;2026-03-10;CT;143,50;145,50;143,50;143,50;144,055555555560;1,77;13;351,00000;50563,50;EUR;EUR
XZAG;PODR;HRPODRRA0004;2026-03-09;CT;143,50;143,50;140,50;141,00;141,764239577220;-3,42;53;1703,00000;241424,50;EUR;EUR
XZAG;PODR;HRPODRRA0004;2026-03-06;CT;148,50;149,50;146,00;146,00;147,707395498390;-2,67;9;311,00000;45937,00;EUR;EUR
XZAG;PODR;HRPODRRA0004;2026-03-05;CT;148,00;151,00;148,00;150,00;149,887365328110;2,39;24;1021,00000;153035,00;EUR;EUR
XZAG;PODR;HRPODRRA0004;2026-03-04;CT;142,50;148,00;142,50;146,50;145,622068965520;2,45;32;725,00000;105576,00;EUR;EUR
XZAG;PODR;HRPODRRA0004;2026-03-03;CT;146,50;146,50;142,50;143,00;143,539906103290;-3,05;26;852,00000;122296,00;EUR;EUR
XZAG;PODR;HRPODRRA0004;2026-03-02;CT;148,00;148,00;143,00;147,50;145,350915750920;-1,34;45;1365,00000;198404,00;EUR;EUR
XZAG;PODR;HRPODRRA0004;2026-02-27;CT;150,00;150,00;147,00;149,50;148,103459972860;0,67;31;1474,00000;218304,50;EUR;EUR
XZAG;PODR;HRPODRRA0004;2026-02-26;CT;148,50;152,00;148,00;148,50;150,098837209300;0,34;24;860,00000;129085,00;EUR;EUR
XZAG;PODR;HRPODRRA0004;2026-02-25;CT;150,50;150,50;147,50;148,00;148,309549945120;-1,66;19;911,00000;135110,00;EUR;EUR
XZAG;PODR;HRPODRRA0004;2026-02-24;CT;151,00;151,00;150,00;150,50;150,182984790870;-0,33;18;1052,00000;157992,50;EUR;EUR
XZAG;PODR;HRPODRRA0004;2026-02-23;CT;152,50;152,50;151,00;151,00;151,252500000000;0,00;16;400,00000;60501,00;EUR;EUR
XZAG;PODR;HRPODRRA0004;2026-02-20;BLOCK;;150,00;150,00;150,00;150,000000000000;;1;10000,00000;1500000,00;EUR;EUR
XZAG;PODR;HRPODRRA0004;2026-02-20;CT;152,50;152,50;150,00;151,00;150,812524930200;-1,95;28;2507,00000;378087,00;EUR;EUR
XZAG;PODR;HRPODRRA0004;2026-02-19;CT;153,00;154,00;152,50;154,00;153,025000000000;0,65;8;260,00000;39786,50;EUR;EUR
XZAG;PODR;HRPODRRA0004;2026-02-18;CT;153,00;153,00;153,00;153,00;153,000000000000;0,00;5;155,00000;23715,00;EUR;EUR
XZAG;PODR;HRPODRRA0004;2026-02-17;CT;153,00;153,00;152,00;153,00;152,349397590360;-0,33;6;83,00000;12645,00;EUR;EUR
XZAG;PODR;HRPODRRA0004;2026-02-16;CT;155,50;156,50;153,50;153,50;155,070524412300;-0,97;19;553,00000;85754,00;EUR;EUR
XZAG;PODR;HRPODRRA0004;2026-02-13;CT;153,00;155,00;152,00;155,00;153,910313901350;1,31;15;446,00000;68644,00;EUR;EUR
XZAG;PODR;HRPODRRA0004;2026-02-12;CT;153,50;153,50;153,00;153,00;153,083333333330;0,99;3;12,00000;1837,00;EUR;EUR
XZAG;PODR;HRPODRRA0004;2026-02-11;CT;153,00;153,00;151,00;151,50;151,647326732670;0,00;23;2525,00000;382909,50;EUR;EUR
XZAG;PODR;HRPODRRA0004;2026-02-10;CT;153,00;153,00;151,50;151,50;152,218475073310;-0,98;11;341,00000;51906,50;EUR;EUR
XZAG;PODR;HRPODRRA0004;2026-02-09;CT;154,00;154,00;152,50;153,00;153,437694704050;-0,65;10;321,00000;49253,50;EUR;EUR
XZAG;PODR;HRPODRRA0004;2026-02-06;CT;152,00;154,00;152,00;154,00;152,202970297030;0,98;10;202,00000;30745,00;EUR;EUR
XZAG;PODR;HRPODRRA0004;2026-02-05;CT;152,50;152,50;152,00;152,50;152,202247191010;-0,97;6;89,00000;13546,00;EUR;EUR
XZAG;PODR;HRPODRRA0004;2026-02-04;CT;153,00;154,00;153,00;154,00;153,146341463410;0,00;4;41,00000;6279,00;EUR;EUR
XZAG;PODR;HRPODRRA0004;2026-02-03;CT;153,00;154,50;153,00;154,00;153,527131782950;0,65;11;387,00000;59415,00;EUR;EUR
XZAG;PODR;HRPODRRA0004;2026-02-02;CT;153,00;153,00;150,50;153,00;152,061946902650;0,00;16;339,00000;51549,00;EUR;EUR
XZAG;PODR;HRPODRRA0004;2026-01-30;CT;151,50;153,00;150,50;153,00;151,437500000000;0,00;5;64,00000;9692,00;EUR;EUR
XZAG;PODR;HRPODRRA0004;2026-01-29;CT;152,00;153,00;150,50;153,00;151,500000000000;1,32;10;96,00000;14544,00;EUR;EUR
XZAG;PODR;HRPODRRA0004;2026-01-28;CT;152,00;152,00;150,50;151,00;151,154855643040;-0,66;22;381,00000;57590,00;EUR;EUR
XZAG;PODR;HRPODRRA0004;2026-01-27;CT;153,00;154,00;152,00;152,00;152,534693877550;-0,65;15;245,00000;37371,00;EUR;EUR
XZAG;PODR;HRPODRRA0004;2026-01-26;CT;154,00;155,00;153,00;153,00;154,104972375690;-1,61;11;181,00000;27893,00;EUR;EUR
XZAG;PODR;HRPODRRA0004;2026-01-23;BLOCK;;154,00;154,00;154,00;154,000000000000;;1;4000,00000;616000,00;EUR;EUR
XZAG;PODR;HRPODRRA0004;2026-01-23;CT;155,00;155,50;154,00;155,50;154,590909090910;0,32;3;22,00000;3401,00;EUR;EUR
XZAG;PODR;HRPODRRA0004;2026-01-22;CT;153,50;155,50;152,00;155,00;154,282505910170;2,65;19;423,00000;65261,50;EUR;EUR
XZAG;PODR;HRPODRRA0004;2026-01-21;CT;154,00;154,00;151,00;151,00;151,367439516130;-2,89;21;1984,00000;300313,00;EUR;EUR
XZAG;PODR;HRPODRRA0004;2026-01-20;CT;155,50;155,50;155,50;155,50;155,500000000000;-0,64;1;6,00000;933,00;EUR;EUR
XZAG;PODR;HRPODRRA0004;2026-01-19;CT;155,00;156,50;154,00;156,50;154,888461538460;0,97;11;130,00000;20135,50;EUR;EUR
XZAG;PODR;HRPODRRA0004;2026-01-16;CT;158,00;158,00;155,00;155,00;155,899822695040;-1,90;16;564,00000;87927,50;EUR;EUR
XZAG;PODR;HRPODRRA0004;2026-01-15;BLOCK;;155,00;155,00;155,00;155,000000000000;;1;2000,00000;310000,00;EUR;EUR
XZAG;PODR;HRPODRRA0004;2026-01-15;CT;155,50;159,00;155,50;158,00;157,762254901960;1,28;21;408,00000;64367,00;EUR;EUR
XZAG;PODR;HRPODRRA0004;2026-01-14;BLOCK;;154,00;154,00;154,00;154,000000000000;;1;5000,00000;770000,00;EUR;EUR
XZAG;PODR;HRPODRRA0004;2026-01-14;CT;157,00;157,00;155,00;156,00;156,333850931680;-1,27;17;644,00000;100679,00;EUR;EUR
XZAG;PODR;HRPODRRA0004;2026-01-13;CT;157,50;158,00;157,50;158,00;157,930147058820;0,64;9;408,00000;64435,50;EUR;EUR
XZAG;PODR;HRPODRRA0004;2026-01-12;CT;156,50;157,00;156,00;157,00;156,406250000000;0,00;8;64,00000;10010,00;EUR;EUR
XZAG;PODR;HRPODRRA0004;2026-01-09;CT;155,00;157,00;155,00;157,00;155,200000000000;0,32;2;10,00000;1552,00;EUR;EUR
XZAG;PODR;HRPODRRA0004;2026-01-08;CT;154,00;156,50;154,00;156,50;155,559210526320;0,32;10;380,00000;59112,50;EUR;EUR
XZAG;PODR;HRPODRRA0004;2026-01-07;CT;156,00;156,00;156,00;156,00;156,000000000000;0,97;1;10,00000;1560,00;EUR;EUR
XZAG;PODR;HRPODRRA0004;2026-01-05;CT;155,50;155,50;154,50;154,50;154,503690036900;0,32;5;271,00000;41870,50;EUR;EUR
XZAG;PODR;HRPODRRA0004;2026-01-02;CT;151,50;154,00;151,50;154,00;153,186612576060;2,67;13;493,00000;75521,00;EUR;EUR
XZAG;PODR;HRPODRRA0004;2025-12-30;CT;150,50;154,00;150,00;150,00;151,501716247140;0,33;35;1748,00000;264825,00;EUR;EUR
XZAG;PODR;HRPODRRA0004;2025-12-29;CT;151,50;151,50;149,50;149,50;150,114686468650;-0,99;22;606,00000;90969,50;EUR;EUR
XZAG;PODR;HRPODRRA0004;2025-12-23;CT;150,00;151,00;150,00;151,00;150,290393013100;0,67;20;458,00000;68833,00;EUR;EUR
XZAG;PODR;HRPODRRA0004;2025-12-22;CT;153,00;155,00;150,00;150,00;150,831957060280;-1,64;40;1211,00000;182657,50;EUR;EUR
XZAG;PODR;HRPODRRA0004;2025-12-19;CT;154,00;154,00;152,50;152,50;152,990942028990;-1,29;20;276,00000;42225,50;EUR;EUR
XZAG;PODR;HRPODRRA0004;2025-12-18;CT;153,00;154,50;152,50;154,50;153,090909090910;0,98;3;11,00000;1684,00;EUR;EUR
XZAG;PODR;HRPODRRA0004;2025-12-17;CT;155,00;155,00;151,00;153,00;152,894833948340;-0,65;17;542,00000;82869,00;EUR;EUR
XZAG;PODR;HRPODRRA0004;2025-12-16;CT;153,00;154,00;153,00;154,00;153,130434782610;0,98;9;299,00000;45786,00;EUR;EUR
XZAG;PODR;HRPODRRA0004;2025-12-15;CT;154,00;157,00;152,50;152,50;154,223059096180;-0,33;31;863,00000;133094,50;EUR;EUR
XZAG;PODR;HRPODRRA0004;2025-12-12;CT;155,00;155,00;153,00;153,00;154,100917431190;-1,29;10;545,00000;83985,00;EUR;EUR
XZAG;PODR;HRPODRRA0004;2025-12-11;CT;160,00;160,00;155,00;155,00;156,531939605110;-3,13;17;861,00000;134774,00;EUR;EUR
XZAG;PODR;HRPODRRA0004;2025-12-10;CT;161,00;161,00;160,00;160,00;160,363636363640;1,27;2;11,00000;1764,00;EUR;EUR
XZAG;PODR;HRPODRRA0004;2025-12-09;BLOCK;;157,00;157,00;157,00;157,000000000000;;2;5600,00000;879200,00;EUR;EUR
XZAG;PODR;HRPODRRA0004;2025-12-09;CT;159,00;160,00;158,00;158,00;158,850478468900;-1,25;14;418,00000;66399,50;EUR;EUR
XZAG;PODR;HRPODRRA0004;2025-12-08;CT;160,00;160,00;160,00;160,00;160,000000000000;0,00;1;5,00000;800,00;EUR;EUR
XZAG;PODR;HRPODRRA0004;2025-12-05;CT;160,00;160,00;159,50;160,00;159,907303370790;0,00;6;178,00000;28463,50;EUR;EUR
XZAG;PODR;HRPODRRA0004;2025-12-04;CT;160,00;162,00;160,00;160,00;160,500000000000;0,00;4;12,00000;1926,00;EUR;EUR
XZAG;PODR;HRPODRRA0004;2025-12-03;CT;160,00;160,00;160,00;160,00;160,000000000000;0,00;5;212,00000;33920,00;EUR;EUR
XZAG;PODR;HRPODRRA0004;2025-12-02;CT;159,00;160,00;159,00;160,00;159,532710280370;0,63;4;107,00000;17070,00;EUR;EUR
XZAG;PODR;HRPODRRA0004;2025-12-01;CT;159,00;159,00;159,00;159,00;159,000000000000;0,32;4;20,00000;3180,00;EUR;EUR
XZAG;PODR;HRPODRRA0004;2025-11-28;BLOCK;;158,50;158,50;158,50;158,500000000000;;1;6196,00000;982066,00;EUR;EUR
XZAG;PODR;HRPODRRA0004;2025-11-27;CT;159,00;159,00;158,50;158,50;158,954545454550;-0,94;4;110,00000;17485,00;EUR;EUR
XZAG;PODR;HRPODRRA0004;2025-11-26;CT;160,00;160,00;160,00;160,00;160,000000000000;0,00;2;2,00000;320,00;EUR;EUR
XZAG;PODR;HRPODRRA0004;2025-11-25;CT;160,50;160,50;160,00;160,00;160,012820512820;-1,84;6;312,00000;49924,00;EUR;EUR
XZAG;PODR;HRPODRRA0004;2025-11-24;CT;160,00;163,00;159,50;163,00;161,073938506590;1,88;20;683,00000;110013,50;EUR;EUR
XZAG;PODR;HRPODRRA0004;2025-11-21;CT;158,00;160,00;158,00;160,00;159,311320754720;0,31;16;848,00000;135096,00;EUR;EUR
XZAG;PODR;HRPODRRA0004;2025-11-20;CT;158,50;159,50;158,50;159,50;158,533898305080;-0,31;4;59,00000;9353,50;EUR;EUR
XZAG;PODR;HRPODRRA0004;2025-11-19;CT;159,00;160,00;159,00;160,00;159,288135593220;0,63;7;59,00000;9398,00;EUR;EUR
XZAG;PODR;HRPODRRA0004;2025-11-17;CT;160,00;160,00;158,50;159,00;158,750000000000;-0,63;3;16,00000;2540,00;EUR;EUR
XZAG;PODR;HRPODRRA0004;2025-11-14;CT;161,00;161,00;158,50;160,00;159,833333333330;0,63;6;15,00000;2397,50;EUR;EUR
XZAG;PODR;HRPODRRA0004;2025-11-13;CT;161,00;161,00;159,00;159,00;160,753886010360;0,00;11;579,00000;93076,50;EUR;EUR
XZAG;PODR;HRPODRRA0004;2025-11-12;CT;159,00;161,00;159,00;159,00;159,277777777780;-1,85;3;36,00000;5734,00;EUR;EUR
XZAG;PODR;HRPODRRA0004;2025-11-11;CT;158,50;162,00;158,50;162,00;160,792145593870;1,25;8;522,00000;83933,50;EUR;EUR
XZAG;PODR;HRPODRRA0004;2025-11-10;CT;163,00;163,00;160,00;160,00;161,519189765460;-0,62;15;938,00000;151505,00;EUR;EUR
XZAG;PODR;HRPODRRA0004;2025-11-07;CT;158,00;161,00;158,00;161,00;160,217998448410;1,90;19;1289,00000;206521,00;EUR;EUR
XZAG;PODR;HRPODRRA0004;2025-11-06;CT;157,50;158,00;157,50;158,00;157,603703703700;0,32;4;135,00000;21276,50;EUR;EUR
XZAG;PODR;HRPODRRA0004;2025-11-05;CT;159,50;159,50;157,50;157,50;157,504089979550;-0,94;8;489,00000;77019,50;EUR;EUR
XZAG;PODR;HRPODRRA0004;2025-11-04;CT;158,00;159,00;157,00;159,00;157,037178265010;0,63;6;1049,00000;164732,00;EUR;EUR
XZAG;PODR;HRPODRRA0004;2025-11-03;CT;157,50;158,00;156,50;158,00;157,831521739130;0,32;6;92,00000;14520,50;EUR;EUR
XZAG;PODR;HRPODRRA0004;2025-10-31;CT;160,00;160,00;155,00;157,50;156,469954648530;-0,32;35;882,00000;138006,50;EUR;EUR
XZAG;PODR;HRPODRRA0004;2025-10-30;CT;166,00;167,00;158,00;158,00;163,911054637870;-4,82;46;2361,00000;386994,00;EUR;EUR
XZAG;PODR;HRPODRRA0004;2025-10-29;BLOCK;;166,00;166,00;166,00;166,000000000000;;1;5700,00000;946200,00;EUR;EUR
XZAG;PODR;HRPODRRA0004;2025-10-29;CT;165,00;166,00;163,50;166,00;164,474910394270;-0,30;13;279,00000;45888,50;EUR;EUR
XZAG;PODR;HRPODRRA0004;2025-10-28;CT;166,00;166,50;165,00;166,50;166,045751633990;-0,30;12;153,00000;25405,00;EUR;EUR
XZAG;PODR;HRPODRRA0004;2025-10-27;CT;165,00;167,00;163,00;167,00;163,956425406200;1,21;15;677,00000;110998,50;EUR;EUR
XZAG;PODR;HRPODRRA0004;2025-10-24;CT;168,00;168,00;165,00;165,00;165,555900621120;-1,20;23;483,00000;79963,50;EUR;EUR
XZAG;PODR;HRPODRRA0004;2025-10-23;CT;166,50;168,00;163,50;167,00;167,014201762980;1,52;28;1021,00000;170521,50;EUR;EUR
XZAG;PODR;HRPODRRA0004;2025-10-22;CT;164,00;167,50;163,50;164,50;165,438622754490;1,54;52;1336,00000;221026,00;EUR;EUR
XZAG;PODR;HRPODRRA0004;2025-10-21;CT;158,50;164,00;158,50;162,00;161,280095610600;2,53;54;2301,00000;371105,50;EUR;EUR
XZAG;PODR;HRPODRRA0004;2025-10-20;CT;158,00;158,00;157,50;158,00;157,707142857140;0,00;3;70,00000;11039,50;EUR;EUR
XZAG;PODR;HRPODRRA0004;2025-10-17;CT;159,00;159,50;157,00;158,00;158,119402985070;-0,63;11;335,00000;52970,00;EUR;EUR
XZAG;PODR;HRPODRRA0004;2025-10-16;CT;154,00;159,00;154,00;159,00;156,288702928870;2,58;23;717,00000;112059,00;EUR;EUR
XZAG;PODR;HRPODRRA0004;2025-10-15;CT;154,00;155,00;154,00;155,00;154,044176706830;0,65;5;249,00000;38357,00;EUR;EUR
XZAG;PODR;HRPODRRA0004;2025-10-14;CT;152,00;154,00;152,00;154,00;153,190721649480;0,98;12;97,00000;14859,50;EUR;EUR
XZAG;PODR;HRPODRRA0004;2025-10-13;CT;152,50;152,50;152,50;152,50;152,500000000000;0,33;4;48,00000;7320,00;EUR;EUR
XZAG;PODR;HRPODRRA0004;2025-10-10;CT;152,00;152,00;151,00;152,00;151,718309859150;0,66;6;71,00000;10772,00;EUR;EUR
XZAG;PODR;HRPODRRA0004;2025-10-09;CT;151,00;151,00;151,00;151,00;151,000000000000;-0,66;3;104,00000;15704,00;EUR;EUR
XZAG;PODR;HRPODRRA0004;2025-10-08;CT;152,00;152,00;151,00;152,00;151,530927835050;0,00;7;97,00000;14698,50;EUR;EUR
XZAG;PODR;HRPODRRA0004;2025-10-07;CT;152,50;152,50;152,00;152,00;152,471098265900;0,00;5;173,00000;26377,50;EUR;EUR
XZAG;PODR;HRPODRRA0004;2025-10-06;CT;152,00;152,00;152,00;152,00;152,000000000000;0,00;7;181,00000;27512,00;EUR;EUR
XZAG;PODR;HRPODRRA0004;2025-10-03;CT;153,50;154,00;152,00;152,00;152,189306358380;-0,98;15;346,00000;52657,50;EUR;EUR
XZAG;PODR;HRPODRRA0004;2025-10-02;CT;154,00;155,00;153,50;153,50;154,482678983830;-0,32;7;433,00000;66891,00;EUR;EUR
XZAG;PODR;HRPODRRA0004;2025-10-01;CT;152,00;154,00;152,00;154,00;153,087655601660;1,32;12;964,00000;147576,50;EUR;EUR
XZAG;PODR;HRPODRRA0004;2025-09-30;CT;152,00;152,00;151,00;152,00;151,398238747550;0,33;9;511,00000;77364,50;EUR;EUR
XZAG;PODR;HRPODRRA0004;2025-09-29;CT;150,00;151,50;150,00;151,50;150,987804878050;0,66;6;492,00000;74286,00;EUR;EUR
XZAG;PODR;HRPODRRA0004;2025-09-26;CT;150,00;152,50;149,00;150,50;150,206589307920;0,33;21;2413,00000;362448,50;EUR;EUR
XZAG;PODR;HRPODRRA0004;2025-09-25;CT;150,00;150,50;143,00;150,00;149,613756613760;0,00;23;1134,00000;169662,00;EUR;EUR
XZAG;PODR;HRPODRRA0004;2025-09-24;CT;149,00;151,00;149,00;150,00;150,223717409590;0,33;17;1189,00000;178616,00;EUR;EUR
XZAG;PODR;HRPODRRA0004;2025-09-23;CT;150,50;150,50;147,00;149,50;148,399539435810;-0,66;42;1737,00000;257770,00;EUR;EUR
XZAG;PODR;HRPODRRA0004;2025-09-22;CT;154,00;154,00;150,00;150,50;152,226910828030;-3,22;36;1256,00000;191197,00;EUR;EUR
XZAG;PODR;HRPODRRA0004;2025-09-19;CT;155,00;156,00;155,00;155,50;155,643617021280;0,65;21;940,00000;146305,00;EUR;EUR
XZAG;PODR;HRPODRRA0004;2025-09-18;CT;157,00;157,00;154,50;154,50;154,821510297480;-1,59;18;874,00000;135314,00;EUR;EUR
XZAG;PODR;HRPODRRA0004;2025-09-17;CT;156,00;157,00;155,00;157,00;155,744827586210;0,96;9;145,00000;22583,00;EUR;EUR
XZAG;PODR;HRPODRRA0004;2025-09-16;CT;158,00;158,00;155,50;155,50;156,206325301200;-1,89;21;664,00000;103721,00;EUR;EUR
XZAG;PODR;HRPODRRA0004;2025-09-15;CT;158,00;164,00;157,00;158,50;160,176650027730;0,63;57;1803,00000;288798,50;EUR;EUR
XZAG;PODR;HRPODRRA0004;2025-09-12;CT;151,00;160,50;151,00;157,50;153,719507228670;4,30;136;9822,00000;1509833,00;EUR;EUR
XZAG;PODR;HRPODRRA0004;2025-09-11;CT;151,00;151,50;150,00;151,00;150,767483562460;0,00;29;3346,00000;504468,00;EUR;EUR
XZAG;PODR;HRPODRRA0004;2025-09-10;CT;150,50;151,50;150,50;151,00;150,907851690290;0,67;21;917,00000;138382,50;EUR;EUR
XZAG;PODR;HRPODRRA0004;2025-09-09;CT;148,00;150,00;148,00;150,00;149,836893203880;1,01;14;1545,00000;231498,00;EUR;EUR
XZAG;PODR;HRPODRRA0004;2025-09-08;CT;150,50;150,50;148,50;148,50;149,645904436860;-1,33;35;1758,00000;263077,50;EUR;EUR
XZAG;PODR;HRPODRRA0004;2025-09-05;CT;149,00;150,50;148,00;150,50;149,419305189090;1,01;36;2274,00000;339779,50;EUR;EUR
XZAG;PODR;HRPODRRA0004;2025-09-04;BLOCK;;149,00;149,00;149,00;149,000000000000;;1;2300,00000;342700,00;EUR;EUR
XZAG;PODR;HRPODRRA0004;2025-09-04;CT;148,50;149,00;148,50;149,00;148,983522727270;0,34;12;880,00000;131105,50;EUR;EUR
XZAG;PODR;HRPODRRA0004;2025-09-03;CT;148,50;149,00;146,50;148,50;148,570982839310;1,02;14;641,00000;95234,00;EUR;EUR
XZAG;PODR;HRPODRRA0004;2025-09-02;CT;149,00;149,00;147,00;147,00;147,749391727490;-1,34;12;411,00000;60725,00;EUR;EUR
XZAG;PODR;HRPODRRA0004;2025-09-01;CT;146,00;149,00;145,50;149,00;147,525961538460;2,41;17;520,00000;76713,50;EUR;EUR
XZAG;PODR;HRPODRRA0004;2025-08-29;CT;146,00;146,50;145,50;145,50;146,375000000000;0,34;3;160,00000;23420,00;EUR;EUR
XZAG;PODR;HRPODRRA0004;2025-08-28;CT;146,50;146,50;145,00;145,00;146,299504950500;-0,68;5;808,00000;118210,00;EUR;EUR
XZAG;PODR;HRPODRRA0004;2025-08-27;CT;144,00;146,00;144,00;146,00;144,400000000000;1,04;3;25,00000;3610,00;EUR;EUR
XZAG;PODR;HRPODRRA0004;2025-08-26;CT;144,00;145,00;144,00;144,50;144,658730158730;-1,03;4;63,00000;9113,50;EUR;EUR
XZAG;PODR;HRPODRRA0004;2025-08-25;CT;145,00;146,00;143,50;146,00;144,632768361580;0,69;12;708,00000;102400,00;EUR;EUR
XZAG;PODR;HRPODRRA0004;2025-08-22;CT;144,50;145,00;144,00;145,00;144,439490445860;0,00;12;314,00000;45354,00;EUR;EUR
XZAG;PODR;HRPODRRA0004;2025-08-21;CT;145,00;145,00;145,00;145,00;145,000000000000;1,05;1;5,00000;725,00;EUR;EUR
XZAG;PODR;HRPODRRA0004;2025-08-20;CT;143,50;143,50;143,00;143,50;143,470967741940;0,00;7;155,00000;22238,00;EUR;EUR
XZAG;PODR;HRPODRRA0004;2025-08-19;CT;143,00;144,00;143,00;143,50;143,630952380950;0,35;8;84,00000;12065,00;EUR;EUR
XZAG;PODR;HRPODRRA0004;2025-08-18;CT;143,00;145,00;143,00;143,00;143,129032258060;-1,04;4;124,00000;17748,00;EUR;EUR
XZAG;PODR;HRPODRRA0004;2025-08-14;CT;145,00;145,00;143,00;144,50;143,547091412740;-0,34;10;361,00000;51820,50;EUR;EUR
XZAG;PODR;HRPODRRA0004;2025-08-13;CT;143,00;145,00;143,00;145,00;143,979591836730;1,40;5;49,00000;7055,00;EUR;EUR
XZAG;PODR;HRPODRRA0004;2025-08-12;CT;145,00;145,00;143,00;143,00;143,519230769230;-0,35;9;338,00000;48509,50;EUR;EUR
XZAG;PODR;HRPODRRA0004;2025-08-11;CT;143,50;143,50;143,50;143,50;143,500000000000;0,35;1;10,00000;1435,00;EUR;EUR
XZAG;PODR;HRPODRRA0004;2025-08-08;CT;143,00;143,00;143,00;143,00;143,000000000000;-0,35;1;10,00000;1430,00;EUR;EUR
XZAG;PODR;HRPODRRA0004;2025-08-07;CT;145,00;145,00;143,50;143,50;143,817708333330;-1,71;9;192,00000;27613,00;EUR;EUR
XZAG;PODR;HRPODRRA0004;2025-08-06;CT;145,00;146,00;143,50;146,00;144,060509554140;0,69;13;157,00000;22617,50;EUR;EUR
XZAG;PODR;HRPODRRA0004;2025-08-04;CT;145,50;145,50;145,00;145,00;145,125000000000;-1,02;3;24,00000;3483,00;EUR;EUR
XZAG;PODR;HRPODRRA0004;2025-08-01;CT;147,00;147,00;145,00;146,50;146,013114754100;-0,34;12;610,00000;89068,00;EUR;EUR
XZAG;PODR;HRPODRRA0004;2025-07-31;CT;146,00;147,00;145,50;147,00;146,812500000000;0,00;4;40,00000;5872,50;EUR;EUR
XZAG;PODR;HRPODRRA0004;2025-07-30;CT;147,50;147,50;146,00;147,00;146,163414634150;0,34;11;410,00000;59927,00;EUR;EUR
XZAG;PODR;HRPODRRA0004;2025-07-29;CT;147,00;147,50;146,50;146,50;146,907894736840;-0,34;5;76,00000;11165,00;EUR;EUR
XZAG;PODR;HRPODRRA0004;2025-07-28;CT;148,00;148,00;147,00;147,00;147,064516129030;0,34;8;217,00000;31913,00;EUR;EUR
XZAG;PODR;HRPODRRA0004;2025-07-25;CT;150,50;150,50;146,50;146,50;149,192603266090;-2,33;25;1041,00000;155309,50;EUR;EUR
XZAG;PODR;HRPODRRA0004;2025-07-24;CT;145,50;150,00;143,00;150,00;146,630736216570;3,45;69;3029,00000;444144,50;EUR;EUR
XZAG;PODR;HRPODRRA0004;2025-07-23;CT;145,00;145,00;144,00;145,00;144,139575971730;-0,34;7;283,00000;40791,50;EUR;EUR
XZAG;PODR;HRPODRRA0004;2025-07-22;CT;145,00;146,50;144,50;145,50;145,300766283520;0,69;17;783,00000;113770,50;EUR;EUR
XZAG;PODR;HRPODRRA0004;2025-07-21;CT;140,50;144,50;140,00;144,50;142,478773584910;2,12;20;636,00000;90616,50;EUR;EUR
XZAG;PODR;HRPODRRA0004;2025-07-18;CT;142,50;142,50;140,00;141,50;140,950218818380;0,71;26;914,00000;128828,50;EUR;EUR
XZAG;PODR;HRPODRRA0004;2025-07-17;CT;145,00;146,50;140,50;140,50;143,101629502570;-3,77;35;1166,00000;166856,50;EUR;EUR
XZAG;PODR;HRPODRRA0004;2025-07-16;CT;147,50;147,50;143,50;146,00;145,244198895030;-1,68;29;905,00000;131446,00;EUR;EUR
XZAG;PODR;HRPODRRA0004;2025-07-15;CT;150,00;150,00;148,50;148,50;148,733146067420;-1,00;9;178,00000;26474,50;EUR;EUR
XZAG;PODR;HRPODRRA0004;2025-07-14;CT;149,50;150,00;148,00;150,00;149,168316831680;0,00;9;202,00000;30132,00;EUR;EUR
XZAG;PODR;HRPODRRA0004;2025-07-11;CT;150,50;150,50;150,00;150,00;150,321739130430;0,00;12;230,00000;34574,00;EUR;EUR
XZAG;PODR;HRPODRRA0004;2025-07-10;CT;149,50;150,50;149,00;150,00;149,655440414510;-0,33;7;386,00000;57767,00;EUR;EUR
XZAG;PODR;HRPODRRA0004;2025-07-09;CT;150,50;150,50;150,50;150,50;150,500000000000;0,00;3;118,00000;17759,00;EUR;EUR
XZAG;PODR;HRPODRRA0004;2025-07-08;CT;150,50;150,50;149,50;150,50;150,118644067800;0,00;5;59,00000;8857,00;EUR;EUR
XZAG;PODR;HRPODRRA0004;2025-07-07;CT;150,50;150,50;149,50;150,50;150,492661448140;0,33;16;1022,00000;153803,50;EUR;EUR
XZAG;PODR;HRPODRRA0004;2025-07-04;CT;149,50;150,00;149,50;150,00;149,907547169810;0,67;13;795,00000;119176,50;EUR;EUR
XZAG;PODR;HRPODRRA0004;2025-07-03;CT;148,00;149,00;148,00;149,00;148,738636363640;1,02;7;88,00000;13089,00;EUR;EUR
XZAG;PODR;HRPODRRA0004;2025-07-02;CT;147,50;147,50;147,50;147,50;147,500000000000;0,00;1;10,00000;1475,00;EUR;EUR
XZAG;PODR;HRPODRRA0004;2025-07-01;CT;149,50;149,50;147,00;147,50;147,945378151260;0,00;13;595,00000;88027,50;EUR;EUR
XZAG;PODR;HRPODRRA0004;2025-06-30;CT;148,00;148,00;146,00;147,50;147,381623931620;-0,67;15;1170,00000;172436,50;EUR;EUR
XZAG;PODR;HRPODRRA0004;2025-06-27;CT;150,00;150,00;148,50;148,50;148,826848249030;-0,34;12;257,00000;38248,50;EUR;EUR
XZAG;PODR;HRPODRRA0004;2025-06-26;CT;150,00;150,50;148,50;149,00;149,637795275590;-1,00;13;381,00000;57012,00;EUR;EUR
XZAG;PODR;HRPODRRA0004;2025-06-25;CT;150,00;150,50;150,00;150,50;150,039370078740;0,33;6;381,00000;57165,00;EUR;EUR
XZAG;PODR;HRPODRRA0004;2025-06-24;CT;149,50;151,00;149,50;150,00;150,134843581450;1,01;13;927,00000;139175,00;EUR;EUR
XZAG;PODR;HRPODRRA0004;2025-06-23;CT;148,50;148,50;148,50;148,50;148,500000000000;-1,33;2;6,00000;891,00;EUR;EUR
XZAG;PODR;HRPODRRA0004;2025-06-20;CT;150,50;152,50;150,50;150,50;151,664490861620;0,00;40;2298,00000;348525,00;EUR;EUR
XZAG;PODR;HRPODRRA0004;2025-06-18;CT;148,00;150,50;148,00;150,50;149,678230702520;0,33;13;1153,00000;172579,00;EUR;EUR
XZAG;PODR;HRPODRRA0004;2025-06-17;CT;149,00;150,00;149,00;150,00;149,467161016950;1,35;7;472,00000;70548,50;EUR;EUR
XZAG;PODR;HRPODRRA0004;2025-06-16;CT;146,00;148,00;146,00;148,00;147,294500723590;1,72;12;1382,00000;203561,00;EUR;EUR
XZAG;PODR;HRPODRRA0004;2025-06-13;CT;144,00;145,50;143,50;145,50;144,144832605530;1,04;12;687,00000;99027,50;EUR;EUR
XZAG;PODR;HRPODRRA0004;2025-06-12;CT;146,00;146,00;144,00;144,00;145,935483870970;-1,71;5;217,00000;31668,00;EUR;EUR
XZAG;PODR;HRPODRRA0004;2025-06-11;CT;146,50;146,50;146,50;146,50;146,500000000000;1,03;2;50,00000;7325,00;EUR;EUR
XZAG;PODR;HRPODRRA0004;2025-06-10;CT;148,00;148,00;144,00;145,00;145,437137330750;-3,01;11;517,00000;75191,00;EUR;EUR
XZAG;PODR;HRPODRRA0004;2025-06-09;CT;150,00;150,00;149,00;149,50;149,884873949580;-0,33;15;595,00000;89181,50;EUR;EUR
XZAG;PODR;HRPODRRA0004;2025-06-06;CT;148,00;151,00;148,00;150,00;149,892768850430;0,67;20;1618,00000;242526,50;EUR;EUR
XZAG;PODR;HRPODRRA0004;2025-06-05;CT;149,00;149,00;149,00;149,00;149,000000000000;0,68;2;75,00000;11175,00;EUR;EUR
XZAG;PODR;HRPODRRA0004;2025-06-04;BLOCK;;148,00;148,00;148,00;148,000000000000;;1;6200,00000;917600,00;EUR;EUR
XZAG;PODR;HRPODRRA0004;2025-06-04;CT;149,50;149,50;146,00;148,00;147,194287729200;-1,00;18;1418,00000;208721,50;EUR;EUR
XZAG;PODR;HRPODRRA0004;2025-06-03;CT;142,00;149,50;142,00;149,50;144,993139628730;4,91;25;1239,00000;179646,50;EUR;EUR
XZAG;PODR;HRPODRRA0004;2025-06-02;CT;140,00;142,50;138,50;142,50;140,964131994260;2,52;18;697,00000;98252,00;EUR;EUR
XZAG;PODR;HRPODRRA0004;2025-05-29;CT;138,50;139,00;138,50;139,00;138,764505119450;0,36;13;879,00000;121974,00;EUR;EUR
XZAG;PODR;HRPODRRA0004;2025-05-28;CT;137,00;138,50;137,00;138,50;137,306413301660;1,47;7;421,00000;57806,00;EUR;EUR
XZAG;PODR;HRPODRRA0004;2025-05-27;CT;136,50;136,50;136,50;136,50;136,500000000000;0,37;1;10,00000;1365,00;EUR;EUR
XZAG;PODR;HRPODRRA0004;2025-05-26;CT;137,00;137,00;136,00;136,00;136,200000000000;0,00;4;60,00000;8172,00;EUR;EUR
XZAG;PODR;HRPODRRA0004;2025-05-23;CT;138,50;138,50;136,00;136,00;138,302845528460;-2,16;6;246,00000;34022,50;EUR;EUR
XZAG;PODR;HRPODRRA0004;2025-05-22;CT;138,50;139,00;138,00;139,00;138,871369294610;1,83;4;241,00000;33468,00;EUR;EUR
XZAG;PODR;HRPODRRA0004;2025-05-21;CT;137,00;137,00;136,50;136,50;136,999170812600;-0,36;8;1809,00000;247831,50;EUR;EUR
XZAG;PODR;HRPODRRA0004;2025-05-20;CT;136,50;137,00;135,00;137,00;136,039769754060;0,37;17;1911,00000;259972,00;EUR;EUR
XZAG;PODR;HRPODRRA0004;2025-05-19;CT;135,50;136,50;135,50;136,50;136,448453608250;0,00;7;776,00000;105884,00;EUR;EUR
XZAG;PODR;HRPODRRA0004;2025-05-16;CT;137,00;137,50;135,50;136,50;136,355978260870;-0,36;22;368,00000;50179,00;EUR;EUR
XZAG;PODR;HRPODRRA0004;2025-05-15;CT;137,50;138,00;136,00;137,00;137,208737864080;-0,36;10;206,00000;28265,00;EUR;EUR
XZAG;PODR;HRPODRRA0004;2025-05-14;CT;136,50;137,50;136,00;137,50;136,767741935480;-0,36;4;155,00000;21199,00;EUR;EUR
XZAG;PODR;HRPODRRA0004;2025-05-13;CT;138,00;139,00;138,00;138,00;138,734848484850;-0,72;12;1386,00000;192286,50;EUR;EUR
XZAG;PODR;HRPODRRA0004;2025-05-12;CT;138,50;139,00;138,00;139,00;138,903645833330;0,00;6;192,00000;26669,50;EUR;EUR
XZAG;PODR;HRPODRRA0004;2025-05-09;CT;139,00;139,00;139,00;139,00;139,000000000000;0,36;1;83,00000;11537,00;EUR;EUR
XZAG;PODR;HRPODRRA0004;2025-05-08;CT;138,50;138,50;138,50;138,50;138,500000000000;-0,72;2;14,00000;1939,00;EUR;EUR
XZAG;PODR;HRPODRRA0004;2025-05-07;CT;138,00;139,50;138,00;139,50;139,155000000000;0,36;7;200,00000;27831,00;EUR;EUR
XZAG;PODR;HRPODRRA0004;2025-05-06;CT;140,00;140,00;138,00;139,00;138,207804878050;0,00;10;1025,00000;141663,00;EUR;EUR
XZAG;PODR;HRPODRRA0004;2025-05-05;CT;139,00;140,00;139,00;139,00;139,498191681740;0,72;17;1106,00000;154285,00;EUR;EUR
XZAG;PODR;HRPODRRA0004;2025-05-02;CT;138,50;140,00;138,00;138,00;138,097560975610;-1,08;4;205,00000;28310,00;EUR;EUR
XZAG;PODR;HRPODRRA0004;2025-04-30;CT;141,50;141,50;139,50;139,50;140,673913043480;-1,41;10;552,00000;77652,00;EUR;EUR
XZAG;PODR;HRPODRRA0004;2025-04-29;CT;139,50;144,00;139,00;141,50;140,677325581400;1,43;19;516,00000;72589,50;EUR;EUR
XZAG;PODR;HRPODRRA0004;2025-04-28;CT;138,00;139,50;138,00;139,50;139,372881355930;0,36;5;59,00000;8223,00;EUR;EUR
XZAG;PODR;HRPODRRA0004;2025-04-25;CT;139,50;139,50;139,00;139,00;139,021806853580;-0,36;11;321,00000;44626,00;EUR;EUR
XZAG;PODR;HRPODRRA0004;2025-04-24;CT;139,50;139,50;139,50;139,50;139,500000000000;0,36;4;102,00000;14229,00;EUR;EUR
XZAG;PODR;HRPODRRA0004;2025-04-23;CT;138,00;139,00;138,00;139,00;138,619078947370;0,72;13;760,00000;105350,50;EUR;EUR
XZAG;PODR;HRPODRRA0004;2025-04-22;CT;135,00;138,00;135,00;138,00;136,036269430050;1,10;9;386,00000;52510,00;EUR;EUR
XZAG;PODR;HRPODRRA0004;2025-04-17;CT;138,50;138,50;135,00;136,50;135,781179138320;-1,09;16;441,00000;59879,50;EUR;EUR
XZAG;PODR;HRPODRRA0004;2025-04-16;CT;138,00;138,00;138,00;138,00;138,000000000000;0,73;9;218,00000;30084,00;EUR;EUR
XZAG;PODR;HRPODRRA0004;2025-04-15;CT;137,50;137,50;137,00;137,00;137,450000000000;-0,72;2;10,00000;1374,50;EUR;EUR
XZAG;PODR;HRPODRRA0004;2025-04-14;CT;137,50;138,50;137,00;138,00;137,524525316460;0,00;12;632,00000;86915,50;EUR;EUR
XZAG;PODR;HRPODRRA0004;2025-04-11;CT;139,50;139,50;137,00;138,00;138,116504854370;0,73;15;309,00000;42678,00;EUR;EUR
XZAG;PODR;HRPODRRA0004;2025-04-10;CT;141,50;141,50;137,00;137,00;138,109848484850;1,86;11;396,00000;54691,50;EUR;EUR
XZAG;PODR;HRPODRRA0004;2025-04-09;CT;134,00;135,00;133,00;134,50;133,753705815280;-1,82;18;877,00000;117302,00;EUR;EUR
XZAG;PODR;HRPODRRA0004;2025-04-08;CT;132,00;137,00;132,00;137,00;133,849378881990;3,40;26;966,00000;129298,50;EUR;EUR
XZAG;PODR;HRPODRRA0004;2025-04-07;CT;132,00;132,50;128,00;132,50;130,137299771170;-3,28;65;3059,00000;398090,00;EUR;EUR
XZAG;PODR;HRPODRRA0004;2025-04-04;CT;140,00;140,00;137,00;137,00;138,891849529780;-2,14;19;638,00000;88613,00;EUR;EUR
XZAG;PODR;HRPODRRA0004;2025-04-03;CT;141,50;142,00;140,00;140,00;140,753151260500;-0,71;10;476,00000;66998,50;EUR;EUR
XZAG;PODR;HRPODRRA0004;2025-04-02;CT;141,00;141,00;141,00;141,00;141,000000000000;-0,35;1;14,00000;1974,00;EUR;EUR
XZAG;PODR;HRPODRRA0004;2025-04-01;BLOCK;;140,00;140,00;140,00;140,000000000000;;1;5000,00000;700000,00;EUR;EUR
XZAG;PODR;HRPODRRA0004;2025-04-01;CT;143,00;143,00;140,00;141,50;141,484309623430;-1,05;13;478,00000;67629,50;EUR;EUR
XZAG;PODR;HRPODRRA0004;2025-03-31;CT;142,00;143,00;142,00;143,00;142,004739336490;0,00;5;211,00000;29963,00;EUR;EUR
XZAG;PODR;HRPODRRA0004;2025-03-28;CT;142,00;143,00;142,00;143,00;142,411764705880;0,70;3;17,00000;2421,00;EUR;EUR
XZAG;PODR;HRPODRRA0004;2025-03-27;CT;142,50;142,50;141,50;142,00;142,106595092020;-0,35;9;652,00000;92653,50;EUR;EUR
XZAG;PODR;HRPODRRA0004;2025-03-26;CT;142,50;142,50;142,50;142,50;142,500000000000;-0,35;6;157,00000;22372,50;EUR;EUR
XZAG;PODR;HRPODRRA0004;2025-03-25;CT;141,00;143,00;141,00;143,00;142,891304347830;0,70;4;92,00000;13146,00;EUR;EUR
XZAG;PODR;HRPODRRA0004;2025-03-24;CT;143,00;143,00;142,00;142,00;142,961013645220;-0,70;9;513,00000;73339,00;EUR;EUR
XZAG;PODR;HRPODRRA0004;2025-03-21;CT;142,00;143,50;141,50;143,00;142,991592222810;0,70;14;1903,00000;272113,00;EUR;EUR
XZAG;PODR;HRPODRRA0004;2025-03-20;CT;140,50;142,00;140,00;142,00;140,970967741940;0,00;7;310,00000;43701,00;EUR;EUR
XZAG;PODR;HRPODRRA0004;2025-03-19;CT;142,00;142,00;142,00;142,00;142,000000000000;-0,70;2;156,00000;22152,00;EUR;EUR
XZAG;PODR;HRPODRRA0004;2025-03-18;CT;142,00;143,00;141,00;143,00;142,730728241560;1,06;13;2815,00000;401787,00;EUR;EUR
XZAG;PODR;HRPODRRA0004;2025-03-17;CT;141,50;141,50;141,50;141,50;141,500000000000;-0,70;4;410,00000;58015,00;EUR;EUR
XZAG;PODR;HRPODRRA0004;2025-03-14;CT;142,00;143,00;141,50;142,50;142,097938144330;0,35;8;194,00000;27567,00;EUR;EUR
XZAG;PODR;HRPODRRA0004;2025-03-13;CT;143,00;143,00;142,00;142,00;142,805201992250;-0,70;13;1807,00000;258049,00;EUR;EUR
XZAG;PODR;HRPODRRA0004;2025-03-12;CT;142,50;143,00;141,00;143,00;141,862567811930;1,78;14;553,00000;78450,00;EUR;EUR
XZAG;PODR;HRPODRRA0004;2025-03-11;CT;142,00;142,50;140,50;140,50;140,993944636680;-0,35;13;578,00000;81494,50;EUR;EUR
XZAG;PODR;HRPODRRA0004;2025-03-10;CT;141,00;142,00;140,50;141,00;140,967136150230;-0,35;7;213,00000;30026,00;EUR;EUR
XZAG;PODR;HRPODRRA0004;2025-03-07;CT;142,50;142,50;141,50;141,50;142,360902255640;0,71;9;133,00000;18934,00;EUR;EUR
XZAG;PODR;HRPODRRA0004;2025-03-06;CT;140,00;142,00;140,00;140,50;140,664739884390;-1,06;11;519,00000;73005,00;EUR;EUR
XZAG;PODR;HRPODRRA0004;2025-03-05;CT;141,50;142,00;141,00;142,00;141,499470338980;1,43;19;944,00000;133575,50;EUR;EUR
XZAG;PODR;HRPODRRA0004;2025-03-04;CT;144,00;144,00;137,00;140,00;140,198874296440;-2,78;48;2132,00000;298904,00;EUR;EUR
XZAG;PODR;HRPODRRA0004;2025-03-03;CT;144,00;145,00;144,00;144,00;144,132530120480;0,00;6;83,00000;11963,00;EUR;EUR
XZAG;PODR;HRPODRRA0004;2025-02-28;CT;147,00;148,00;144,00;144,00;145,447897623400;-2,04;20;547,00000;79560,00;EUR;EUR
XZAG;PODR;HRPODRRA0004;2025-02-27;CT;147,00;149,50;147,00;147,00;147,519784172660;0,68;16;278,00000;41010,50;EUR;EUR
XZAG;PODR;HRPODRRA0004;2025-02-26;CT;146,00;146,50;145,00;146,00;145,944794952680;0,00;9;317,00000;46264,50;EUR;EUR
XZAG;PODR;HRPODRRA0004;2025-02-25;CT;145,00;146,00;144,00;146,00;145,308533916850;1,04;12;457,00000;66406,00;EUR;EUR
XZAG;PODR;HRPODRRA0004;2025-02-24;CT;144,00;144,50;144,00;144,50;144,175438596490;0,00;6;114,00000;16436,00;EUR;EUR
XZAG;PODR;HRPODRRA0004;2025-02-21;CT;144,50;145,00;144,50;144,50;144,520408163270;-0,69;5;245,00000;35407,50;EUR;EUR
XZAG;PODR;HRPODRRA0004;2025-02-20;CT;145,00;145,50;144,50;145,50;144,962686567160;1,04;10;134,00000;19425,00;EUR;EUR
XZAG;PODR;HRPODRRA0004;2025-02-18;CT;145,00;145,50;144,00;144,00;144,991452991450;-0,69;13;468,00000;67856,00;EUR;EUR
XZAG;PODR;HRPODRRA0004;2025-02-17;CT;143,50;145,00;143,50;145,00;144,702531645570;1,40;9;237,00000;34294,50;EUR;EUR
XZAG;PODR;HRPODRRA0004;2025-02-14;CT;143,00;143,00;142,00;143,00;142,989690721650;0,00;5;97,00000;13870,00;EUR;EUR
XZAG;PODR;HRPODRRA0004;2025-02-13;CT;142,50;143,00;142,00;143,00;142,477272727270;1,06;11;220,00000;31345,00;EUR;EUR
XZAG;PODR;HRPODRRA0004;2025-02-11;CT;141,50;141,50;141,50;141,50;141,500000000000;-0,35;2;10,00000;1415,00;EUR;EUR
XZAG;PODR;HRPODRRA0004;2025-02-10;CT;142,50;142,50;141,50;142,00;142,225467289720;-0,70;12;428,00000;60872,50;EUR;EUR
XZAG;PODR;HRPODRRA0004;2025-02-07;CT;142,00;143,00;142,00;143,00;142,325581395350;0,35;5;86,00000;12240,00;EUR;EUR
XZAG;PODR;HRPODRRA0004;2025-02-06;CT;144,00;144,00;141,50;142,50;142,072622107970;-1,72;17;778,00000;110532,50;EUR;EUR
XZAG;PODR;HRPODRRA0004;2025-02-05;CT;145,00;145,00;144,00;145,00;144,897435897440;0,00;11;195,00000;28255,00;EUR;EUR
XZAG;PODR;HRPODRRA0004;2025-02-04;CT;144,50;145,00;143,50;145,00;144,514409221900;1,40;10;347,00000;50146,50;EUR;EUR
XZAG;PODR;HRPODRRA0004;2025-02-03;CT;142,00;143,00;142,00;143,00;142,271126760560;0,00;10;142,00000;20202,50;EUR;EUR
XZAG;PODR;HRPODRRA0004;2025-01-31;CT;143,00;143,00;143,00;143,00;143,000000000000;0,00;4;29,00000;4147,00;EUR;EUR
XZAG;PODR;HRPODRRA0004;2025-01-30;CT;143,50;143,50;143,00;143,00;143,287790697670;0,00;8;344,00000;49291,00;EUR;EUR
XZAG;PODR;HRPODRRA0004;2025-01-29;CT;144,50;144,50;143,00;143,00;144,472727272730;0,35;5;165,00000;23838,00;EUR;EUR
XZAG;PODR;HRPODRRA0004;2025-01-28;CT;143,00;143,00;142,50;142,50;142,626865671640;0,35;5;67,00000;9556,00;EUR;EUR
XZAG;PODR;HRPODRRA0004;2025-01-27;CT;143,50;143,50;142,00;142,00;142,044776119400;-1,05;5;67,00000;9517,00;EUR;EUR
XZAG;PODR;HRPODRRA0004;2025-01-24;CT;143,50;144,00;142,00;143,50;143,010479041920;0,35;14;334,00000;47765,50;EUR;EUR
XZAG;PODR;HRPODRRA0004;2025-01-23;CT;142,00;144,00;142,00;143,00;142,821518987340;1,42;16;790,00000;112829,00;EUR;EUR
XZAG;PODR;HRPODRRA0004;2025-01-22;BLOCK;;140,50;140,50;140,50;140,500000000000;;1;8700,00000;1222350,00;EUR;EUR
XZAG;PODR;HRPODRRA0004;2025-01-22;CT;140,50;142,00;140,50;141,00;140,815361445780;-0,35;19;1660,00000;233753,50;EUR;EUR
XZAG;PODR;HRPODRRA0004;2025-01-21;CT;143,00;143,00;141,50;141,50;142,437047756870;-1,05;16;691,00000;98424,00;EUR;EUR
XZAG;PODR;HRPODRRA0004;2025-01-20;CT;143,00;144,00;143,00;143,00;143,049469964660;0,00;11;283,00000;40483,00;EUR;EUR
XZAG;PODR;HRPODRRA0004;2025-01-17;CT;143,00;143,00;143,00;143,00;143,000000000000;-1,04;2;55,00000;7865,00;EUR;EUR
XZAG;PODR;HRPODRRA0004;2025-01-16;CT;144,50;144,50;142,50;144,50;143,103439803440;0,00;18;2035,00000;291215,50;EUR;EUR
XZAG;PODR;HRPODRRA0004;2025-01-15;CT;145,50;145,50;144,50;144,50;144,714285714290;-0,69;8;168,00000;24312,00;EUR;EUR
XZAG;PODR;HRPODRRA0004;2025-01-14;CT;144,50;146,00;144,50;145,50;144,914545454550;2,11;9;275,00000;39851,50;EUR;EUR
XZAG;PODR;HRPODRRA0004;2025-01-13;CT;142,00;144,50;142,00;142,50;142,774656679150;-1,04;25;4005,00000;571812,50;EUR;EUR
XZAG;PODR;HRPODRRA0004;2025-01-10;CT;143,00;144,00;142,00;144,00;142,667449139280;0,70;31;1278,00000;182329,00;EUR;EUR
XZAG;PODR;HRPODRRA0004;2025-01-09;CT;142,50;144,00;142,00;143,00;142,676153846150;0,35;21;650,00000;92739,50;EUR;EUR
XZAG;PODR;HRPODRRA0004;2025-01-08;CT;147,00;147,00;142,50;142,50;144,534586466170;-2,40;15;665,00000;96115,50;EUR;EUR
XZAG;PODR;HRPODRRA0004;2025-01-07;CT;147,50;147,50;145,50;146,00;145,534825870650;2,10;4;201,00000;29252,50;EUR;EUR
XZAG;PODR;HRPODRRA0004;2025-01-03;CT;145,00;145,00;143,00;143,00;144,234068627450;-1,38;11;408,00000;58847,50;EUR;EUR
XZAG;PODR;HRPODRRA0004;2025-01-02;CT;148,50;148,50;145,00;145,00;146,015394912990;-2,36;17;747,00000;109073,50;EUR;EUR
XZAG;PODR;HRPODRRA0004;2024-12-30;CT;144,50;148,50;144,50;148,50;145,891687657430;2,06;12;397,00000;57919,00;EUR;EUR
XZAG;PODR;HRPODRRA0004;2024-12-27;CT;145,50;146,00;144,00;145,50;145,141138732960;-0,34;25;2494,00000;361982,00;EUR;EUR
XZAG;PODR;HRPODRRA0004;2024-12-23;CT;142,00;146,00;142,00;146,00;144,074363992170;3,91;7;511,00000;73622,00;EUR;EUR
XZAG;PODR;HRPODRRA0004;2024-12-20;CT;144,50;144,50;140,50;140,50;143,372928176800;-2,77;11;362,00000;51901,00;EUR;EUR
XZAG;PODR;HRPODRRA0004;2024-12-19;CT;150,00;150,00;144,50;144,50;147,548324742270;-3,34;21;776,00000;114497,50;EUR;EUR
XZAG;PODR;HRPODRRA0004;2024-12-18;CT;151,00;151,00;149,50;149,50;150,844827586210;-0,66;4;87,00000;13123,50;EUR;EUR
XZAG;PODR;HRPODRRA0004;2024-12-17;CT;150,00;151,00;150,00;150,50;150,825568797400;0,33;19;923,00000;139212,00;EUR;EUR
XZAG;PODR;HRPODRRA0004;2024-12-16;CT;149,50;150,00;149,00;150,00;149,469230769230;0,67;8;65,00000;9715,50;EUR;EUR
XZAG;PODR;HRPODRRA0004;2024-12-13;CT;152,50;153,50;149,00;149,00;151,669611307420;-1,00;31;849,00000;128767,50;EUR;EUR
XZAG;PODR;HRPODRRA0004;2024-12-12;CT;146,50;150,50;146,50;150,50;148,736902050110;3,44;48;1756,00000;261182,00;EUR;EUR
XZAG;PODR;HRPODRRA0004;2024-12-11;CT;140,00;146,50;140,00;145,50;143,334847233690;4,68;59;1211,00000;173578,50;EUR;EUR
XZAG;PODR;HRPODRRA0004;2024-12-10;CT;134,00;139,00;134,00;139,00;137,178440607010;6,51;51;1911,00000;262148,00;EUR;EUR
XZAG;PODR;HRPODRRA0004;2024-12-09;CT;130,00;131,50;128,00;130,50;130,400203665990;1,16;18;491,00000;64026,50;EUR;EUR
XZAG;PODR;HRPODRRA0004;2024-12-06;CT;135,00;135,00;129,00;129,00;131,467385912700;-4,44;76;4032,00000;530076,50;EUR;EUR
XZAG;PODR;HRPODRRA0004;2024-12-05;CT;134,00;135,00;134,00;135,00;134,451104100950;0,00;15;317,00000;42621,00;EUR;EUR
XZAG;PODR;HRPODRRA0004;2024-12-04;CT;140,00;140,00;135,00;135,00;136,473737716030;-3,57;41;2951,00000;402734,00;EUR;EUR
XZAG;PODR;HRPODRRA0004;2024-12-03;CT;144,00;144,00;139,00;140,00;140,852320675110;-2,10;37;2607,00000;367202,00;EUR;EUR
XZAG;PODR;HRPODRRA0004;2024-12-02;CT;146,50;146,50;143,00;143,00;144,677063339730;-2,72;17;1042,00000;150753,50;EUR;EUR
XZAG;PODR;HRPODRRA0004;2024-11-29;CT;147,50;147,50;145,50;147,00;146,554216867470;-0,34;7;83,00000;12164,00;EUR;EUR
XZAG;PODR;HRPODRRA0004;2024-11-28;CT;146,50;147,50;146,00;147,50;146,324561403510;0,34;4;285,00000;41702,50;EUR;EUR
XZAG;PODR;HRPODRRA0004;2024-11-27;CT;146,50;147,00;146,00;147,00;146,637764932560;1,73;12;519,00000;76105,00;EUR;EUR
XZAG;PODR;HRPODRRA0004;2024-11-26;CT;143,50;144,50;143,50;144,50;144,108918128650;-0,69;16;684,00000;98570,50;EUR;EUR
XZAG;PODR;HRPODRRA0004;2024-11-25;CT;144,00;145,50;144,00;145,50;144,984496124030;0,34;9;258,00000;37406,00;EUR;EUR
XZAG;PODR;HRPODRRA0004;2024-11-22;CT;146,00;146,00;145,00;145,00;145,161676646710;-0,68;9;668,00000;96968,00;EUR;EUR
XZAG;PODR;HRPODRRA0004;2024-11-21;CT;150,00;150,00;145,00;146,00;146,982845894260;-2,99;33;3556,00000;522671,00;EUR;EUR
XZAG;PODR;HRPODRRA0004;2024-11-20;CT;150,50;150,50;150,00;150,50;150,321428571430;0,00;10;182,00000;27358,50;EUR;EUR
XZAG;PODR;HRPODRRA0004;2024-11-19;CT;151,00;151,00;150,50;150,50;150,941016333940;-0,33;9;551,00000;83168,50;EUR;EUR
XZAG;PODR;HRPODRRA0004;2024-11-15;CT;151,50;152,00;151,00;151,00;151,450757575760;-0,33;9;132,00000;19991,50;EUR;EUR
XZAG;PODR;HRPODRRA0004;2024-11-14;CT;152,00;152,50;151,50;151,50;151,854838709680;0,66;10;217,00000;32952,50;EUR;EUR
XZAG;PODR;HRPODRRA0004;2024-11-13;CT;152,50;152,50;150,50;150,50;151,186079545450;-0,99;8;352,00000;53217,50;EUR;EUR
XZAG;PODR;HRPODRRA0004;2024-11-12;CT;153,00;153,00;152,00;152,00;152,980132450330;-0,65;7;755,00000;115500,00;EUR;EUR
XZAG;PODR;HRPODRRA0004;2024-11-11;CT;153,00;153,00;153,00;153,00;153,000000000000;0,66;7;189,00000;28917,00;EUR;EUR
XZAG;PODR;HRPODRRA0004;2024-11-08;CT;153,00;153,00;151,00;152,00;152,458275382480;-1,30;12;719,00000;109617,50;EUR;EUR
XZAG;PODR;HRPODRRA0004;2024-11-07;CT;154,00;154,00;154,00;154,00;154,000000000000;0,65;4;173,00000;26642,00;EUR;EUR
XZAG;PODR;HRPODRRA0004;2024-11-05;CT;154,00;154,00;153,00;153,00;153,696969696970;-0,33;9;231,00000;35504,00;EUR;EUR
XZAG;PODR;HRPODRRA0004;2024-11-04;CT;153,50;153,50;152,50;153,50;153,214497041420;0,33;11;338,00000;51786,50;EUR;EUR
XZAG;PODR;HRPODRRA0004;2024-10-31;CT;153,50;153,50;153,00;153,00;153,271929824560;-0,33;11;228,00000;34946,00;EUR;EUR
XZAG;PODR;HRPODRRA0004;2024-10-30;CT;154,00;154,00;153,00;153,50;153,437669376690;0,00;7;369,00000;56618,50;EUR;EUR
XZAG;PODR;HRPODRRA0004;2024-10-29;CT;153,50;153,50;152,50;153,50;153,497737556560;-0,32;9;442,00000;67846,00;EUR;EUR
XZAG;PODR;HRPODRRA0004;2024-10-28;CT;153,50;154,00;153,50;154,00;153,977272727270;0,00;4;110,00000;16937,50;EUR;EUR
XZAG;PODR;HRPODRRA0004;2024-10-25;CT;156,00;156,00;154,00;154,00;154,862785862790;-0,96;14;481,00000;74489,00;EUR;EUR
XZAG;PODR;HRPODRRA0004;2024-10-24;CT;154,50;155,50;154,50;155,50;155,214285714290;0,65;6;266,00000;41287,00;EUR;EUR
XZAG;PODR;HRPODRRA0004;2024-10-23;CT;155,00;156,00;154,50;154,50;155,379746835440;-0,32;7;158,00000;24550,00;EUR;EUR
XZAG;PODR;HRPODRRA0004;2024-10-22;CT;153,50;155,00;153,50;155,00;154,518367346940;0,65;6;245,00000;37857,00;EUR;EUR
XZAG;PODR;HRPODRRA0004;2024-10-21;CT;154,00;154,00;154,00;154,00;154,000000000000;0,00;3;74,00000;11396,00;EUR;EUR
XZAG;PODR;HRPODRRA0004;2024-10-18;CT;153,00;154,00;153,00;154,00;153,946153846150;0,33;8;260,00000;40026,00;EUR;EUR
XZAG;PODR;HRPODRRA0004;2024-10-17;CT;152,50;153,50;152,50;153,50;152,937037037040;0,33;11;675,00000;103232,50;EUR;EUR
XZAG;PODR;HRPODRRA0004;2024-10-16;CT;153,00;153,00;152,50;153,00;152,881313131310;0,00;10;198,00000;30270,50;EUR;EUR
XZAG;PODR;HRPODRRA0004;2024-10-15;CT;153,00;154,00;153,00;153,00;153,000668449200;-0,33;11;1496,00000;228889,00;EUR;EUR
XZAG;PODR;HRPODRRA0004;2024-10-14;CT;152,50;153,50;152,50;153,50;152,875000000000;0,33;8;200,00000;30575,00;EUR;EUR
XZAG;PODR;HRPODRRA0004;2024-10-11;CT;153,50;154,00;153,00;153,00;153,410000000000;-0,65;6;250,00000;38352,50;EUR;EUR
XZAG;PODR;HRPODRRA0004;2024-10-10;CT;153,50;154,00;153,50;154,00;153,838709677420;0,00;3;155,00000;23845,00;EUR;EUR
XZAG;PODR;HRPODRRA0004;2024-10-09;CT;153,50;154,00;153,50;154,00;153,951658767770;0,33;4;1055,00000;162419,00;EUR;EUR
XZAG;PODR;HRPODRRA0004;2024-10-08;CT;154,00;155,00;153,50;153,50;154,050000000000;-0,32;7;160,00000;24648,00;EUR;EUR
XZAG;PODR;HRPODRRA0004;2024-10-07;CT;154,00;154,00;154,00;154,00;154,000000000000;-0,65;2;320,00000;49280,00;EUR;EUR
XZAG;PODR;HRPODRRA0004;2024-10-04;CT;155,00;155,00;155,00;155,00;155,000000000000;0,65;4;63,00000;9765,00;EUR;EUR
XZAG;PODR;HRPODRRA0004;2024-10-03;CT;153,00;154,00;153,00;154,00;153,777777777780;0,33;2;45,00000;6920,00;EUR;EUR
XZAG;PODR;HRPODRRA0004;2024-10-02;CT;154,00;154,00;153,50;153,50;153,506329113920;0,00;5;79,00000;12127,00;EUR;EUR
XZAG;PODR;HRPODRRA0004;2024-10-01;CT;155,00;155,00;153,50;153,50;154,989932885910;0,33;6;149,00000;23093,50;EUR;EUR
XZAG;PODR;HRPODRRA0004;2024-09-30;CT;153,50;153,50;153,00;153,00;153,104895104900;-0,65;8;715,00000;109470,00;EUR;EUR
XZAG;PODR;HRPODRRA0004;2024-09-27;CT;155,00;155,00;154,00;154,00;154,027777777780;-0,65;3;36,00000;5545,00;EUR;EUR
XZAG;PODR;HRPODRRA0004;2024-09-26;CT;154,50;155,00;153,00;155,00;153,307242990650;0,00;11;428,00000;65615,50;EUR;EUR
XZAG;PODR;HRPODRRA0004;2024-09-25;CT;155,00;155,00;155,00;155,00;155,000000000000;-0,64;7;178,00000;27590,00;EUR;EUR
XZAG;PODR;HRPODRRA0004;2024-09-24;CT;155,00;156,00;155,00;156,00;155,791836734690;0,00;6;245,00000;38169,00;EUR;EUR
XZAG;PODR;HRPODRRA0004;2024-09-23;CT;156,00;156,00;156,00;156,00;156,000000000000;-0,64;6;162,00000;25272,00;EUR;EUR
XZAG;PODR;HRPODRRA0004;2024-09-20;CT;158,00;158,00;156,00;157,00;156,456968773800;-0,63;13;1313,00000;205428,00;EUR;EUR
XZAG;PODR;HRPODRRA0004;2024-09-19;CT;158,00;158,00;158,00;158,00;158,000000000000;1,28;2;129,00000;20382,00;EUR;EUR
XZAG;PODR;HRPODRRA0004;2024-09-18;BLOCK;;156,00;156,00;156,00;156,000000000000;;1;3000,00000;468000,00;EUR;EUR
XZAG;PODR;HRPODRRA0004;2024-09-18;CT;156,00;156,00;156,00;156,00;156,000000000000;-1,27;5;703,00000;109668,00;EUR;EUR
XZAG;PODR;HRPODRRA0004;2024-09-17;CT;156,50;158,00;156,50;158,00;157,184782608700;0,96;7;368,00000;57844,00;EUR;EUR
XZAG;PODR;HRPODRRA0004;2024-09-16;CT;156,00;156,50;156,00;156,50;156,315789473680;0,00;2;38,00000;5940,00;EUR;EUR
XZAG;PODR;HRPODRRA0004;2024-09-13;CT;157,00;157,00;156,50;156,50;156,999168053240;-0,32;2;601,00000;94356,50;EUR;EUR
XZAG;PODR;HRPODRRA0004;2024-09-12;CT;157,50;158,50;156,50;157,00;157,435334872980;-1,26;16;1299,00000;204508,50;EUR;EUR
XZAG;PODR;HRPODRRA0004;2024-09-11;CT;158,00;159,50;158,00;159,00;158,683678500990;-0,31;15;2028,00000;321810,50;EUR;EUR
XZAG;PODR;HRPODRRA0004;2024-09-10;CT;159,50;159,50;159,50;159,50;159,500000000000;0,00;6;927,00000;147856,50;EUR;EUR
XZAG;PODR;HRPODRRA0004;2024-09-09;CT;159,50;160,00;158,50;159,50;159,478354978350;0,31;5;231,00000;36839,50;EUR;EUR
XZAG;PODR;HRPODRRA0004;2024-09-06;CT;159,00;159,00;159,00;159,00;159,000000000000;0,00;3;302,00000;48018,00;EUR;EUR
XZAG;PODR;HRPODRRA0004;2024-09-05;CT;156,50;159,00;156,50;159,00;157,916107382550;1,27;7;149,00000;23529,50;EUR;EUR
XZAG;PODR;HRPODRRA0004;2024-09-04;CT;157,00;157,00;157,00;157,00;157,000000000000;-0,95;2;17,00000;2669,00;EUR;EUR
XZAG;PODR;HRPODRRA0004;2024-09-03;CT;158,50;158,50;157,00;158,50;157,593125499600;-0,31;17;1251,00000;197149,00;EUR;EUR
XZAG;PODR;HRPODRRA0004;2024-09-02;CT;159,00;159,00;159,00;159,00;159,000000000000;-0,63;7;800,00000;127200,00;EUR;EUR
XZAG;PODR;HRPODRRA0004;2024-08-30;CT;159,00;160,00;159,00;160,00;159,141509433960;0,00;4;106,00000;16869,00;EUR;EUR
XZAG;PODR;HRPODRRA0004;2024-08-29;CT;159,50;160,00;159,00;160,00;159,780575539570;0,95;12;1390,00000;222095,00;EUR;EUR
XZAG;PODR;HRPODRRA0004;2024-08-28;CT;160,00;160,00;158,50;158,50;159,930232558140;-0,31;3;86,00000;13754,00;EUR;EUR
XZAG;PODR;HRPODRRA0004;2024-08-27;CT;158,50;159,00;157,00;159,00;158,739754098360;0,63;5;244,00000;38732,50;EUR;EUR
XZAG;PODR;HRPODRRA0004;2024-08-26;CT;158,00;158,00;158,00;158,00;158,000000000000;-0,32;3;190,00000;30020,00;EUR;EUR
XZAG;PODR;HRPODRRA0004;2024-08-23;CT;159,00;159,00;158,50;158,50;158,504273504270;0,32;6;117,00000;18545,00;EUR;EUR
XZAG;PODR;HRPODRRA0004;2024-08-22;CT;158,50;158,50;158,00;158,00;158,123385939740;-0,32;9;697,00000;110212,00;EUR;EUR
XZAG;PODR;HRPODRRA0004;2024-08-19;CT;159,00;160,00;158,50;158,50;159,345971563980;-0,94;15;211,00000;33622,00;EUR;EUR
XZAG;PODR;HRPODRRA0004;2024-08-16;CT;158,00;160,00;158,00;160,00;159,111111111110;0,00;3;90,00000;14320,00;EUR;EUR
XZAG;PODR;HRPODRRA0004;2024-08-14;CT;159,50;160,00;159,00;160,00;159,204545454550;0,31;5;44,00000;7005,00;EUR;EUR
XZAG;PODR;HRPODRRA0004;2024-08-13;CT;158,00;159,50;158,00;159,50;158,919421487600;-0,31;4;242,00000;38458,50;EUR;EUR
XZAG;PODR;HRPODRRA0004;2024-08-12;CT;159,50;160,00;158,00;160,00;159,010922330100;-1,23;13;824,00000;131025,00;EUR;EUR
XZAG;PODR;HRPODRRA0004;2024-08-09;CT;162,00;162,00;159,50;162,00;160,771333333330;-0,61;15;750,00000;120578,50;EUR;EUR
XZAG;PODR;HRPODRRA0004;2024-08-08;CT;163,00;163,00;163,00;163,00;163,000000000000;0,62;4;41,00000;6683,00;EUR;EUR
XZAG;PODR;HRPODRRA0004;2024-08-07;CT;162,00;162,00;162,00;162,00;162,000000000000;0,00;1;15,00000;2430,00;EUR;EUR
XZAG;PODR;HRPODRRA0004;2024-08-06;CT;163,00;163,50;161,00;162,00;163,005370569280;-1,82;17;931,00000;151758,00;EUR;EUR
XZAG;PODR;HRPODRRA0004;2024-08-02;CT;163,50;165,00;163,50;165,00;163,812500000000;0,00;3;72,00000;11794,50;EUR;EUR
XZAG;PODR;HRPODRRA0004;2024-08-01;CT;164,50;165,00;164,50;165,00;164,956521739130;0,92;4;23,00000;3794,00;EUR;EUR
XZAG;PODR;HRPODRRA0004;2024-07-31;CT;163,00;165,00;163,00;163,50;164,002770083100;-0,91;9;361,00000;59205,00;EUR;EUR
XZAG;PODR;HRPODRRA0004;2024-07-30;CT;162,50;165,00;162,50;165,00;163,813265306120;1,23;9;490,00000;80268,50;EUR;EUR
XZAG;PODR;HRPODRRA0004;2024-07-29;CT;165,00;165,00;163,00;163,00;163,823675496690;-1,21;27;604,00000;98949,50;EUR;EUR
XZAG;PODR;HRPODRRA0004;2024-07-26;CT;165,00;165,00;163,00;165,00;164,853233830850;0,92;5;201,00000;33135,50;EUR;EUR
XZAG;PODR;HRPODRRA0004;2024-07-25;CT;164,00;164,00;162,50;163,50;162,895114942530;-0,30;11;348,00000;56687,50;EUR;EUR
XZAG;PODR;HRPODRRA0004;2024-07-24;CT;165,50;165,50;164,00;164,00;164,173237753880;-0,91;14;837,00000;137413,00;EUR;EUR
XZAG;PODR;HRPODRRA0004;2024-07-23;CT;165,00;165,50;164,50;165,50;165,043188202250;0,61;13;1424,00000;235021,50;EUR;EUR
XZAG;PODR;HRPODRRA0004;2024-07-22;CT;166,00;166,50;164,50;164,50;165,281250000000;-0,60;15;688,00000;113713,50;EUR;EUR
XZAG;PODR;HRPODRRA0004;2024-07-19;CT;166,50;167,00;165,50;165,50;166,091787439610;-0,60;21;1863,00000;309429,00;EUR;EUR
XZAG;PODR;HRPODRRA0004;2024-07-18;CT;167,50;167,50;166,50;166,50;166,909914129590;-0,60;30;6405,00000;1069058,00;EUR;EUR
XZAG;PODR;HRPODRRA0004;2024-07-17;CT;168,50;168,50;167,50;167,50;167,833892184680;-0,30;26;3877,00000;650692,00;EUR;EUR
XZAG;PODR;HRPODRRA0004;2024-07-16;CT;169,00;169,50;167,50;168,00;168,344847775180;-0,59;17;854,00000;143766,50;EUR;EUR
XZAG;PODR;HRPODRRA0004;2024-07-15;CT;167,50;169,50;167,50;169,00;168,675983436850;1,20;44;1449,00000;244411,50;EUR;EUR
XZAG;PODR;HRPODRRA0004;2024-07-12;CT;163,50;168,00;163,50;167,00;166,097028502120;4,38;57;1649,00000;273894,00;EUR;EUR
XZAG;PODR;HRPODRRA0004;2024-07-11;CT;160,50;161,00;159,50;160,00;160,082125603860;-0,62;12;414,00000;66274,00;EUR;EUR
XZAG;PODR;HRPODRRA0004;2024-07-10;CT;161,00;162,00;160,00;161,00;160,181189668670;1,58;39;19165,00000;3069872,50;EUR;EUR
XZAG;PODR;HRPODRRA0004;2024-07-09;CT;159,50;159,50;158,50;158,50;159,272020725390;-0,63;7;193,00000;30739,50;EUR;EUR
XZAG;PODR;HRPODRRA0004;2024-07-08;CT;158,00;159,50;158,00;159,50;159,369186046510;0,95;8;172,00000;27411,50;EUR;EUR
XZAG;PODR;HRPODRRA0004;2024-07-05;CT;158,00;158,00;158,00;158,00;158,000000000000;0,32;6;225,00000;35550,00;EUR;EUR
XZAG;PODR;HRPODRRA0004;2024-07-04;CT;157,50;157,50;157,50;157,50;157,500000000000;0,00;1;1,00000;157,50;EUR;EUR
XZAG;PODR;HRPODRRA0004;2024-07-03;CT;158,00;160,00;157,50;157,50;158,591490963860;-0,63;25;1328,00000;210609,50;EUR;EUR
XZAG;PODR;HRPODRRA0004;2024-07-02;CT;158,00;158,50;158,00;158,50;158,189189189190;0,32;3;37,00000;5853,00;EUR;EUR
XZAG;PODR;HRPODRRA0004;2024-07-01;CT;157,00;158,50;157,00;158,00;157,396980461810;0,00;13;563,00000;88614,50;EUR;EUR
XZAG;PODR;HRPODRRA0004;2024-06-28;CT;157,50;158,00;156,00;158,00;157,261068702290;0,32;12;655,00000;103006,00;EUR;EUR
XZAG;PODR;HRPODRRA0004;2024-06-27;CT;156,50;157,50;156,00;157,50;156,540284360190;0,64;11;211,00000;33030,00;EUR;EUR
XZAG;PODR;HRPODRRA0004;2024-06-26;CT;157,00;158,00;156,50;156,50;157,469026548670;0,00;9;113,00000;17794,00;EUR;EUR
XZAG;PODR;HRPODRRA0004;2024-06-25;CT;159,00;159,00;156,50;156,50;158,279503105590;-0,32;8;161,00000;25483,00;EUR;EUR
XZAG;PODR;HRPODRRA0004;2024-06-24;CT;158,00;158,00;157,00;157,00;157,259782608700;-0,32;11;460,00000;72339,50;EUR;EUR
XZAG;PODR;HRPODRRA0004;2024-06-21;CT;158,50;158,50;157,50;157,50;158,184210526320;-1,25;6;608,00000;96176,00;EUR;EUR
XZAG;PODR;HRPODRRA0004;2024-06-20;CT;159,50;159,50;159,50;159,50;159,500000000000;0,31;2;13,00000;2073,50;EUR;EUR
XZAG;PODR;HRPODRRA0004;2024-06-19;CT;159,50;159,50;159,00;159,00;159,173611111110;-0,31;5;72,00000;11460,50;EUR;EUR
XZAG;PODR;HRPODRRA0004;2024-06-18;CT;159,00;160,00;157,00;159,50;159,391208791210;0,63;15;455,00000;72523,00;EUR;EUR
XZAG;PODR;HRPODRRA0004;2024-06-17;CT;156,50;159,00;156,50;158,50;157,841149273450;3,59;44;3028,00000;477943,00;EUR;EUR
XZAG;PODR;HRPODRRA0004;2024-06-14;CT;155,00;156,50;153,00;153,00;153,335149384890;-0,97;17;2845,00000;436238,50;EUR;EUR
XZAG;PODR;HRPODRRA0004;2024-06-13;CT;155,00;155,50;154,50;154,50;154,991749174920;-1,59;11;606,00000;93925,00;EUR;EUR
XZAG;PODR;HRPODRRA0004;2024-06-12;CT;156,00;157,00;156,00;157,00;156,519771863120;0,32;19;2630,00000;411647,00;EUR;EUR
XZAG;PODR;HRPODRRA0004;2024-06-11;CT;156,50;156,50;156,50;156,50;156,500000000000;0,00;2;40,00000;6260,00;EUR;EUR
XZAG;PODR;HRPODRRA0004;2024-06-10;CT;157,00;157,00;156,50;156,50;156,563202247190;0,00;6;356,00000;55736,50;EUR;EUR
XZAG;PODR;HRPODRRA0004;2024-06-07;CT;156,50;156,50;156,50;156,50;156,500000000000;0,00;1;200,00000;31300,00;EUR;EUR
XZAG;PODR;HRPODRRA0004;2024-06-06;CT;156,00;156,50;156,00;156,50;156,198795180720;0,97;4;332,00000;51858,00;EUR;EUR
XZAG;PODR;HRPODRRA0004;2024-06-05;CT;155,50;155,50;155,00;155,00;155,076923076920;-0,96;3;65,00000;10080,00;EUR;EUR
XZAG;PODR;HRPODRRA0004;2024-06-04;CT;156,50;156,50;156,50;156,50;156,500000000000;-0,32;7;405,00000;63382,50;EUR;EUR
XZAG;PODR;HRPODRRA0004;2024-06-03;CT;157,00;157,00;157,00;157,00;157,000000000000;0,96;3;58,00000;9106,00;EUR;EUR
XZAG;PODR;HRPODRRA0004;2024-05-31;CT;155,50;156,00;155,50;155,50;155,642857142860;0,32;4;35,00000;5447,50;EUR;EUR
XZAG;PODR;HRPODRRA0004;2024-05-29;CT;155,00;155,00;155,00;155,00;155,000000000000;-1,27;2;54,00000;8370,00;EUR;EUR
XZAG;PODR;HRPODRRA0004;2024-05-28;CT;156,00;157,00;155,50;157,00;156,135353535350;0,00;8;495,00000;77287,00;EUR;EUR
XZAG;PODR;HRPODRRA0004;2024-05-27;CT;157,50;157,50;156,00;157,00;157,266009852220;0,00;12;406,00000;63850,00;EUR;EUR
XZAG;PODR;HRPODRRA0004;2024-05-23;CT;156,00;157,00;155,50;157,00;156,677419354840;0,00;7;403,00000;63141,00;EUR;EUR
XZAG;PODR;HRPODRRA0004;2024-05-22;CT;156,00;157,50;156,00;157,00;157,115384615380;0,32;6;156,00000;24510,00;EUR;EUR
XZAG;PODR;HRPODRRA0004;2024-05-21;CT;158,00;158,00;156,50;156,50;156,857988165680;-0,95;12;338,00000;53018,00;EUR;EUR
XZAG;PODR;HRPODRRA0004;2024-05-20;CT;158,00;158,00;158,00;158,00;158,000000000000;0,00;14;1164,00000;183912,00;EUR;EUR
XZAG;PODR;HRPODRRA0004;2024-05-17;CT;158,00;158,00;157,50;158,00;157,962108731470;0,00;8;607,00000;95883,00;EUR;EUR
XZAG;PODR;HRPODRRA0004;2024-05-16;CT;158,50;158,50;158,00;158,00;158,009132420090;0,00;5;219,00000;34604,00;EUR;EUR
XZAG;PODR;HRPODRRA0004;2024-05-15;CT;157,50;158,00;157,50;158,00;157,634883720930;0,00;19;645,00000;101674,50;EUR;EUR
XZAG;PODR;HRPODRRA0004;2024-05-14;CT;158,00;158,00;157,00;158,00;157,938650306750;0,64;6;163,00000;25744,00;EUR;EUR
XZAG;PODR;HRPODRRA0004;2024-05-13;CT;158,00;159,00;157,00;157,00;157,804698972100;-0,63;13;681,00000;107465,00;EUR;EUR
XZAG;PODR;HRPODRRA0004;2024-05-10;CT;156,00;158,00;156,00;158,00;157,718309859150;0,00;5;71,00000;11198,00;EUR;EUR
XZAG;PODR;HRPODRRA0004;2024-05-09;CT;157,50;158,00;156,00;158,00;157,313095238100;0,64;9;420,00000;66071,50;EUR;EUR
XZAG;PODR;HRPODRRA0004;2024-05-08;CT;157,00;157,50;157,00;157,00;157,016304347830;0,00;7;92,00000;14445,50;EUR;EUR
XZAG;PODR;HRPODRRA0004;2024-05-07;CT;157,50;157,50;157,00;157,00;157,371040723980;-0,32;7;442,00000;69558,00;EUR;EUR
XZAG;PODR;HRPODRRA0004;2024-05-06;CT;157,50;157,50;157,50;157,50;157,500000000000;0,32;3;85,00000;13387,50;EUR;EUR
XZAG;PODR;HRPODRRA0004;2024-05-03;CT;157,00;157,00;156,00;157,00;156,745098039220;0,00;5;51,00000;7994,00;EUR;EUR
XZAG;PODR;HRPODRRA0004;2024-05-02;CT;156,00;157,00;155,50;157,00;156,506097560980;0,00;8;164,00000;25667,00;EUR;EUR
XZAG;PODR;HRPODRRA0004;2024-04-30;CT;157,00;158,50;157,00;157,00;157,595446584940;0,00;14;571,00000;89987,00;EUR;EUR
XZAG;PODR;HRPODRRA0004;2024-04-29;CT;158,00;158,00;157,00;157,00;157,224669603520;-0,63;4;227,00000;35690,00;EUR;EUR
XZAG;PODR;HRPODRRA0004;2024-04-26;CT;156,00;158,00;156,00;158,00;157,445945945950;0,64;4;148,00000;23302,00;EUR;EUR
XZAG;PODR;HRPODRRA0004;2024-04-25;CT;155,50;157,00;155,50;157,00;156,588419405320;2,28;7;639,00000;100060,00;EUR;EUR
XZAG;PODR;HRPODRRA0004;2024-04-24;CT;153,50;153,50;153,50;153,50;153,500000000000;-0,65;1;45,00000;6907,50;EUR;EUR
XZAG;PODR;HRPODRRA0004;2024-04-23;CT;156,00;157,00;154,50;154,50;155,201596806390;-1,59;13;1002,00000;155512,00;EUR;EUR
XZAG;PODR;HRPODRRA0004;2024-04-22;CT;157,00;157,00;157,00;157,00;157,000000000000;0,64;4;200,00000;31400,00;EUR;EUR
XZAG;PODR;HRPODRRA0004;2024-04-19;CT;156,00;156,00;156,00;156,00;156,000000000000;0,00;3;120,00000;18720,00;EUR;EUR
XZAG;PODR;HRPODRRA0004;2024-04-18;CT;157,00;157,00;156,00;156,00;156,077490774910;-1,58;4;271,00000;42297,00;EUR;EUR
XZAG;PODR;HRPODRRA0004;2024-04-16;CT;156,50;158,50;156,50;158,50;157,239130434780;0,96;4;92,00000;14466,00;EUR;EUR
XZAG;PODR;HRPODRRA0004;2024-04-15;CT;157,50;157,50;157,00;157,00;157,455284552850;-1,26;9;246,00000;38734,00;EUR;EUR
XZAG;PODR;HRPODRRA0004;2024-04-12;CT;158,00;159,00;157,50;159,00;158,468354430380;0,95;7;79,00000;12519,00;EUR;EUR
XZAG;PODR;HRPODRRA0004;2024-04-11;CT;157,50;159,00;157,50;157,50;157,912844036700;-0,63;4;218,00000;34425,00;EUR;EUR
XZAG;PODR;HRPODRRA0004;2024-04-10;CT;157,00;158,50;156,50;158,50;157,325539568350;0,32;9;278,00000;43736,50;EUR;EUR
XZAG;PODR;HRPODRRA0004;2024-04-09;CT;157,50;158,00;157,50;158,00;157,778688524590;0,32;5;305,00000;48122,50;EUR;EUR
XZAG;PODR;HRPODRRA0004;2024-04-08;CT;156,00;157,50;155,00;157,50;155,530744336570;0,96;6;309,00000;48059,00;EUR;EUR
XZAG;PODR;HRPODRRA0004;2024-04-05;CT;156,00;157,50;155,00;156,00;155,500000000000;-0,32;6;48,00000;7464,00;EUR;EUR
XZAG;PODR;HRPODRRA0004;2024-04-04;CT;157,00;157,00;155,00;156,50;155,874193548390;-0,32;10;310,00000;48321,00;EUR;EUR
XZAG;PODR;HRPODRRA0004;2024-04-03;CT;160,00;160,00;157,00;157,00;157,868243243240;-1,26;16;740,00000;116822,50;EUR;EUR
XZAG;PODR;HRPODRRA0004;2024-04-02;CT;160,00;160,00;159,00;159,00;159,443365695790;-0,63;28;1236,00000;197072,00;EUR;EUR
XZAG;PODR;HRPODRRA0004;2024-03-28;CT;158,00;160,50;158,00;160,00;159,976550680790;0,31;20;1322,00000;211489,00;EUR;EUR
XZAG;PODR;HRPODRRA0004;2024-03-27;CT;159,00;159,50;159,00;159,50;159,491830065360;0,95;6;306,00000;48804,50;EUR;EUR
XZAG;PODR;HRPODRRA0004;2024-03-26;CT;157,50;159,50;157,50;158,00;158,288844621510;-0,94;7;251,00000;39730,50;EUR;EUR
XZAG;PODR;HRPODRRA0004;2024-03-25;CT;161,00;161,00;157,00;159,50;159,207178841310;0,00;19;794,00000;126410,50;EUR;EUR
XZAG;PODR;HRPODRRA0004;2024-03-22;CT;161,00;161,00;159,50;159,50;160,651219512200;-1,24;11;205,00000;32933,50;EUR;EUR
XZAG;PODR;HRPODRRA0004;2024-03-21;CT;161,50;161,50;161,00;161,50;161,222222222220;0,31;6;153,00000;24667,00;EUR;EUR
XZAG;PODR;HRPODRRA0004;2024-03-20;CT;159,50;161,00;159,50;161,00;160,040419161680;0,94;14;334,00000;53453,50;EUR;EUR
XZAG;PODR;HRPODRRA0004;2024-03-19;CT;160,50;160,50;159,50;159,50;160,087613293050;-0,93;8;331,00000;52989,00;EUR;EUR
XZAG;PODR;HRPODRRA0004;2024-03-18;CT;161,50;161,50;160,00;161,00;161,138679245280;-0,31;11;530,00000;85403,50;EUR;EUR
XZAG;PODR;HRPODRRA0004;2024-03-15;CT;159,50;161,50;159,50;161,50;160,138655462180;1,89;22;714,00000;114339,00;EUR;EUR
XZAG;PODR;HRPODRRA0004;2024-03-14;CT;157,00;158,50;156,00;158,50;157,312552653750;0,96;13;1187,00000;186730,00;EUR;EUR
XZAG;PODR;HRPODRRA0004;2024-03-13;CT;153,50;157,00;153,50;157,00;156,296195652170;2,28;17;736,00000;115034,00;EUR;EUR
XZAG;PODR;HRPODRRA0004;2024-03-12;CT;154,00;155,00;152,50;153,50;152,894549763030;0,99;13;422,00000;64521,50;EUR;EUR
XZAG;PODR;HRPODRRA0004;2024-03-11;CT;152,00;153,00;151,50;152,00;151,722639273010;0,00;10;2531,00000;384010,00;EUR;EUR
XZAG;PODR;HRPODRRA0004;2024-03-08;CT;150,00;152,00;149,00;152,00;150,389117043120;1,00;23;1461,00000;219718,50;EUR;EUR
XZAG;PODR;HRPODRRA0004;2024-03-07;CT;154,00;154,00;150,50;150,50;152,621739130430;-2,90;28;1265,00000;193066,50;EUR;EUR
XZAG;PODR;HRPODRRA0004;2024-03-06;CT;158,50;158,50;153,50;155,00;155,978417266190;-1,90;20;1251,00000;195129,00;EUR;EUR
XZAG;PODR;HRPODRRA0004;2024-03-05;CT;158,00;159,50;157,50;158,00;157,840336134450;-1,25;7;119,00000;18783,00;EUR;EUR
XZAG;PODR;HRPODRRA0004;2024-03-04;CT;158,50;160,00;158,00;160,00;158,227878787880;0,63;8;825,00000;130538,00;EUR;EUR
XZAG;PODR;HRPODRRA0004;2024-03-01;CT;160,00;160,50;159,00;159,00;159,978723404260;-0,63;5;47,00000;7519,00;EUR;EUR
XZAG;PODR;HRPODRRA0004;2024-02-29;CT;161,00;161,00;160,00;160,00;160,329411764710;0,00;6;85,00000;13628,00;EUR;EUR
XZAG;PODR;HRPODRRA0004;2024-02-28;CT;163,50;163,50;159,00;160,00;160,780395852970;-1,23;21;2122,00000;341176,00;EUR;EUR
XZAG;PODR;HRPODRRA0004;2024-02-27;CT;162,00;163,50;162,00;162,00;163,141304347830;-0,61;8;276,00000;45027,00;EUR;EUR
XZAG;PODR;HRPODRRA0004;2024-02-26;CT;163,50;164,50;162,50;163,00;163,039692701660;-0,31;14;781,00000;127334,00;EUR;EUR
XZAG;PODR;HRPODRRA0004;2024-02-23;CT;163,50;164,00;163,50;163,50;163,524221453290;-0,30;14;289,00000;47258,50;EUR;EUR
XZAG;PODR;HRPODRRA0004;2024-02-22;CT;165,50;165,50;163,50;164,00;163,537558685450;-0,30;6;426,00000;69667,00;EUR;EUR
XZAG;PODR;HRPODRRA0004;2024-02-21;CT;166,50;166,50;164,50;164,50;165,005859375000;-0,60;5;512,00000;84483,00;EUR;EUR
XZAG;PODR;HRPODRRA0004;2024-02-20;CT;166,50;167,00;165,50;165,50;165,679216867470;-0,30;8;332,00000;55005,50;EUR;EUR
XZAG;PODR;HRPODRRA0004;2024-02-19;CT;168,00;168,00;166,00;166,00;167,017985611510;-0,60;16;1112,00000;185724,00;EUR;EUR
XZAG;PODR;HRPODRRA0004;2024-02-16;CT;168,00;168,50;167,00;167,00;168,452651515150;-0,60;7;528,00000;88943,00;EUR;EUR
XZAG;PODR;HRPODRRA0004;2024-02-15;CT;168,00;168,00;168,00;168,00;168,000000000000;-0,30;6;81,00000;13608,00;EUR;EUR
XZAG;PODR;HRPODRRA0004;2024-02-14;CT;168,50;168,50;168,50;168,50;168,500000000000;1,51;2;27,00000;4549,50;EUR;EUR
XZAG;PODR;HRPODRRA0004;2024-02-13;CT;166,00;168,50;166,00;166,00;167,156941649900;0,30;6;497,00000;83077,00;EUR;EUR
XZAG;PODR;HRPODRRA0004;2024-02-12;CT;165,50;165,50;165,50;165,50;165,500000000000;-0,90;8;119,00000;19694,50;EUR;EUR
XZAG;PODR;HRPODRRA0004;2024-02-09;CT;164,50;169,00;164,50;167,00;167,821861945490;-0,60;10;5027,00000;843640,50;EUR;EUR
XZAG;PODR;HRPODRRA0004;2024-02-08;CT;165,50;168,00;165,00;168,00;165,152354570640;0,00;12;722,00000;119240,00;EUR;EUR
XZAG;PODR;HRPODRRA0004;2024-02-07;CT;167,50;168,00;166,00;168,00;166,869490695400;0,00;17;2042,00000;340747,50;EUR;EUR
XZAG;PODR;HRPODRRA0004;2024-02-06;CT;168,00;168,00;167,00;168,00;167,549848942600;-0,30;7;331,00000;55459,00;EUR;EUR
XZAG;PODR;HRPODRRA0004;2024-02-05;CT;168,00;169,00;168,00;168,50;168,640077821010;-0,30;11;257,00000;43340,50;EUR;EUR
XZAG;PODR;HRPODRRA0004;2024-02-02;CT;169,50;169,50;169,00;169,00;169,074866310160;0,00;6;187,00000;31617,00;EUR;EUR
XZAG;PODR;HRPODRRA0004;2024-02-01;CT;168,50;169,50;168,00;169,00;168,858395989970;-0,29;14;399,00000;67374,50;EUR;EUR
XZAG;PODR;HRPODRRA0004;2024-01-31;CT;169,00;169,50;166,00;169,50;168,354679802960;0,89;7;406,00000;68352,00;EUR;EUR
XZAG;PODR;HRPODRRA0004;2024-01-30;CT;168,50;168,50;167,50;168,00;167,779735682820;-0,59;3;227,00000;38086,00;EUR;EUR
XZAG;PODR;HRPODRRA0004;2024-01-29;CT;166,50;169,00;166,50;169,00;167,855153203340;0,60;11;718,00000;120520,00;EUR;EUR
XZAG;PODR;HRPODRRA0004;2024-01-26;CT;166,00;168,00;166,00;168,00;166,930006086430;1,20;15;1643,00000;274266,00;EUR;EUR
XZAG;PODR;HRPODRRA0004;2024-01-25;CT;166,50;166,50;164,00;166,00;165,465581395350;0,00;15;1075,00000;177875,50;EUR;EUR
XZAG;PODR;HRPODRRA0004;2024-01-24;CT;166,50;166,50;162,00;166,00;165,193721719460;-1,19;24;1768,00000;292062,50;EUR;EUR
XZAG;PODR;HRPODRRA0004;2024-01-23;CT;170,50;170,50;167,00;168,00;167,584112149530;-0,30;22;1391,00000;233109,50;EUR;EUR
XZAG;PODR;HRPODRRA0004;2024-01-22;CT;171,00;171,00;168,00;168,50;169,859867330020;-1,46;20;603,00000;102425,50;EUR;EUR
XZAG;PODR;HRPODRRA0004;2024-01-19;CT;171,00;171,00;170,00;171,00;170,632450331130;0,00;22;302,00000;51531,00;EUR;EUR
XZAG;PODR;HRPODRRA0004;2024-01-18;CT;170,00;171,00;170,00;171,00;170,285714285710;0,00;9;238,00000;40528,00;EUR;EUR
XZAG;PODR;HRPODRRA0004;2024-01-17;CT;171,00;171,00;169,50;171,00;170,276376146790;0,59;10;436,00000;74240,50;EUR;EUR
XZAG;PODR;HRPODRRA0004;2024-01-16;CT;169,00;172,00;169,00;170,00;171,454310980100;0,00;18;1357,00000;232663,50;EUR;EUR
XZAG;PODR;HRPODRRA0004;2024-01-15;CT;169,00;170,00;168,00;170,00;168,363636363640;0,59;5;132,00000;22224,00;EUR;EUR
XZAG;PODR;HRPODRRA0004;2024-01-12;CT;169,00;170,00;168,00;169,00;168,659863945580;0,60;9;1029,00000;173551,00;EUR;EUR
XZAG;PODR;HRPODRRA0004;2024-01-11;CT;168,00;168,00;167,00;168,00;167,607843137250;0,90;3;51,00000;8548,00;EUR;EUR
XZAG;PODR;HRPODRRA0004;2024-01-10;CT;168,00;170,00;166,50;166,50;168,438892640110;-2,06;21;1481,00000;249458,00;EUR;EUR
XZAG;PODR;HRPODRRA0004;2024-01-09;CT;169,00;175,00;167,00;170,00;170,288180112570;1,19;37;2665,00000;453818,00;EUR;EUR
XZAG;PODR;HRPODRRA0004;2024-01-08;CT;166,00;168,00;166,00;168,00;166,798061389340;1,20;11;619,00000;103248,00;EUR;EUR
XZAG;PODR;HRPODRRA0004;2024-01-05;CT;163,00;166,00;163,00;166,00;163,996753246750;3,11;20;770,00000;126277,50;EUR;EUR
XZAG;PODR;HRPODRRA0004;2024-01-04;CT;162,00;162,50;160,50;161,00;161,169889502760;-0,31;14;362,00000;58343,50;EUR;EUR
XZAG;PODR;HRPODRRA0004;2024-01-03;CT;161,00;161,50;161,00;161,50;161,028795811520;-0,31;5;191,00000;30756,50;EUR;EUR
XZAG;PODR;HRPODRRA0004;2024-01-02;CT;160,00;162,00;160,00;162,00;160,703703703700;-0,61;7;108,00000;17356,00;EUR;EUR
XZAG;PODR;HRPODRRA0004;2023-12-29;CT;161,00;163,00;160,00;163,00;160,764492753620;1,88;6;138,00000;22185,50;EUR;EUR
XZAG;PODR;HRPODRRA0004;2023-12-28;CT;160,00;160,00;160,00;160,00;160,000000000000;-0,62;2;20,00000;3200,00;EUR;EUR
XZAG;PODR;HRPODRRA0004;2023-12-27;CT;160,00;163,00;160,00;161,00;160,517897943640;0,63;10;2626,00000;421520,00;EUR;EUR
XZAG;PODR;HRPODRRA0004;2023-12-22;CT;160,00;160,00;159,50;160,00;159,866197183100;0,00;5;142,00000;22701,00;EUR;EUR
XZAG;PODR;HRPODRRA0004;2023-12-21;CT;160,00;160,50;160,00;160,00;160,450000000000;-0,93;7;500,00000;80225,00;EUR;EUR
XZAG;PODR;HRPODRRA0004;2023-12-20;CT;160,00;161,50;160,00;161,50;161,245125348190;0,94;12;359,00000;57887,00;EUR;EUR
XZAG;PODR;HRPODRRA0004;2023-12-19;CT;161,00;164,00;159,50;160,00;162,109413707680;-1,23;30;2422,00000;392629,00;EUR;EUR
XZAG;PODR;HRPODRRA0004;2023-12-18;CT;161,00;162,00;160,50;162,00;161,278688524590;0,00;8;183,00000;29514,00;EUR;EUR
XZAG;PODR;HRPODRRA0004;2023-12-15;CT;161,00;162,00;160,00;162,00;160,634191176470;0,62;17;272,00000;43692,50;EUR;EUR
XZAG;PODR;HRPODRRA0004;2023-12-14;CT;162,00;162,00;160,00;161,00;160,008304988660;-0,62;15;17640,00000;2822546,50;EUR;EUR
XZAG;PODR;HRPODRRA0004;2023-12-13;CT;162,50;163,00;160,50;162,00;161,352956989250;0,93;14;1860,00000;300116,50;EUR;EUR
XZAG;PODR;HRPODRRA0004;2023-12-12;CT;156,50;163,00;156,50;160,50;159,826061663760;2,88;23;1719,00000;274741,00;EUR;EUR
XZAG;PODR;HRPODRRA0004;2023-12-11;CT;156,50;157,00;156,00;156,00;156,464953271030;-0,64;9;214,00000;33483,50;EUR;EUR
XZAG;PODR;HRPODRRA0004;2023-12-08;CT;156,50;157,00;156,50;157,00;156,847222222220;0,00;6;144,00000;22586,00;EUR;EUR
XZAG;PODR;HRPODRRA0004;2023-12-07;CT;158,00;158,00;155,00;157,00;156,094155844160;0,64;10;308,00000;48077,00;EUR;EUR
XZAG;PODR;HRPODRRA0004;2023-12-06;CT;157,00;164,00;156,00;156,00;160,523666092940;-0,64;60;3486,00000;559585,50;EUR;EUR
XZAG;PODR;HRPODRRA0004;2023-12-05;CT;155,00;159,50;155,00;157,00;157,549935149160;1,29;33;1542,00000;242942,00;EUR;EUR
XZAG;PODR;HRPODRRA0004;2023-12-04;CT;151,00;155,50;151,00;155,00;153,081334723670;3,33;35;959,00000;146805,00;EUR;EUR
XZAG;PODR;HRPODRRA0004;2023-12-01;CT;148,00;152,00;148,00;150,00;150,581101190480;0,67;39;2688,00000;404762,00;EUR;EUR
XZAG;PODR;HRPODRRA0004;2023-11-30;CT;144,00;149,50;144,00;149,00;147,270311545510;4,93;24;3274,00000;482163,00;EUR;EUR
XZAG;PODR;HRPODRRA0004;2023-11-29;CT;144,00;144,50;142,00;142,00;143,521929824560;-0,70;6;228,00000;32723,00;EUR;EUR
XZAG;PODR;HRPODRRA0004;2023-11-28;CT;142,50;143,00;141,00;143,00;142,423076923080;1,42;18;1638,00000;233289,00;EUR;EUR
XZAG;PODR;HRPODRRA0004;2023-11-27;CT;141,50;141,50;139,00;141,00;140,569330978140;-0,70;33;4529,00000;636638,50;EUR;EUR
XZAG;PODR;HRPODRRA0004;2023-11-24;CT;143,00;143,00;142,00;142,00;142,184707903780;-2,07;16;2328,00000;331006,00;EUR;EUR
XZAG;PODR;HRPODRRA0004;2023-11-23;CT;145,00;145,50;144,00;145,00;144,689203925850;-0,68;14;917,00000;132680,00;EUR;EUR
XZAG;PODR;HRPODRRA0004;2023-11-22;CT;145,00;146,00;145,00;146,00;145,719424460430;1,39;4;139,00000;20255,00;EUR;EUR
XZAG;PODR;HRPODRRA0004;2023-11-21;CT;145,00;145,00;144,00;144,00;144,165605095540;0,70;8;471,00000;67902,00;EUR;EUR
XZAG;PODR;HRPODRRA0004;2023-11-20;CT;145,50;145,50;143,00;143,00;144,039672544080;-2,72;13;2382,00000;343102,50;EUR;EUR
XZAG;PODR;HRPODRRA0004;2023-11-17;CT;149,00;149,00;147,00;147,00;147,760869565220;-1,34;6;161,00000;23789,50;EUR;EUR
XZAG;PODR;HRPODRRA0004;2023-11-16;CT;150,00;150,00;148,50;149,00;148,731464737790;0,00;13;553,00000;82248,50;EUR;EUR
XZAG;PODR;HRPODRRA0004;2023-11-15;CT;149,50;151,00;149,00;149,00;149,995627511230;0,34;44;4231,00000;634631,50;EUR;EUR
XZAG;PODR;HRPODRRA0004;2023-11-14;CT;146,50;149,50;146,50;148,50;148,882173913040;1,71;32;2300,00000;342429,00;EUR;EUR
XZAG;PODR;HRPODRRA0004;2023-11-13;CT;145,00;147,00;145,00;146,00;146,007851934940;2,10;17;3566,00000;520664,00;EUR;EUR
XZAG;PODR;HRPODRRA0004;2023-11-10;CT;144,50;145,00;143,00;143,00;144,665680473370;-1,38;7;338,00000;48897,00;EUR;EUR
XZAG;PODR;HRPODRRA0004;2023-11-09;CT;147,50;147,50;145,00;145,00;147,048816568050;-1,36;17;676,00000;99405,00;EUR;EUR
XZAG;PODR;HRPODRRA0004;2023-11-08;CT;143,00;147,50;142,50;147,00;145,330562347190;3,16;39;2045,00000;297201,00;EUR;EUR
XZAG;PODR;HRPODRRA0004;2023-11-07;CT;139,50;142,50;139,50;142,50;140,080877742950;2,89;23;1595,00000;223429,00;EUR;EUR
XZAG;PODR;HRPODRRA0004;2023-11-06;CT;136,50;138,50;136,50;138,50;137,818690095850;1,09;6;626,00000;86274,50;EUR;EUR
XZAG;PODR;HRPODRRA0004;2023-11-03;CT;135,50;137,00;135,50;137,00;136,435724962630;1,86;8;669,00000;91275,50;EUR;EUR
XZAG;PODR;HRPODRRA0004;2023-11-02;CT;134,00;134,50;133,00;134,50;133,811555075590;0,37;14;1852,00000;247819,00;EUR;EUR
XZAG;PODR;HRPODRRA0004;2023-10-31;CT;132,50;134,00;132,50;134,00;132,969589257500;1,13;24;3798,00000;505018,50;EUR;EUR
XZAG;PODR;HRPODRRA0004;2023-10-30;CT;132,50;132,50;132,00;132,50;132,497512437810;0,76;4;603,00000;79896,00;EUR;EUR
XZAG;PODR;HRPODRRA0004;2023-10-27;CT;133,00;133,00;131,50;131,50;132,828178694160;-1,13;9;291,00000;38653,00;EUR;EUR
XZAG;PODR;HRPODRRA0004;2023-10-26;CT;133,00;133,00;133,00;133,00;133,000000000000;0,76;9;1434,00000;190722,00;EUR;EUR
XZAG;PODR;HRPODRRA0004;2023-10-25;CT;134,50;134,50;132,00;132,00;133,102744097000;-1,12;11;1567,00000;208572,00;EUR;EUR
XZAG;PODR;HRPODRRA0004;2023-10-24;CT;132,50;133,50;132,50;133,50;132,768292682930;1,52;7;410,00000;54435,00;EUR;EUR
XZAG;PODR;HRPODRRA0004;2023-10-23;CT;131,00;132,00;131,00;131,50;131,400696864110;-0,38;4;287,00000;37712,00;EUR;EUR
XZAG;PODR;HRPODRRA0004;2023-10-20;CT;131,50;132,00;131,50;132,00;131,673316708230;0,76;14;401,00000;52801,00;EUR;EUR
XZAG;PODR;HRPODRRA0004;2023-10-19;CT;131,00;131,00;131,00;131,00;131,000000000000;0,00;1;60,00000;7860,00;EUR;EUR
XZAG;PODR;HRPODRRA0004;2023-10-18;CT;132,00;132,00;131,00;131,00;131,537634408600;-0,38;3;93,00000;12233,00;EUR;EUR
XZAG;PODR;HRPODRRA0004;2023-10-17;CT;131,50;131,50;130,00;131,50;131,429245283020;0,00;4;212,00000;27863,00;EUR;EUR
XZAG;PODR;HRPODRRA0004;2023-10-16;CT;131,00;131,50;129,50;131,50;130,952247191010;0,38;9;356,00000;46619,00;EUR;EUR
XZAG;PODR;HRPODRRA0004;2023-10-13;CT;134,00;134,00;131,00;131,00;131,773743016760;-1,13;10;716,00000;94350,00;EUR;EUR
XZAG;PODR;HRPODRRA0004;2023-10-12;CT;133,00;133,00;132,50;132,50;132,522388059700;-1,12;3;67,00000;8879,00;EUR;EUR
XZAG;PODR;HRPODRRA0004;2023-10-11;CT;133,50;134,00;133,50;134,00;133,966666666670;1,13;2;150,00000;20095,00;EUR;EUR
XZAG;PODR;HRPODRRA0004;2023-10-10;CT;133,00;134,50;132,50;132,50;133,430147058820;0,38;13;680,00000;90732,50;EUR;EUR
XZAG;PODR;HRPODRRA0004;2023-10-09;CT;137,00;137,00;128,00;132,00;131,089681844720;-5,04;45;6852,00000;898226,50;EUR;EUR
XZAG;PODR;HRPODRRA0004;2023-10-06;CT;141,50;141,50;139,00;139,00;139,134447674420;-1,77;8;688,00000;95724,50;EUR;EUR
XZAG;PODR;HRPODRRA0004;2023-10-05;CT;140,00;141,50;139,00;141,50;139,995934959350;1,07;8;246,00000;34439,00;EUR;EUR
XZAG;PODR;HRPODRRA0004;2023-10-04;CT;145,00;145,00;138,50;140,00;141,573662737990;-3,45;32;2206,00000;312311,50;EUR;EUR
XZAG;PODR;HRPODRRA0004;2023-10-03;CT;146,00;146,00;142,50;145,00;144,306666666670;-0,68;14;1050,00000;151522,00;EUR;EUR
XZAG;PODR;HRPODRRA0004;2023-10-02;CT;144,50;146,00;144,50;146,00;145,250000000000;0,00;2;26,00000;3776,50;EUR;EUR
XZAG;PODR;HRPODRRA0004;2023-09-29;CT;145,50;146,00;145,00;146,00;145,594827586210;0,00;6;116,00000;16889,00;EUR;EUR
XZAG;PODR;HRPODRRA0004;2023-09-28;CT;146,00;146,00;146,00;146,00;146,000000000000;-1,35;3;32,00000;4672,00;EUR;EUR
XZAG;PODR;HRPODRRA0004;2023-09-27;CT;146,00;148,00;145,50;148,00;146,004807692310;0,68;4;208,00000;30369,00;EUR;EUR
XZAG;PODR;HRPODRRA0004;2023-09-26;CT;145,00;148,50;144,50;147,00;147,325103734440;1,38;18;2410,00000;355053,50;EUR;EUR
XZAG;PODR;HRPODRRA0004;2023-09-25;CT;144,00;146,50;144,00;145,00;145,422614164620;0,35;27;3657,00000;531810,50;EUR;EUR
XZAG;PODR;HRPODRRA0004;2023-09-22;CT;143,50;144,50;142,50;144,50;143,788963774220;1,40;18;1187,00000;170677,50;EUR;EUR
XZAG;PODR;HRPODRRA0004;2023-09-21;CT;142,50;144,00;142,50;142,50;142,916763005780;0,00;11;865,00000;123623,00;EUR;EUR
XZAG;PODR;HRPODRRA0004;2023-09-20;CT;140,50;143,50;140,00;142,50;141,565025545750;1,79;30;2153,00000;304789,50;EUR;EUR
XZAG;PODR;HRPODRRA0004;2023-09-19;CT;140,00;140,00;139,00;140,00;139,717561521250;0,00;19;1788,00000;249815,00;EUR;EUR
XZAG;PODR;HRPODRRA0004;2023-09-18;CT;140,50;142,00;139,00;140,00;140,864217252400;0,00;21;1252,00000;176362,00;EUR;EUR
XZAG;PODR;HRPODRRA0004;2023-09-15;CT;142,50;143,00;139,50;140,00;141,457177509640;-2,44;23;32156,00000;4548697,00;EUR;EUR
XZAG;PODR;HRPODRRA0004;2023-09-14;CT;143,50;143,50;143,50;143,50;143,500000000000;0,70;3;112,00000;16072,00;EUR;EUR
XZAG;PODR;HRPODRRA0004;2023-09-13;CT;143,00;143,00;141,50;142,50;142,477332746480;-0,35;20;2272,00000;323708,50;EUR;EUR
XZAG;PODR;HRPODRRA0004;2023-09-12;CT;144,50;144,50;141,50;143,00;143,049842902030;-1,04;31;3501,00000;500817,50;EUR;EUR
XZAG;PODR;HRPODRRA0004;2023-09-11;CT;144,50;144,50;144,50;144,50;144,500000000000;0,00;1;78,00000;11271,00;EUR;EUR
XZAG;PODR;HRPODRRA0004;2023-09-08;BLOCK;;140,00;140,00;140,00;140,000000000000;;1;5000,00000;700000,00;EUR;EUR
XZAG;PODR;HRPODRRA0004;2023-09-08;CT;146,00;146,00;144,50;144,50;145,752767527680;-1,03;35;3794,00000;552986,00;EUR;EUR
XZAG;PODR;HRPODRRA0004;2023-09-07;CT;145,50;146,00;145,50;146,00;145,936912751680;0,34;14;2235,00000;326169,00;EUR;EUR
XZAG;PODR;HRPODRRA0004;2023-09-06;CT;145,50;145,50;145,00;145,50;145,371161548730;0,00;19;749,00000;108883,00;EUR;EUR
XZAG;PODR;HRPODRRA0004;2023-09-05;CT;144,50;147,00;144,00;145,50;145,618995633190;0,34;24;1374,00000;200080,50;EUR;EUR
XZAG;PODR;HRPODRRA0004;2023-09-04;BLOCK;;144,00;144,00;144,00;144,000000000000;;2;4931,00000;710064,00;EUR;EUR
XZAG;PODR;HRPODRRA0004;2023-09-04;CT;145,00;145,00;143,00;145,00;144,663242009130;0,35;9;438,00000;63362,50;EUR;EUR
XZAG;PODR;HRPODRRA0004;2023-09-01;BLOCK;;140,00;140,00;140,00;140,000000000000;;1;2500,00000;350000,00;EUR;EUR
XZAG;PODR;HRPODRRA0004;2023-09-01;CT;145,00;145,00;143,50;144,50;144,242299794660;-0,69;11;487,00000;70246,00;EUR;EUR
XZAG;PODR;HRPODRRA0004;2023-08-31;CT;145,50;145,50;143,00;145,50;144,004982726550;0,34;12;7526,00000;1083781,50;EUR;EUR
XZAG;PODR;HRPODRRA0004;2023-08-30;CT;146,50;146,50;145,00;145,00;145,544590643270;-2,03;20;684,00000;99552,50;EUR;EUR
XZAG;PODR;HRPODRRA0004;2023-08-29;BLOCK;;146,00;146,00;146,00;146,000000000000;;1;2500,00000;365000,00;EUR;EUR
XZAG;PODR;HRPODRRA0004;2023-08-29;CT;145,00;148,50;145,00;148,00;147,489404869250;1,72;42;6654,00000;981394,50;EUR;EUR
XZAG;PODR;HRPODRRA0004;2023-08-28;CT;145,00;147,00;143,00;145,50;145,045418326690;1,39;13;1255,00000;182032,00;EUR;EUR
XZAG;PODR;HRPODRRA0004;2023-08-25;CT;144,50;145,50;142,50;143,50;144,413120567380;-2,71;22;1128,00000;162898,00;EUR;EUR
XZAG;PODR;HRPODRRA0004;2023-08-24;CT;138,00;147,50;138,00;147,50;142,954752066120;7,27;89;7260,00000;1037851,50;EUR;EUR
XZAG;PODR;HRPODRRA0004;2023-08-23;CT;138,50;138,50;135,50;137,50;136,525317235430;-0,36;13;8117,00000;1108176,00;EUR;EUR
XZAG;PODR;HRPODRRA0004;2023-08-22;CT;137,00;138,00;137,00;138,00;137,580188679250;1,10;6;212,00000;29167,00;EUR;EUR
XZAG;PODR;HRPODRRA0004;2023-08-21;CT;137,50;137,50;136,50;136,50;137,018444266240;-0,73;16;1247,00000;170862,00;EUR;EUR
XZAG;PODR;HRPODRRA0004;2023-08-18;CT;137,00;139,00;137,00;137,50;137,739669421490;-0,72;13;242,00000;33333,00;EUR;EUR
XZAG;PODR;HRPODRRA0004;2023-08-17;CT;135,00;138,50;135,00;138,50;136,877336981300;3,36;34;2193,00000;300172,00;EUR;EUR
XZAG;PODR;HRPODRRA0004;2023-08-16;CT;134,00;135,00;134,00;134,00;134,571129707110;-1,11;14;717,00000;96487,50;EUR;EUR
XZAG;PODR;HRPODRRA0004;2023-08-14;CT;126,00;135,50;126,00;135,50;133,256734317340;6,27;53;10840,00000;1444503,00;EUR;EUR
XZAG;PODR;HRPODRRA0004;2023-08-11;CT;130,50;131,00;125,00;127,50;127,697336561740;-2,67;38;1652,00000;210956,00;EUR;EUR
XZAG;PODR;HRPODRRA0004;2023-08-10;CT;133,00;133,50;130,50;131,00;132,247902684560;-1,13;21;1192,00000;157639,50;EUR;EUR
XZAG;PODR;HRPODRRA0004;2023-08-09;CT;135,00;136,00;131,00;132,50;133,817604581670;-4,68;49;4016,00000;537411,50;EUR;EUR
XZAG;PODR;HRPODRRA0004;2023-08-08;CT;140,50;142,50;136,50;139,00;140,691196277700;-0,71;84;8167,00000;1149025,00;EUR;EUR
XZAG;PODR;HRPODRRA0004;2023-08-07;CT;130,00;140,00;130,00;140,00;136,915510897250;8,53;97;10599,00000;1451167,50;EUR;EUR
XZAG;PODR;HRPODRRA0004;2023-08-04;CT;122,00;129,00;122,00;129,00;125,213050888730;5,74;65;8214,00000;1028500,00;EUR;EUR
XZAG;PODR;HRPODRRA0004;2023-08-03;CT;121,00;122,00;121,00;122,00;121,533980582520;1,67;8;1030,00000;125180,00;EUR;EUR
XZAG;PODR;HRPODRRA0004;2023-08-02;CT;120,00;121,00;120,00;120,00;120,404040404040;-0,41;6;198,00000;23840,00;EUR;EUR
XZAG;PODR;HRPODRRA0004;2023-08-01;CT;119,50;120,50;119,50;120,50;119,932452276060;1,26;13;1362,00000;163348,00;EUR;EUR
XZAG;PODR;HRPODRRA0004;2023-07-31;CT;118,00;119,00;118,00;119,00;118,082125603860;-0,83;7;207,00000;24443,00;EUR;EUR
XZAG;PODR;HRPODRRA0004;2023-07-28;CT;120,00;120,00;119,50;120,00;119,918224299070;0,42;9;214,00000;25662,50;EUR;EUR
XZAG;PODR;HRPODRRA0004;2023-07-27;CT;120,00;120,00;119,50;119,50;119,512224938880;0,00;6;409,00000;48880,50;EUR;EUR
XZAG;PODR;HRPODRRA0004;2023-07-26;CT;118,50;119,50;118,50;119,50;119,435483870970;0,84;4;155,00000;18512,50;EUR;EUR
XZAG;PODR;HRPODRRA0004;2023-07-25;CT;119,00;119,50;118,50;118,50;119,070850202430;-0,84;7;247,00000;29410,50;EUR;EUR
XZAG;PODR;HRPODRRA0004;2023-07-24;CT;118,00;119,50;118,00;119,50;118,983754512640;1,27;6;277,00000;32958,50;EUR;EUR
XZAG;PODR;HRPODRRA0004;2023-07-21;CT;117,00;118,00;116,00;118,00;116,767514749260;1,72;26;2712,00000;316673,50;EUR;EUR
XZAG;PODR;HRPODRRA0004;2023-07-20;CT;117,50;117,50;116,00;116,00;116,886271870790;-1,28;11;743,00000;86846,50;EUR;EUR
XZAG;PODR;HRPODRRA0004;2023-07-19;CT;117,50;117,50;117,00;117,50;117,467934782610;0,43;10;920,00000;108070,50;EUR;EUR
XZAG;PODR;HRPODRRA0004;2023-07-18;CT;117,50;117,50;117,00;117,00;117,079261672100;0,00;11;921,00000;107830,00;EUR;EUR
XZAG;PODR;HRPODRRA0004;2023-07-17;CT;117,50;117,50;117,00;117,00;117,447882736160;0,00;7;307,00000;36056,50;EUR;EUR
XZAG;PODR;HRPODRRA0004;2023-07-14;CT;117,00;117,00;117,00;117,00;117,000000000000;0,00;1;45,00000;5265,00;EUR;EUR
XZAG;PODR;HRPODRRA0004;2023-07-13;CT;117,50;117,50;117,00;117,00;117,440196078430;-0,43;11;510,00000;59894,50;EUR;EUR
XZAG;PODR;HRPODRRA0004;2023-07-12;CT;117,50;117,50;117,00;117,50;117,458333333330;0,00;10;252,00000;29599,50;EUR;EUR
XZAG;PODR;HRPODRRA0004;2023-07-11;CT;117,50;117,50;117,50;117,50;117,500000000000;-2,08;5;253,00000;29727,50;EUR;EUR
XZAG;PODR;HRPODRRA0004;2023-07-10;CT;120,00;120,00;120,00;120,00;120,000000000000;0,00;1;9,00000;1080,00;EUR;EUR
XZAG;PODR;HRPODRRA0004;2023-07-07;CT;119,50;120,00;118,00;120,00;119,415254237290;0,84;9;295,00000;35227,50;EUR;EUR
XZAG;PODR;HRPODRRA0004;2023-07-06;CT;119,00;119,00;118,00;119,00;118,456521739130;0,85;4;184,00000;21796,00;EUR;EUR
XZAG;PODR;HRPODRRA0004;2023-07-05;CT;118,50;118,50;117,00;118,00;117,837837837840;0,43;9;185,00000;21800,00;EUR;EUR
XZAG;PODR;HRPODRRA0004;2023-07-04;CT;117,00;117,50;117,00;117,50;117,120535714290;1,29;5;112,00000;13117,50;EUR;EUR
XZAG;PODR;HRPODRRA0004;2023-07-03;CT;115,00;116,00;115,00;116,00;115,134328358210;0,87;18;469,00000;53998,00;EUR;EUR
XZAG;PODR;HRPODRRA0004;2023-06-30;CT;119,00;121,50;115,00;115,00;118,043741808650;-4,17;32;3052,00000;360269,50;EUR;EUR
XZAG;PODR;HRPODRRA0004;2023-06-29;CT;119,00;120,00;118,50;120,00;119,657384987890;0,84;8;413,00000;49418,50;EUR;EUR
XZAG;PODR;HRPODRRA0004;2023-06-28;CT;119,00;119,50;119,00;119,00;119,049242424240;-0,42;9;264,00000;31429,00;EUR;EUR
XZAG;PODR;HRPODRRA0004;2023-06-27;CT;119,00;119,50;119,00;119,50;119,295248868780;1,27;19;442,00000;52728,50;EUR;EUR
XZAG;PODR;HRPODRRA0004;2023-06-26;CT;117,50;118,50;117,50;118,00;117,825342465750;0,43;7;292,00000;34405,00;EUR;EUR
XZAG;PODR;HRPODRRA0004;2023-06-23;CT;117,00;118,50;117,00;117,50;117,617988394580;0,43;12;517,00000;60808,50;EUR;EUR
XZAG;PODR;HRPODRRA0004;2023-06-21;CT;115,00;117,50;115,00;117,00;116,815721649480;1,74;15;388,00000;45324,50;EUR;EUR
XZAG;PODR;HRPODRRA0004;2023-06-20;CT;109,00;127,00;109,00;115,00;116,975130321460;6,48;115;4604,00000;538553,50;EUR;EUR
XZAG;PODR;HRPODRRA0004;2023-06-19;CT;104,00;108,50;104,00;108,00;106,482412944070;4,85;33;2843,00000;302729,50;EUR;EUR
XZAG;PODR;HRPODRRA0004;2023-06-16;CT;100,50;103,00;100,50;103,00;102,657324364720;1,48;10;1338,00000;137355,50;EUR;EUR
XZAG;PODR;HRPODRRA0004;2023-06-15;CT;101,00;101,50;100,00;101,50;100,513986013990;-0,49;13;715,00000;71867,50;EUR;EUR
XZAG;PODR;HRPODRRA0004;2023-06-14;CT;102,00;103,00;102,00;102,00;102,483196159120;0,00;25;1458,00000;149420,50;EUR;EUR
XZAG;PODR;HRPODRRA0004;2023-06-13;CT;102,00;102,50;101,50;102,00;101,984419263460;0,99;8;353,00000;36000,50;EUR;EUR
XZAG;PODR;HRPODRRA0004;2023-06-12;CT;100,00;101,00;99,40;101,00;100,200868621060;1,41;10;921,00000;92285,00;EUR;EUR
XZAG;PODR;HRPODRRA0004;2023-06-09;CT;100,00;100,00;99,00;99,60;99,344121532365;-0,20;15;1514,00000;150407,00;EUR;EUR
XZAG;PODR;HRPODRRA0004;2023-06-07;CT;99,20;99,80;99,20;99,80;99,530153321976;0,40;14;1174,00000;116848,40;EUR;EUR
XZAG;PODR;HRPODRRA0004;2023-06-06;CT;99,60;99,60;99,00;99,40;99,222205088666;-0,60;10;1297,00000;128691,20;EUR;EUR
XZAG;PODR;HRPODRRA0004;2023-06-05;CT;100,00;101,00;99,60;100,00;100,024927536230;-1,48;13;690,00000;69017,20;EUR;EUR
XZAG;PODR;HRPODRRA0004;2023-06-02;CT;102,00;103,00;101,50;101,50;101,841959334570;-0,49;15;541,00000;55096,50;EUR;EUR
XZAG;PODR;HRPODRRA0004;2023-06-01;CT;99,80;102,00;99,80;102,00;100,606961178050;2,20;27;1494,00000;150306,80;EUR;EUR
XZAG;PODR;HRPODRRA0004;2023-05-31;CT;98,60;99,80;98,60;99,80;99,073258706468;1,22;14;1608,00000;159309,80;EUR;EUR
XZAG;PODR;HRPODRRA0004;2023-05-29;CT;97,40;98,60;97,40;98,60;98,088397790055;0,82;13;905,00000;88770,00;EUR;EUR
XZAG;PODR;HRPODRRA0004;2023-05-26;CT;97,20;97,80;97,20;97,80;97,344147843943;0,00;5;487,00000;47406,60;EUR;EUR
XZAG;PODR;HRPODRRA0004;2023-05-25;CT;96,20;97,80;96,20;97,80;97,218705035971;0,82;13;556,00000;54053,60;EUR;EUR
XZAG;PODR;HRPODRRA0004;2023-05-24;CT;96,20;97,00;96,20;97,00;96,346118721461;0,62;3;219,00000;21099,80;EUR;EUR
XZAG;PODR;HRPODRRA0004;2023-05-23;CT;96,80;96,80;96,40;96,40;96,463963963964;-0,21;6;222,00000;21415,00;EUR;EUR
XZAG;PODR;HRPODRRA0004;2023-05-22;CT;96,00;96,60;96,00;96,60;96,437953091684;0,63;14;938,00000;90458,80;EUR;EUR
XZAG;PODR;HRPODRRA0004;2023-05-19;CT;95,20;96,00;95,20;96,00;95,800000000000;0,84;10;555,00000;53169,00;EUR;EUR
XZAG;PODR;HRPODRRA0004;2023-05-18;CT;94,20;95,20;94,00;95,20;94,478593272171;1,06;10;654,00000;61789,00;EUR;EUR
XZAG;PODR;HRPODRRA0004;2023-05-17;CT;94,00;94,20;93,60;94,20;93,949418604651;0,21;7;344,00000;32318,60;EUR;EUR
XZAG;PODR;HRPODRRA0004;2023-05-16;CT;93,60;94,00;93,40;94,00;93,812444444444;0,00;4;225,00000;21107,80;EUR;EUR
XZAG;PODR;HRPODRRA0004;2023-05-15;CT;93,40;94,00;93,40;94,00;93,965384615385;0,00;3;312,00000;29317,20;EUR;EUR
XZAG;PODR;HRPODRRA0004;2023-05-12;CT;93,20;94,00;93,20;94,00;93,705382436261;0,00;7;353,00000;33078,00;EUR;EUR
XZAG;PODR;HRPODRRA0004;2023-05-11;CT;93,80;94,00;93,80;94,00;93,888025889968;-0,42;3;309,00000;29011,40;EUR;EUR
XZAG;PODR;HRPODRRA0004;2023-05-10;CT;93,00;94,40;93,00;94,40;93,124450951684;1,72;9;683,00000;63604,00;EUR;EUR
XZAG;PODR;HRPODRRA0004;2023-05-09;CT;93,00;93,00;92,80;92,80;92,818934911243;0,00;6;169,00000;15686,40;EUR;EUR
XZAG;PODR;HRPODRRA0004;2023-05-08;CT;93,00;93,40;92,80;92,80;92,938983050847;-0,22;8;590,00000;54834,00;EUR;EUR
XZAG;PODR;HRPODRRA0004;2023-05-05;CT;93,20;93,40;93,00;93,00;93,060905349794;-0,43;9;486,00000;45227,60;EUR;EUR
XZAG;PODR;HRPODRRA0004;2023-05-04;CT;92,80;93,40;92,80;93,40;93,036590038314;0,43;9;1044,00000;97130,20;EUR;EUR
XZAG;PODR;HRPODRRA0004;2023-05-03;CT;92,80;93,00;92,80;93,00;92,819680851064;0,22;5;376,00000;34900,20;EUR;EUR
XZAG;PODR;HRPODRRA0004;2023-05-02;CT;93,40;93,60;92,80;92,80;93,247381546135;-0,64;17;1203,00000;112176,60;EUR;EUR
XZAG;PODR;HRPODRRA0004;2023-04-28;CT;93,60;93,60;93,00;93,40;93,301090909091;-0,85;14;1100,00000;102631,20;EUR;EUR
XZAG;PODR;HRPODRRA0004;2023-04-27;CT;93,60;94,60;93,60;94,20;93,646880907372;-0,42;5;529,00000;49539,20;EUR;EUR
XZAG;PODR;HRPODRRA0004;2023-04-26;CT;94,00;94,60;94,00;94,60;94,533333333333;0,64;2;225,00000;21270,00;EUR;EUR
XZAG;PODR;HRPODRRA0004;2023-04-25;CT;93,40;94,00;93,40;94,00;93,700000000000;0,00;4;150,00000;14055,00;EUR;EUR
XZAG;PODR;HRPODRRA0004;2023-04-24;CT;93,80;94,00;93,80;94,00;93,937414965986;0,21;5;294,00000;27617,60;EUR;EUR
XZAG;PODR;HRPODRRA0004;2023-04-21;CT;93,80;93,80;93,40;93,80;93,645588235294;0,00;5;272,00000;25471,60;EUR;EUR
XZAG;PODR;HRPODRRA0004;2023-04-20;CT;93,80;93,80;93,80;93,80;93,800000000000;0,21;3;350,00000;32830,00;EUR;EUR
XZAG;PODR;HRPODRRA0004;2023-04-19;CT;93,40;93,60;93,40;93,60;93,556112852665;0,65;4;319,00000;29844,40;EUR;EUR
XZAG;PODR;HRPODRRA0004;2023-04-18;CT;93,00;93,60;93,00;93,00;93,106761565836;-0,43;4;281,00000;26163,00;EUR;EUR
XZAG;PODR;HRPODRRA0004;2023-04-17;CT;93,40;93,40;93,20;93,40;93,388764044944;-0,21;5;267,00000;24934,80;EUR;EUR
XZAG;PODR;HRPODRRA0004;2023-04-14;CT;93,00;93,60;93,00;93,60;93,378064516129;0,65;6;310,00000;28947,20;EUR;EUR
XZAG;PODR;HRPODRRA0004;2023-04-13;CT;92,00;93,00;92,00;93,00;92,645390070922;0,00;4;282,00000;26126,00;EUR;EUR
XZAG;PODR;HRPODRRA0004;2023-04-12;CT;93,20;93,20;92,00;93,00;92,938969072165;0,00;10;485,00000;45075,40;EUR;EUR
XZAG;PODR;HRPODRRA0004;2023-04-11;CT;93,60;93,80;92,60;93,00;93,212834224599;-0,64;11;748,00000;69723,20;EUR;EUR
XZAG;PODR;HRPODRRA0004;2023-04-06;CT;93,60;93,60;93,00;93,60;93,387832699620;0,00;7;526,00000;49122,00;EUR;EUR
XZAG;PODR;HRPODRRA0004;2023-04-05;CT;93,00;93,80;93,00;93,60;93,410000000000;0,65;11;560,00000;52309,60;EUR;EUR
XZAG;PODR;HRPODRRA0004;2023-04-04;CT;92,60;93,00;92,60;93,00;92,697447795824;-0,21;10;431,00000;39952,60;EUR;EUR
XZAG;PODR;HRPODRRA0004;2023-04-03;CT;91,60;93,20;91,60;93,20;92,848000000000;1,30;12;475,00000;44102,80;EUR;EUR
XZAG;PODR;HRPODRRA0004;2023-03-31;CT;91,60;92,00;91,20;92,00;91,739784946237;0,00;5;558,00000;51190,80;EUR;EUR
XZAG;PODR;HRPODRRA0004;2023-03-30;CT;92,00;92,00;92,00;92,00;92,000000000000;0,66;1;100,00000;9200,00;EUR;EUR
XZAG;PODR;HRPODRRA0004;2023-03-29;CT;92,00;92,80;91,40;91,40;91,800383141762;0,22;15;1044,00000;95839,60;EUR;EUR
XZAG;PODR;HRPODRRA0004;2023-03-28;CT;90,80;91,20;90,80;91,20;90,866666666667;0,66;4;270,00000;24534,00;EUR;EUR
XZAG;PODR;HRPODRRA0004;2023-03-27;CT;91,00;91,00;89,60;90,60;90,108431550317;0,67;15;1103,00000;99389,60;EUR;EUR
XZAG;PODR;HRPODRRA0004;2023-03-24;CT;90,40;91,00;90,00;90,00;90,362318840580;0,45;3;345,00000;31175,00;EUR;EUR
XZAG;PODR;HRPODRRA0004;2023-03-23;CT;89,60;90,00;89,60;89,60;89,688300220751;0,00;4;453,00000;40628,80;EUR;EUR
XZAG;PODR;HRPODRRA0004;2023-03-22;CT;89,80;89,80;89,60;89,60;89,640400000000;-0,44;4;500,00000;44820,20;EUR;EUR
XZAG;PODR;HRPODRRA0004;2023-03-21;CT;89,60;90,00;89,60;90,00;89,992452830189;0,45;5;159,00000;14308,80;EUR;EUR
XZAG;PODR;HRPODRRA0004;2023-03-20;CT;90,00;90,00;89,40;89,60;89,882096069869;0,67;8;916,00000;82332,00;EUR;EUR
XZAG;PODR;HRPODRRA0004;2023-03-17;CT;90,00;90,40;89,00;89,00;89,610680907877;-0,22;23;1498,00000;134236,80;EUR;EUR
XZAG;PODR;HRPODRRA0004;2023-03-16;CT;89,40;90,80;89,20;89,20;90,243526510481;-0,89;17;1622,00000;146375,00;EUR;EUR
XZAG;PODR;HRPODRRA0004;2023-03-15;CT;92,00;92,00;90,00;90,00;90,728411910670;-2,17;23;1612,00000;146254,20;EUR;EUR
XZAG;PODR;HRPODRRA0004;2023-03-14;CT;92,00;93,00;92,00;92,00;92,029726516052;-0,43;13;841,00000;77397,00;EUR;EUR
XZAG;PODR;HRPODRRA0004;2023-03-13;CT;94,60;94,60;92,40;92,40;93,238586956522;-1,07;9;736,00000;68623,60;EUR;EUR
XZAG;PODR;HRPODRRA0004;2023-03-10;CT;93,80;93,80;93,40;93,40;93,522702702703;-0,85;6;1480,00000;138413,60;EUR;EUR
XZAG;PODR;HRPODRRA0004;2023-03-09;CT;93,60;94,20;93,60;94,20;94,000000000000;0,00;3;300,00000;28200,00;EUR;EUR
XZAG;PODR;HRPODRRA0004;2023-03-08;CT;94,20;94,40;93,60;94,20;94,064761904762;0,21;7;105,00000;9876,80;EUR;EUR
XZAG;PODR;HRPODRRA0004;2023-03-07;CT;94,20;94,20;94,00;94,00;94,144444444444;0,64;4;180,00000;16946,00;EUR;EUR
XZAG;PODR;HRPODRRA0004;2023-03-06;CT;94,20;94,20;93,40;93,40;93,988628762542;-0,64;11;598,00000;56205,20;EUR;EUR
XZAG;PODR;HRPODRRA0004;2023-03-03;CT;95,60;95,60;94,00;94,00;95,199492707673;-1,88;19;1577,00000;150129,60;EUR;EUR
XZAG;PODR;HRPODRRA0004;2023-03-02;CT;96,00;96,00;95,80;95,80;95,837288135593;-0,21;12;649,00000;62198,40;EUR;EUR
XZAG;PODR;HRPODRRA0004;2023-03-01;CT;95,60;96,00;95,40;96,00;95,726470588235;-0,21;7;204,00000;19528,20;EUR;EUR
XZAG;PODR;HRPODRRA0004;2023-02-28;CT;95,60;96,20;95,60;96,20;95,687818696884;0,63;13;353,00000;33777,80;EUR;EUR
XZAG;PODR;HRPODRRA0004;2023-02-27;CT;96,40;96,40;95,60;95,60;96,055056179775;-1,04;7;534,00000;51293,40;EUR;EUR
XZAG;PODR;HRPODRRA0004;2023-02-24;CT;96,60;96,60;96,20;96,60;96,580360721443;0,21;11;499,00000;48193,60;EUR;EUR
XZAG;PODR;HRPODRRA0004;2023-02-23;CT;96,00;96,40;96,00;96,40;96,256565656566;0,42;11;594,00000;57176,40;EUR;EUR
XZAG;PODR;HRPODRRA0004;2023-02-22;CT;95,80;96,00;95,80;96,00;95,886818181818;0,21;7;440,00000;42190,20;EUR;EUR
XZAG;PODR;HRPODRRA0004;2023-02-21;CT;95,80;96,00;95,60;95,80;95,798882681564;0,21;5;179,00000;17148,00;EUR;EUR
XZAG;PODR;HRPODRRA0004;2023-02-20;CT;95,60;96,00;95,40;95,60;95,742942050520;-0,21;11;673,00000;64435,00;EUR;EUR
XZAG;PODR;HRPODRRA0004;2023-02-17;CT;95,40;95,80;95,00;95,80;95,205080831409;0,00;7;433,00000;41223,80;EUR;EUR
XZAG;PODR;HRPODRRA0004;2023-02-16;CT;95,20;95,80;95,20;95,80;95,791428571429;0,21;4;350,00000;33527,00;EUR;EUR
XZAG;PODR;HRPODRRA0004;2023-02-15;CT;95,00;95,60;95,00;95,60;95,270175438596;0,63;8;342,00000;32582,40;EUR;EUR
XZAG;PODR;HRPODRRA0004;2023-02-14;CT;94,80;95,00;94,80;95,00;94,933333333333;0,00;4;300,00000;28480,00;EUR;EUR
XZAG;PODR;HRPODRRA0004;2023-02-13;CT;95,00;95,00;94,60;95,00;94,888054607509;0,42;11;586,00000;55604,40;EUR;EUR
XZAG;PODR;HRPODRRA0004;2023-02-10;CT;94,60;94,80;94,60;94,60;94,673239436620;0,00;5;284,00000;26887,20;EUR;EUR
XZAG;PODR;HRPODRRA0004;2023-02-09;CT;94,40;95,00;94,40;94,60;94,802528735632;0,21;11;1740,00000;164956,40;EUR;EUR
XZAG;PODR;HRPODRRA0004;2023-02-08;CT;94,40;94,40;94,40;94,40;94,400000000000;0,00;9;619,00000;58433,60;EUR;EUR
XZAG;PODR;HRPODRRA0004;2023-02-07;CT;94,80;94,80;94,40;94,40;94,636875567666;-0,63;10;1101,00000;104195,20;EUR;EUR
XZAG;PODR;HRPODRRA0004;2023-02-06;CT;95,00;95,00;94,40;95,00;94,697872340426;0,00;6;188,00000;17803,20;EUR;EUR
XZAG;PODR;HRPODRRA0004;2023-02-03;CT;94,60;95,00;94,60;95,00;94,796895787140;1,06;7;451,00000;42753,40;EUR;EUR
XZAG;PODR;HRPODRRA0004;2023-02-02;CT;95,20;95,20;94,00;94,00;94,614358030373;-1,05;30;2173,00000;205597,00;EUR;EUR
XZAG;PODR;HRPODRRA0004;2023-02-01;CT;95,00;95,00;95,00;95,00;95,000000000000;0,21;20;1467,00000;139365,00;EUR;EUR
XZAG;PODR;HRPODRRA0004;2023-01-31;CT;95,00;95,20;94,80;94,80;94,966064981949;0,21;9;277,00000;26305,60;EUR;EUR
XZAG;PODR;HRPODRRA0004;2023-01-30;CT;95,00;95,20;94,60;94,60;94,886320754717;-1,05;9;424,00000;40231,80;EUR;EUR
XZAG;PODR;HRPODRRA0004;2023-01-27;CT;95,00;95,80;94,60;95,60;95,454545454545;0,21;6;297,00000;28350,00;EUR;EUR
XZAG;PODR;HRPODRRA0004;2023-01-26;CT;96,00;96,00;94,60;95,40;95,355448997384;1,49;24;2294,00000;218745,40;EUR;EUR
XZAG;PODR;HRPODRRA0004;2023-01-25;CT;93,60;94,00;93,60;94,00;93,938502673797;0,86;16;1496,00000;140532,00;EUR;EUR
XZAG;PODR;HRPODRRA0004;2023-01-24;CT;92,60;93,20;92,20;93,20;92,932528041415;1,75;26;1159,00000;107708,80;EUR;EUR
XZAG;PODR;HRPODRRA0004;2023-01-23;CT;90,80;92,00;90,80;91,60;91,649784172662;1,10;24;695,00000;63696,60;EUR;EUR
XZAG;PODR;HRPODRRA0004;2023-01-20;CT;90,60;90,60;90,60;90,60;90,600000000000;0,67;1;200,00000;18120,00;EUR;EUR
XZAG;PODR;HRPODRRA0004;2023-01-19;CT;88,60;90,00;88,60;90,00;89,738317757009;1,81;4;535,00000;48010,00;EUR;EUR
XZAG;PODR;HRPODRRA0004;2023-01-18;CT;89,00;89,00;88,40;88,40;88,409836065574;0,00;3;122,00000;10786,00;EUR;EUR
XZAG;PODR;HRPODRRA0004;2023-01-17;CT;90,00;90,00;88,40;88,40;89,294892672095;-0,67;20;1351,00000;120637,40;EUR;EUR
XZAG;PODR;HRPODRRA0004;2023-01-16;CT;93,20;93,40;89,00;89,00;91,601701782820;-3,89;29;2468,00000;226073,00;EUR;EUR
XZAG;PODR;HRPODRRA0004;2023-01-13;CT;93,00;93,00;92,60;92,60;92,842985611511;-0,22;15;1112,00000;103241,40;EUR;EUR
XZAG;PODR;HRPODRRA0004;2023-01-12;CT;89,80;92,80;89,80;92,80;90,709090909091;3,80;21;1386,00000;125722,80;EUR;EUR
XZAG;PODR;HRPODRRA0004;2023-01-11;CT;89,40;89,40;89,00;89,40;89,323076923077;0,45;5;520,00000;46448,00;EUR;EUR
XZAG;PODR;HRPODRRA0004;2023-01-10;CT;89,00;89,00;89,00;89,00;89,000000000000;0,45;1;279,00000;24831,00;EUR;EUR
XZAG;PODR;HRPODRRA0004;2023-01-09;CT;87,40;88,60;87,40;88,60;88,182089552239;2,07;7;603,00000;53173,80;EUR;EUR
XZAG;PODR;HRPODRRA0004;2023-01-04;CT;85,40;86,80;85,40;86,80;86,755932203390;2,12;3;413,00000;35830,20;EUR;EUR
XZAG;PODR;HRPODRRA0004;2023-01-03;CT;85,00;85,00;85,00;85,00;85,000000000000;0,00;1;20,00000;1700,00;EUR;EUR
XZAG;PODR;HRPODRRA0004;2023-01-02;CT;85,00;85,00;85,00;85,00;85,000000000000;0,95;4;125,00000;10625,00;EUR;EUR
XZAG;PODR;HRPODRRA0004;2022-12-28;CT;636,00;636,00;630,00;634,00;634,673469387760;-0,31;5;588,00000;373188,00;HRK;HRK
XZAG;PODR;HRPODRRA0004;2022-12-27;CT;634,00;636,00;634,00;636,00;634,843396226420;0,00;8;1060,00000;672934,00;HRK;HRK
XZAG;PODR;HRPODRRA0004;2022-12-22;CT;638,00;638,00;634,00;636,00;635,707533234860;-0,63;16;2708,00000;1721496,00;HRK;HRK
XZAG;PODR;HRPODRRA0004;2022-12-21;CT;640,00;642,00;640,00;640,00;640,113765642780;-1,23;9;1758,00000;1125320,00;HRK;HRK
XZAG;PODR;HRPODRRA0004;2022-12-19;CT;646,00;648,00;646,00;648,00;646,153846153850;1,25;4;260,00000;168000,00;HRK;HRK
XZAG;PODR;HRPODRRA0004;2022-12-16;CT;640,00;640,00;640,00;640,00;640,000000000000;0,31;2;300,00000;192000,00;HRK;HRK
XZAG;PODR;HRPODRRA0004;2022-12-15;CT;646,00;646,00;638,00;638,00;640,140504939630;-0,62;9;1822,00000;1166336,00;HRK;HRK
XZAG;PODR;HRPODRRA0004;2022-12-14;CT;650,00;652,00;642,00;642,00;647,286274509800;0,00;6;255,00000;165058,00;HRK;HRK
XZAG;PODR;HRPODRRA0004;2022-12-13;CT;648,00;648,00;640,00;642,00;647,249299719890;-1,53;5;357,00000;231068,00;HRK;HRK
XZAG;PODR;HRPODRRA0004;2022-12-12;CT;644,00;652,00;644,00;652,00;645,935323383080;1,88;5;402,00000;259666,00;HRK;HRK
XZAG;PODR;HRPODRRA0004;2022-12-09;CT;634,00;640,00;634,00;640,00;639,925925925930;0,95;2;81,00000;51834,00;HRK;HRK
XZAG;PODR;HRPODRRA0004;2022-12-08;CT;642,00;642,00;634,00;634,00;634,121212121210;0,32;2;132,00000;83704,00;HRK;HRK
XZAG;PODR;HRPODRRA0004;2022-12-07;BLOCK;;632,00;632,00;632,00;632,000000000000;;1;3400,00000;2148800,00;HRK;HRK
XZAG;PODR;HRPODRRA0004;2022-12-07;CT;632,00;632,00;632,00;632,00;632,000000000000;0,00;2;54,00000;34128,00;HRK;HRK
XZAG;PODR;HRPODRRA0004;2022-12-06;CT;632,00;636,00;632,00;632,00;632,605839416060;0,00;10;2740,00000;1733340,00;HRK;HRK
XZAG;PODR;HRPODRRA0004;2022-12-05;CT;640,00;640,00;632,00;632,00;632,191780821920;-1,56;8;730,00000;461500,00;HRK;HRK
XZAG;PODR;HRPODRRA0004;2022-12-02;CT;642,00;642,00;642,00;642,00;642,000000000000;1,90;1;100,00000;64200,00;HRK;HRK
XZAG;PODR;HRPODRRA0004;2022-12-01;CT;634,00;634,00;630,00;630,00;632,127659574470;-0,32;8;470,00000;297100,00;HRK;HRK
XZAG;PODR;HRPODRRA0004;2022-11-30;CT;640,00;640,00;632,00;632,00;633,771929824560;-0,94;6;114,00000;72250,00;HRK;HRK
XZAG;PODR;HRPODRRA0004;2022-11-28;CT;650,00;650,00;638,00;638,00;643,975270479130;-1,54;13;647,00000;416652,00;HRK;HRK
XZAG;PODR;HRPODRRA0004;2022-11-25;CT;644,00;650,00;644,00;648,00;649,105263157890;0,93;8;380,00000;246660,00;HRK;HRK
XZAG;PODR;HRPODRRA0004;2022-11-24;CT;640,00;642,00;638,00;642,00;640,173584905660;0,00;6;795,00000;508938,00;HRK;HRK
XZAG;PODR;HRPODRRA0004;2022-11-23;CT;632,00;642,00;632,00;642,00;639,496535796770;2,56;18;4330,00000;2769020,00;HRK;HRK
XZAG;PODR;HRPODRRA0004;2022-11-22;CT;620,00;636,00;620,00;626,00;629,022955523670;0,97;15;1394,00000;876858,00;HRK;HRK
XZAG;PODR;HRPODRRA0004;2022-11-21;CT;630,00;630,00;618,00;620,00;626,875000000000;-1,59;9;704,00000;441320,00;HRK;HRK
XZAG;PODR;HRPODRRA0004;2022-11-17;CT;630,00;634,00;630,00;630,00;632,451253481890;-0,32;8;718,00000;454100,00;HRK;HRK
XZAG;PODR;HRPODRRA0004;2022-11-16;CT;636,00;636,00;630,00;632,00;631,102564102560;-0,32;7;468,00000;295356,00;HRK;HRK
XZAG;PODR;HRPODRRA0004;2022-11-15;CT;640,00;640,00;634,00;634,00;639,956204379560;-0,94;13;1370,00000;876740,00;HRK;HRK
XZAG;PODR;HRPODRRA0004;2022-11-14;CT;632,00;644,00;632,00;640,00;640,939024390240;-0,62;12;656,00000;420456,00;HRK;HRK
XZAG;PODR;HRPODRRA0004;2022-11-11;CT;650,00;650,00;644,00;644,00;645,280193236710;-0,92;7;414,00000;267146,00;HRK;HRK
XZAG;PODR;HRPODRRA0004;2022-11-10;CT;644,00;654,00;642,00;650,00;649,502145922750;1,25;19;466,00000;302668,00;HRK;HRK
XZAG;PODR;HRPODRRA0004;2022-11-09;CT;668,00;670,00;642,00;642,00;657,298044825940;-3,60;35;2097,00000;1378354,00;HRK;HRK
XZAG;PODR;HRPODRRA0004;2022-11-08;CT;620,00;666,00;620,00;666,00;647,196819085490;7,42;56;6036,00000;3906480,00;HRK;HRK
XZAG;PODR;HRPODRRA0004;2022-11-07;CT;614,00;620,00;612,00;620,00;616,611556982340;0,98;13;1246,00000;768298,00;HRK;HRK
XZAG;PODR;HRPODRRA0004;2022-11-04;CT;610,00;614,00;610,00;614,00;613,043478260870;0,00;3;230,00000;141000,00;HRK;HRK
XZAG;PODR;HRPODRRA0004;2022-11-03;CT;614,00;614,00;610,00;614,00;613,000000000000;0,33;6;152,00000;93176,00;HRK;HRK
XZAG;PODR;HRPODRRA0004;2022-11-02;CT;612,00;612,00;608,00;612,00;611,981547545820;0,00;27;16258,00000;9949596,00;HRK;HRK
XZAG;PODR;HRPODRRA0004;2022-10-31;CT;610,00;612,00;610,00;612,00;611,646322378720;0,00;13;639,00000;390842,00;HRK;HRK
XZAG;PODR;HRPODRRA0004;2022-10-28;CT;612,00;612,00;610,00;612,00;611,933606717440;0,00;25;5121,00000;3133712,00;HRK;HRK
XZAG;PODR;HRPODRRA0004;2022-10-27;CT;612,00;612,00;610,00;612,00;611,955712270800;0,00;15;7090,00000;4338766,00;HRK;HRK
XZAG;PODR;HRPODRRA0004;2022-10-26;CT;610,00;612,00;610,00;612,00;611,479654747230;0,33;13;8110,00000;4959100,00;HRK;HRK
XZAG;PODR;HRPODRRA0004;2022-10-25;CT;604,00;610,00;604,00;610,00;609,507900677200;1,33;12;2658,00000;1620072,00;HRK;HRK
XZAG;PODR;HRPODRRA0004;2022-10-24;CT;600,00;602,00;600,00;602,00;601,137061403510;-0,33;16;1824,00000;1096474,00;HRK;HRK
XZAG;PODR;HRPODRRA0004;2022-10-21;CT;600,00;604,00;600,00;604,00;603,205007824730;0,33;10;1278,00000;770896,00;HRK;HRK
XZAG;PODR;HRPODRRA0004;2022-10-20;CT;600,00;602,00;600,00;602,00;601,255230125520;-1,31;5;478,00000;287400,00;HRK;HRK
XZAG;PODR;HRPODRRA0004;2022-10-19;CT;608,00;610,00;608,00;610,00;608,333333333330;0,66;2;12,00000;7300,00;HRK;HRK
XZAG;PODR;HRPODRRA0004;2022-10-18;CT;600,00;606,00;600,00;606,00;605,371428571430;0,00;5;105,00000;63564,00;HRK;HRK
XZAG;PODR;HRPODRRA0004;2022-10-17;CT;606,00;606,00;606,00;606,00;606,000000000000;0,00;1;21,00000;12726,00;HRK;HRK
XZAG;PODR;HRPODRRA0004;2022-10-14;CT;602,00;606,00;602,00;606,00;602,952380952380;1,00;5;210,00000;126620,00;HRK;HRK
XZAG;PODR;HRPODRRA0004;2022-10-13;CT;598,00;600,00;598,00;600,00;599,928486293210;-0,33;17;3356,00000;2013360,00;HRK;HRK
XZAG;PODR;HRPODRRA0004;2022-10-12;CT;594,00;602,00;594,00;602,00;598,480294433370;1,35;26;6521,00000;3902690,00;HRK;HRK
XZAG;PODR;HRPODRRA0004;2022-10-11;CT;590,00;594,00;590,00;594,00;593,639097744360;0,00;3;133,00000;78954,00;HRK;HRK
XZAG;PODR;HRPODRRA0004;2022-10-10;CT;588,00;594,00;588,00;594,00;592,389006342490;1,37;11;946,00000;560400,00;HRK;HRK
XZAG;PODR;HRPODRRA0004;2022-10-07;CT;582,00;590,00;580,00;586,00;587,532288880400;0,69;15;2617,00000;1537572,00;HRK;HRK
XZAG;PODR;HRPODRRA0004;2022-10-06;CT;576,00;582,00;576,00;582,00;580,441025641030;1,39;4;195,00000;113186,00;HRK;HRK
XZAG;PODR;HRPODRRA0004;2022-10-05;CT;564,00;574,00;560,00;574,00;566,939189189190;1,77;13;1480,00000;839070,00;HRK;HRK
XZAG;PODR;HRPODRRA0004;2022-10-04;CT;564,00;564,00;560,00;564,00;562,510638297870;0,36;6;94,00000;52876,00;HRK;HRK
XZAG;PODR;HRPODRRA0004;2022-10-03;CT;558,00;562,00;558,00;562,00;560,004723665560;1,08;18;2117,00000;1185530,00;HRK;HRK
XZAG;PODR;HRPODRRA0004;2022-09-30;CT;548,00;556,00;548,00;556,00;551,522431259040;1,09;15;691,00000;381102,00;HRK;HRK
XZAG;PODR;HRPODRRA0004;2022-09-29;CT;552,00;552,00;550,00;550,00;550,470948012230;-2,14;26;2943,00000;1620036,00;HRK;HRK
XZAG;PODR;HRPODRRA0004;2022-09-28;CT;566,00;568,00;560,00;562,00;562,687538367100;-1,06;18;1629,00000;916618,00;HRK;HRK
XZAG;PODR;HRPODRRA0004;2022-09-27;CT;570,00;570,00;564,00;568,00;567,171339563860;-0,35;12;1605,00000;910310,00;HRK;HRK
XZAG;PODR;HRPODRRA0004;2022-09-26;CT;572,00;572,00;570,00;570,00;571,394366197180;0,00;11;1420,00000;811380,00;HRK;HRK
XZAG;PODR;HRPODRRA0004;2022-09-23;CT;576,00;580,00;570,00;570,00;575,722070844690;-1,04;10;1101,00000;633870,00;HRK;HRK
XZAG;PODR;HRPODRRA0004;2022-09-22;CT;578,00;578,00;576,00;576,00;576,599700149930;0,35;3;667,00000;384592,00;HRK;HRK
XZAG;PODR;HRPODRRA0004;2022-09-21;CT;574,00;574,00;574,00;574,00;574,000000000000;0,00;1;33,00000;18942,00;HRK;HRK
XZAG;PODR;HRPODRRA0004;2022-09-20;CT;574,00;574,00;574,00;574,00;574,000000000000;-0,69;1;124,00000;71176,00;HRK;HRK
XZAG;PODR;HRPODRRA0004;2022-09-19;CT;570,00;578,00;570,00;578,00;573,392857142860;0,35;6;224,00000;128440,00;HRK;HRK
XZAG;PODR;HRPODRRA0004;2022-09-16;CT;570,00;576,00;568,00;576,00;572,086956521740;1,05;6;414,00000;236844,00;HRK;HRK
XZAG;PODR;HRPODRRA0004;2022-09-15;CT;572,00;572,00;570,00;570,00;571,120000000000;-1,04;4;225,00000;128502,00;HRK;HRK
XZAG;PODR;HRPODRRA0004;2022-09-14;CT;576,00;576,00;570,00;576,00;571,000000000000;0,00;5;1560,00000;890760,00;HRK;HRK
XZAG;PODR;HRPODRRA0004;2022-09-13;CT;574,00;576,00;568,00;576,00;574,724137931030;0,00;7;290,00000;166670,00;HRK;HRK
XZAG;PODR;HRPODRRA0004;2022-09-12;CT;570,00;576,00;570,00;576,00;575,407407407410;1,05;4;270,00000;155360,00;HRK;HRK
XZAG;PODR;HRPODRRA0004;2022-09-09;CT;568,00;570,00;568,00;570,00;568,838095238100;0,00;4;735,00000;418096,00;HRK;HRK
XZAG;PODR;HRPODRRA0004;2022-09-08;CT;572,00;574,00;570,00;570,00;571,746920492720;-1,04;9;893,00000;510570,00;HRK;HRK
XZAG;PODR;HRPODRRA0004;2022-09-07;CT;568,00;576,00;568,00;576,00;574,491428571430;1,41;3;175,00000;100536,00;HRK;HRK
XZAG;PODR;HRPODRRA0004;2022-09-06;CT;568,00;568,00;568,00;568,00;568,000000000000;0,00;2;175,00000;99400,00;HRK;HRK
XZAG;PODR;HRPODRRA0004;2022-09-05;CT;574,00;574,00;568,00;568,00;570,834386852090;-1,05;15;2373,00000;1354590,00;HRK;HRK
XZAG;PODR;HRPODRRA0004;2022-09-02;CT;570,00;576,00;570,00;574,00;573,135483870970;0,70;11;310,00000;177672,00;HRK;HRK
XZAG;PODR;HRPODRRA0004;2022-09-01;CT;576,00;576,00;568,00;570,00;570,388998035360;-1,72;19;6108,00000;3483936,00;HRK;HRK
XZAG;PODR;HRPODRRA0004;2022-08-31;CT;580,00;580,00;580,00;580,00;580,000000000000;-0,68;1;200,00000;116000,00;HRK;HRK
XZAG;PODR;HRPODRRA0004;2022-08-30;CT;582,00;584,00;582,00;584,00;582,804878048780;-0,68;4;82,00000;47790,00;HRK;HRK
XZAG;PODR;HRPODRRA0004;2022-08-26;CT;584,00;588,00;584,00;588,00;586,774566473990;-0,34;2;173,00000;101512,00;HRK;HRK
XZAG;PODR;HRPODRRA0004;2022-08-25;CT;594,00;594,00;590,00;590,00;590,385321100920;-0,34;8;545,00000;321760,00;HRK;HRK
XZAG;PODR;HRPODRRA0004;2022-08-24;CT;594,00;594,00;592,00;592,00;593,062003179650;0,00;7;629,00000;373036,00;HRK;HRK
XZAG;PODR;HRPODRRA0004;2022-08-23;CT;594,00;594,00;592,00;592,00;592,485714285710;-1,00;8;350,00000;207370,00;HRK;HRK
XZAG;PODR;HRPODRRA0004;2022-08-22;CT;598,00;598,00;594,00;598,00;594,485686080950;0,00;12;2026,00000;1204428,00;HRK;HRK
XZAG;PODR;HRPODRRA0004;2022-08-19;CT;596,00;598,00;596,00;598,00;597,600000000000;-0,33;2;150,00000;89640,00;HRK;HRK
XZAG;PODR;HRPODRRA0004;2022-08-18;CT;594,00;600,00;592,00;600,00;593,052631578950;1,01;3;57,00000;33804,00;HRK;HRK
XZAG;PODR;HRPODRRA0004;2022-08-17;CT;594,00;594,00;594,00;594,00;594,000000000000;0,00;10;2040,00000;1211760,00;HRK;HRK
XZAG;PODR;HRPODRRA0004;2022-08-16;CT;594,00;598,00;594,00;594,00;594,062500000000;-1,00;14;8640,00000;5132700,00;HRK;HRK
XZAG;PODR;HRPODRRA0004;2022-08-12;CT;590,00;600,00;590,00;600,00;594,209209209210;1,69;22;1998,00000;1187230,00;HRK;HRK
XZAG;PODR;HRPODRRA0004;2022-08-11;CT;590,00;592,00;590,00;590,00;590,333333333330;0,00;10;1260,00000;743820,00;HRK;HRK
XZAG;PODR;HRPODRRA0004;2022-08-10;CT;592,00;592,00;590,00;590,00;590,181818181820;0,00;2;110,00000;64920,00;HRK;HRK
XZAG;PODR;HRPODRRA0004;2022-08-09;CT;584,00;590,00;584,00;590,00;587,558359621450;1,03;7;634,00000;372512,00;HRK;HRK
XZAG;PODR;HRPODRRA0004;2022-08-08;CT;580,00;584,00;580,00;584,00;582,000000000000;0,00;3;300,00000;174600,00;HRK;HRK
XZAG;PODR;HRPODRRA0004;2022-08-04;CT;580,00;584,00;580,00;584,00;581,167155425220;1,04;6;341,00000;198178,00;HRK;HRK
XZAG;PODR;HRPODRRA0004;2022-08-02;CT;578,00;580,00;578,00;578,00;578,884955752210;-0,34;8;339,00000;196242,00;HRK;HRK
XZAG;PODR;HRPODRRA0004;2022-08-01;CT;578,00;580,00;578,00;580,00;579,904191616770;0,00;4;334,00000;193688,00;HRK;HRK
XZAG;PODR;HRPODRRA0004;2022-07-29;CT;578,00;580,00;578,00;580,00;579,774730656220;0,00;12;1021,00000;591950,00;HRK;HRK
XZAG;PODR;HRPODRRA0004;2022-07-28;CT;578,00;584,00;578,00;580,00;581,896265560170;-0,68;6;482,00000;280474,00;HRK;HRK
XZAG;PODR;HRPODRRA0004;2022-07-27;CT;584,00;584,00;580,00;584,00;583,927272727270;0,69;4;275,00000;160580,00;HRK;HRK
XZAG;PODR;HRPODRRA0004;2022-07-26;CT;576,00;580,00;576,00;580,00;579,342857142860;0,69;4;280,00000;162216,00;HRK;HRK
XZAG;PODR;HRPODRRA0004;2022-07-25;CT;574,00;576,00;574,00;576,00;574,158995815900;-0,69;4;239,00000;137224,00;HRK;HRK
XZAG;PODR;HRPODRRA0004;2022-07-22;CT;570,00;580,00;570,00;580,00;573,123839009290;2,11;9;646,00000;370238,00;HRK;HRK
XZAG;PODR;HRPODRRA0004;2022-07-21;BLOCK;;560,00;560,00;560,00;560,000000000000;;1;15000,00000;8400000,00;HRK;HRK
XZAG;PODR;HRPODRRA0004;2022-07-21;CT;566,00;568,00;566,00;568,00;566,580645161290;0,71;11;496,00000;281024,00;HRK;HRK
XZAG;PODR;HRPODRRA0004;2022-07-20;CT;564,00;566,00;564,00;564,00;564,067385444740;0,00;10;742,00000;418538,00;HRK;HRK
XZAG;PODR;HRPODRRA0004;2022-07-19;CT;562,00;564,00;562,00;564,00;563,120481927710;0,00;4;166,00000;93478,00;HRK;HRK
XZAG;PODR;HRPODRRA0004;2022-07-18;CT;560,00;564,00;558,00;564,00;559,985714285710;0,71;14;840,00000;470388,00;HRK;HRK
XZAG;PODR;HRPODRRA0004;2022-07-15;CT;562,00;564,00;560,00;560,00;562,352941176470;0,00;10;510,00000;286800,00;HRK;HRK
XZAG;PODR;HRPODRRA0004;2022-07-14;CT;564,00;564,00;560,00;560,00;562,075342465750;-0,71;10;292,00000;164126,00;HRK;HRK
XZAG;PODR;HRPODRRA0004;2022-07-13;CT;570,00;570,00;564,00;564,00;566,807692307690;-2,08;9;312,00000;176844,00;HRK;HRK
XZAG;PODR;HRPODRRA0004;2022-07-12;BLOCK;;580,00;580,00;580,00;580,000000000000;;2;19000,00000;11020000,00;HRK;HRK
XZAG;PODR;HRPODRRA0004;2022-07-12;CT;580,00;580,00;574,00;576,00;577,153153153150;-0,69;14;444,00000;256256,00;HRK;HRK
XZAG;PODR;HRPODRRA0004;2022-07-11;CT;572,00;582,00;572,00;580,00;579,887096774190;1,05;6;620,00000;359530,00;HRK;HRK
XZAG;PODR;HRPODRRA0004;2022-07-08;CT;576,00;580,00;574,00;574,00;574,721774193550;0,00;11;496,00000;285062,00;HRK;HRK
XZAG;PODR;HRPODRRA0004;2022-07-07;BLOCK;;564,00;564,00;564,00;564,000000000000;;1;5000,00000;2820000,00;HRK;HRK
XZAG;PODR;HRPODRRA0004;2022-07-07;CT;576,00;576,00;574,00;574,00;575,851851851850;-0,69;3;270,00000;155480,00;HRK;HRK
XZAG;PODR;HRPODRRA0004;2022-07-06;CT;572,00;578,00;572,00;578,00;576,094488188980;-0,34;4;254,00000;146328,00;HRK;HRK
XZAG;PODR;HRPODRRA0004;2022-07-05;CT;580,00;580,00;576,00;580,00;579,098039215690;-0,34;5;306,00000;177204,00;HRK;HRK
XZAG;PODR;HRPODRRA0004;2022-07-04;BLOCK;;560,00;560,00;560,00;560,000000000000;;1;6000,00000;3360000,00;HRK;HRK
XZAG;PODR;HRPODRRA0004;2022-07-04;CT;582,00;584,00;578,00;582,00;579,570520965690;-1,36;6;787,00000;456122,00;HRK;HRK
XZAG;PODR;HRPODRRA0004;2022-07-01;CT;590,00;590,00;590,00;590,00;590,000000000000;0,00;8;601,00000;354590,00;HRK;HRK
XZAG;PODR;HRPODRRA0004;2022-06-30;CT;588,00;590,00;588,00;590,00;588,333333333330;0,34;3;420,00000;247100,00;HRK;HRK
XZAG;PODR;HRPODRRA0004;2022-06-29;CT;586,00;588,00;586,00;588,00;587,349325337330;1,03;6;667,00000;391762,00;HRK;HRK
XZAG;PODR;HRPODRRA0004;2022-06-28;CT;572,00;582,00;572,00;582,00;580,972972972970;1,04;6;370,00000;214960,00;HRK;HRK
XZAG;PODR;HRPODRRA0004;2022-06-27;BLOCK;;580,00;580,00;580,00;580,000000000000;;1;6000,00000;3480000,00;HRK;HRK
XZAG;PODR;HRPODRRA0004;2022-06-27;CT;576,00;582,00;576,00;576,00;578,267870579380;1,05;17;1329,00000;768518,00;HRK;HRK
XZAG;PODR;HRPODRRA0004;2022-06-24;CT;564,00;574,00;564,00;570,00;570,616501650160;1,79;13;1515,00000;864484,00;HRK;HRK
XZAG;PODR;HRPODRRA0004;2022-06-23;CT;566,00;570,00;560,00;560,00;568,085714285710;-1,75;16;1120,00000;636256,00;HRK;HRK
XZAG;PODR;HRPODRRA0004;2022-06-21;CT;566,00;570,00;566,00;570,00;569,549549549550;0,71;8;555,00000;316100,00;HRK;HRK
XZAG;PODR;HRPODRRA0004;2022-06-20;CT;574,00;574,00;566,00;566,00;570,215105740180;-1,39;16;1655,00000;943706,00;HRK;HRK
XZAG;PODR;HRPODRRA0004;2022-06-17;CT;584,00;584,00;574,00;574,00;575,669724770640;-1,37;12;327,00000;188244,00;HRK;HRK
XZAG;PODR;HRPODRRA0004;2022-06-15;CT;578,00;582,00;574,00;582,00;578,314631463150;0,00;10;909,00000;525688,00;HRK;HRK
XZAG;PODR;HRPODRRA0004;2022-06-14;CT;590,00;590,00;582,00;582,00;586,970996216900;-2,68;12;793,00000;465468,00;HRK;HRK
XZAG;PODR;HRPODRRA0004;2022-06-13;CT;596,00;598,00;590,00;598,00;594,001131861910;-0,33;22;1767,00000;1049600,00;HRK;HRK
XZAG;PODR;HRPODRRA0004;2022-06-10;CT;600,00;600,00;598,00;600,00;599,577836411610;0,33;7;379,00000;227240,00;HRK;HRK
XZAG;PODR;HRPODRRA0004;2022-06-09;CT;600,00;600,00;598,00;598,00;599,925449871470;-0,33;12;778,00000;466742,00;HRK;HRK
XZAG;PODR;HRPODRRA0004;2022-06-08;CT;594,00;600,00;594,00;600,00;596,960000000000;1,01;5;300,00000;179088,00;HRK;HRK
XZAG;PODR;HRPODRRA0004;2022-06-07;CT;602,00;602,00;594,00;594,00;597,695159629250;-1,66;15;971,00000;580362,00;HRK;HRK
XZAG;PODR;HRPODRRA0004;2022-06-06;CT;606,00;606,00;602,00;604,00;605,290043290040;-0,33;4;462,00000;279644,00;HRK;HRK
XZAG;PODR;HRPODRRA0004;2022-06-03;CT;608,00;608,00;606,00;606,00;607,485294117650;-0,33;8;408,00000;247854,00;HRK;HRK
XZAG;PODR;HRPODRRA0004;2022-06-02;CT;610,00;610,00;608,00;608,00;608,873239436620;0,33;5;355,00000;216150,00;HRK;HRK
XZAG;PODR;HRPODRRA0004;2022-05-31;CT;614,00;614,00;606,00;606,00;612,660130718950;-1,30;6;306,00000;187474,00;HRK;HRK
XZAG;PODR;HRPODRRA0004;2022-05-27;CT;610,00;614,00;608,00;614,00;609,526315789470;1,32;10;342,00000;208458,00;HRK;HRK
XZAG;PODR;HRPODRRA0004;2022-05-26;CT;604,00;610,00;604,00;606,00;607,914572864320;-0,98;7;398,00000;241950,00;HRK;HRK
XZAG;PODR;HRPODRRA0004;2022-05-25;CT;606,00;612,00;606,00;612,00;610,170370370370;0,99;4;270,00000;164746,00;HRK;HRK
XZAG;PODR;HRPODRRA0004;2022-05-24;CT;608,00;608,00;606,00;606,00;607,142857142860;-0,66;2;280,00000;170000,00;HRK;HRK
XZAG;PODR;HRPODRRA0004;2022-05-23;BLOCK;;610,00;610,00;610,00;610,000000000000;;1;4424,00000;2698640,00;HRK;HRK
XZAG;PODR;HRPODRRA0004;2022-05-23;CT;606,00;610,00;606,00;610,00;607,653725078700;1,67;9;953,00000;579094,00;HRK;HRK
XZAG;PODR;HRPODRRA0004;2022-05-20;CT;600,00;600,00;600,00;600,00;600,000000000000;0,00;3;52,00000;31200,00;HRK;HRK
XZAG;PODR;HRPODRRA0004;2022-05-19;CT;596,00;600,00;596,00;600,00;598,259887005650;1,01;4;177,00000;105892,00;HRK;HRK
XZAG;PODR;HRPODRRA0004;2022-05-18;CT;600,00;600,00;594,00;594,00;597,936000000000;-0,34;13;1000,00000;597936,00;HRK;HRK
XZAG;PODR;HRPODRRA0004;2022-05-17;CT;600,00;600,00;596,00;596,00;599,469714285710;-0,67;8;875,00000;524536,00;HRK;HRK
XZAG;PODR;HRPODRRA0004;2022-05-16;CT;596,00;600,00;596,00;600,00;596,137931034480;1,01;3;145,00000;86440,00;HRK;HRK
XZAG;PODR;HRPODRRA0004;2022-05-13;CT;600,00;600,00;594,00;594,00;598,659793814430;-1,33;13;970,00000;580700,00;HRK;HRK
XZAG;PODR;HRPODRRA0004;2022-05-12;CT;602,00;604,00;598,00;602,00;601,218579234970;-0,66;15;366,00000;220046,00;HRK;HRK
XZAG;PODR;HRPODRRA0004;2022-05-11;CT;604,00;608,00;604,00;606,00;604,664519592060;-0,33;11;1863,00000;1126490,00;HRK;HRK
XZAG;PODR;HRPODRRA0004;2022-05-10;CT;602,00;608,00;602,00;608,00;605,288153129850;1,33;13;1933,00000;1170022,00;HRK;HRK
XZAG;PODR;HRPODRRA0004;2022-05-09;CT;600,00;600,00;600,00;600,00;600,000000000000;-0,33;18;1060,00000;636000,00;HRK;HRK
XZAG;PODR;HRPODRRA0004;2022-05-06;CT;610,00;610,00;602,00;602,00;605,311276164750;-1,31;27;1481,00000;896466,00;HRK;HRK
XZAG;PODR;HRPODRRA0004;2022-05-05;CT;602,00;610,00;602,00;610,00;606,736607142860;1,33;4;448,00000;271818,00;HRK;HRK
XZAG;PODR;HRPODRRA0004;2022-05-04;CT;608,00;608,00;602,00;602,00;603,829383886260;-0,99;19;1055,00000;637040,00;HRK;HRK
XZAG;PODR;HRPODRRA0004;2022-05-03;CT;608,00;608,00;606,00;608,00;607,611650485440;0,00;11;515,00000;312920,00;HRK;HRK
XZAG;PODR;HRPODRRA0004;2022-05-02;CT;608,00;608,00;606,00;608,00;606,377358490570;0,00;7;265,00000;160690,00;HRK;HRK
XZAG;PODR;HRPODRRA0004;2022-04-29;CT;604,00;610,00;604,00;608,00;609,410526315790;-0,33;20;950,00000;578940,00;HRK;HRK
XZAG;PODR;HRPODRRA0004;2022-04-28;CT;606,00;610,00;604,00;610,00;604,891933028920;0,33;14;657,00000;397414,00;HRK;HRK
XZAG;PODR;HRPODRRA0004;2022-04-27;CT;610,00;610,00;604,00;608,00;607,628432956380;-0,33;21;1857,00000;1128366,00;HRK;HRK
XZAG;PODR;HRPODRRA0004;2022-04-26;CT;612,00;612,00;610,00;610,00;610,843137254900;-0,65;5;102,00000;62306,00;HRK;HRK
XZAG;PODR;HRPODRRA0004;2022-04-22;CT;616,00;616,00;614,00;614,00;614,794964028780;-0,65;9;556,00000;341826,00;HRK;HRK
XZAG;PODR;HRPODRRA0004;2022-04-21;CT;618,00;618,00;618,00;618,00;618,000000000000;0,00;8;662,00000;409116,00;HRK;HRK
XZAG;PODR;HRPODRRA0004;2022-04-20;CT;618,00;618,00;614,00;618,00;617,779069767440;1,31;9;344,00000;212516,00;HRK;HRK
XZAG;PODR;HRPODRRA0004;2022-04-19;CT;612,00;612,00;610,00;610,00;611,563139931740;0,33;8;293,00000;179188,00;HRK;HRK
XZAG;PODR;HRPODRRA0004;2022-04-14;CT;616,00;616,00;604,00;608,00;608,969211303250;-1,62;40;2371,00000;1443866,00;HRK;HRK
XZAG;PODR;HRPODRRA0004;2022-04-13;CT;616,00;618,00;614,00;618,00;616,318739054290;0,00;5;571,00000;351918,00;HRK;HRK
XZAG;PODR;HRPODRRA0004;2022-04-12;CT;620,00;620,00;614,00;618,00;616,352941176470;0,00;6;85,00000;52390,00;HRK;HRK
XZAG;PODR;HRPODRRA0004;2022-04-11;CT;620,00;620,00;618,00;618,00;619,190195188380;-0,32;35;4406,00000;2728152,00;HRK;HRK
XZAG;PODR;HRPODRRA0004;2022-04-08;CT;620,00;622,00;620,00;620,00;621,251063829790;0,32;13;470,00000;291988,00;HRK;HRK
XZAG;PODR;HRPODRRA0004;2022-04-07;CT;624,00;624,00;618,00;618,00;621,957701516360;-0,96;25;2506,00000;1558626,00;HRK;HRK
XZAG;PODR;HRPODRRA0004;2022-04-06;CT;628,00;630,00;624,00;624,00;627,189948263120;-0,64;20;1353,00000;848588,00;HRK;HRK
XZAG;PODR;HRPODRRA0004;2022-04-05;CT;634,00;634,00;628,00;628,00;631,992202729040;-0,32;15;513,00000;324212,00;HRK;HRK
XZAG;PODR;HRPODRRA0004;2022-04-04;CT;622,00;630,00;620,00;630,00;623,377256317690;1,61;28;2216,00000;1381404,00;HRK;HRK
XZAG;PODR;HRPODRRA0004;2022-04-01;CT;620,00;620,00;618,00;620,00;619,946472019460;-0,64;8;822,00000;509596,00;HRK;HRK
XZAG;PODR;HRPODRRA0004;2022-03-31;CT;626,00;626,00;616,00;624,00;620,133557800220;-0,32;18;1782,00000;1105078,00;HRK;HRK
XZAG;PODR;HRPODRRA0004;2022-03-30;CT;628,00;628,00;620,00;626,00;626,472727272730;0,32;9;275,00000;172280,00;HRK;HRK
XZAG;PODR;HRPODRRA0004;2022-03-29;CT;616,00;624,00;616,00;624,00;619,068965517240;2,30;9;232,00000;143624,00;HRK;HRK
XZAG;PODR;HRPODRRA0004;2022-03-28;CT;620,00;620,00;602,00;610,00;611,460540941090;-1,61;40;2699,00000;1650332,00;HRK;HRK
XZAG;PODR;HRPODRRA0004;2022-03-25;CT;620,00;620,00;620,00;620,00;620,000000000000;0,00;2;12,00000;7440,00;HRK;HRK
XZAG;PODR;HRPODRRA0004;2022-03-24;CT;618,00;620,00;610,00;620,00;616,279538904900;0,00;18;694,00000;427698,00;HRK;HRK
XZAG;PODR;HRPODRRA0004;2022-03-23;CT;630,00;630,00;614,00;620,00;622,738461538460;-1,59;22;1170,00000;728604,00;HRK;HRK
XZAG;PODR;HRPODRRA0004;2022-03-22;CT;632,00;634,00;630,00;630,00;630,155382907880;-1,25;18;901,00000;567770,00;HRK;HRK
XZAG;PODR;HRPODRRA0004;2022-03-21;CT;634,00;638,00;630,00;638,00;636,057636887610;1,59;19;347,00000;220712,00;HRK;HRK
XZAG;PODR;HRPODRRA0004;2022-03-18;CT;614,00;636,00;610,00;628,00;624,960736791080;2,95;33;2063,00000;1289294,00;HRK;HRK
XZAG;PODR;HRPODRRA0004;2022-03-17;CT;614,00;614,00;600,00;610,00;605,955869373350;0,33;25;1133,00000;686548,00;HRK;HRK
XZAG;PODR;HRPODRRA0004;2022-03-16;CT;584,00;610,00;584,00;608,00;596,464661654140;6,29;43;2660,00000;1586596,00;HRK;HRK
XZAG;PODR;HRPODRRA0004;2022-03-15;BLOCK;;570,00;570,00;570,00;570,000000000000;;1;4000,00000;2280000,00;HRK;HRK
XZAG;PODR;HRPODRRA0004;2022-03-15;CT;570,00;574,00;564,00;572,00;567,780234070220;-0,35;23;1538,00000;873246,00;HRK;HRK
XZAG;PODR;HRPODRRA0004;2022-03-14;CT;564,00;574,00;562,00;574,00;570,316939890710;3,24;17;1098,00000;626208,00;HRK;HRK
XZAG;PODR;HRPODRRA0004;2022-03-11;CT;560,00;560,00;556,00;556,00;559,535580524340;-1,07;21;534,00000;298792,00;HRK;HRK
XZAG;PODR;HRPODRRA0004;2022-03-10;CT;564,00;570,00;562,00;562,00;563,674362089910;-0,35;27;823,00000;463904,00;HRK;HRK
XZAG;PODR;HRPODRRA0004;2022-03-09;CT;550,00;570,00;550,00;564,00;560,542091152820;2,92;85;3730,00000;2090822,00;HRK;HRK
XZAG;PODR;HRPODRRA0004;2022-03-08;CT;550,00;556,00;548,00;548,00;550,978919126100;-0,72;53;2609,00000;1437504,00;HRK;HRK
XZAG;PODR;HRPODRRA0004;2022-03-07;CT;578,00;578,00;550,00;552,00;556,226378896880;-4,83;84;4170,00000;2319464,00;HRK;HRK
XZAG;PODR;HRPODRRA0004;2022-03-04;CT;582,00;584,00;580,00;580,00;580,141700404860;-0,68;10;494,00000;286590,00;HRK;HRK
XZAG;PODR;HRPODRRA0004;2022-03-03;CT;588,00;590,00;584,00;584,00;588,931989924430;0,34;13;1191,00000;701418,00;HRK;HRK
XZAG;PODR;HRPODRRA0004;2022-03-02;CT;590,00;594,00;582,00;582,00;589,405737704920;-2,35;17;1464,00000;862890,00;HRK;HRK
XZAG;PODR;HRPODRRA0004;2022-03-01;BLOCK;;590,00;590,00;590,00;590,000000000000;;1;5000,00000;2950000,00;HRK;HRK
XZAG;PODR;HRPODRRA0004;2022-03-01;CT;600,00;600,00;590,00;596,00;593,658536585370;0,68;19;451,00000;267740,00;HRK;HRK
XZAG;PODR;HRPODRRA0004;2022-02-28;CT;600,00;604,00;560,00;592,00;587,518667835230;-2,95;115;5705,00000;3351794,00;HRK;HRK
XZAG;PODR;HRPODRRA0004;2022-02-25;CT;606,00;618,00;606,00;610,00;609,937587657780;1,67;64;2852,00000;1739542,00;HRK;HRK
XZAG;PODR;HRPODRRA0004;2022-02-24;CT;628,00;628,00;594,00;600,00;611,042874845110;-8,54;109;4035,00000;2465558,00;HRK;HRK
XZAG;PODR;HRPODRRA0004;2022-02-23;CT;660,00;660,00;656,00;656,00;658,212290502790;0,00;12;358,00000;235640,00;HRK;HRK
XZAG;PODR;HRPODRRA0004;2022-02-22;CT;660,00;662,00;650,00;656,00;654,920634920630;-2,09;23;1008,00000;660160,00;HRK;HRK
XZAG;PODR;HRPODRRA0004;2022-02-21;CT;666,00;672,00;666,00;670,00;671,252173913040;1,52;4;115,00000;77194,00;HRK;HRK
XZAG;PODR;HRPODRRA0004;2022-02-18;CT;674,00;674,00;660,00;660,00;664,052812858780;-2,08;14;871,00000;578390,00;HRK;HRK
XZAG;PODR;HRPODRRA0004;2022-02-17;CT;680,00;682,00;674,00;674,00;678,526956521740;-0,88;15;1150,00000;780306,00;HRK;HRK
XZAG;PODR;HRPODRRA0004;2022-02-16;CT;674,00;680,00;672,00;680,00;675,093851132690;1,49;10;618,00000;417208,00;HRK;HRK
XZAG;PODR;HRPODRRA0004;2022-02-15;CT;664,00;670,00;664,00;670,00;664,284090909090;0,60;6;176,00000;116914,00;HRK;HRK
XZAG;PODR;HRPODRRA0004;2022-02-14;CT;684,00;684,00;658,00;666,00;673,747412008280;-2,63;34;1932,00000;1301680,00;HRK;HRK
XZAG;PODR;HRPODRRA0004;2022-02-11;CT;688,00;688,00;684,00;684,00;685,909090909090;-0,29;8;308,00000;211260,00;HRK;HRK
XZAG;PODR;HRPODRRA0004;2022-02-10;CT;688,00;690,00;686,00;686,00;688,106194690270;0,00;10;113,00000;77756,00;HRK;HRK
XZAG;PODR;HRPODRRA0004;2022-02-09;CT;686,00;686,00;686,00;686,00;686,000000000000;-0,29;8;464,00000;318304,00;HRK;HRK
XZAG;PODR;HRPODRRA0004;2022-02-08;CT;688,00;692,00;688,00;688,00;689,375000000000;0,29;5;32,00000;22060,00;HRK;HRK
XZAG;PODR;HRPODRRA0004;2022-02-07;CT;692,00;692,00;686,00;686,00;686,363636363640;-0,87;2;33,00000;22650,00;HRK;HRK
XZAG;PODR;HRPODRRA0004;2022-02-04;CT;692,00;692,00;690,00;692,00;691,806451612900;1,17;9;682,00000;471812,00;HRK;HRK
XZAG;PODR;HRPODRRA0004;2022-02-02;CT;684,00;692,00;684,00;684,00;686,988047808760;0,00;7;251,00000;172434,00;HRK;HRK
XZAG;PODR;HRPODRRA0004;2022-02-01;CT;676,00;698,00;676,00;684,00;684,053710247350;0,00;28;1415,00000;967936,00;HRK;HRK
XZAG;PODR;HRPODRRA0004;2022-01-31;CT;682,00;684,00;676,00;684,00;681,679611650490;0,00;11;206,00000;140426,00;HRK;HRK
XZAG;PODR;HRPODRRA0004;2022-01-28;CT;680,00;684,00;680,00;684,00;680,088328075710;0,59;3;317,00000;215588,00;HRK;HRK
XZAG;PODR;HRPODRRA0004;2022-01-27;CT;682,00;682,00;670,00;680,00;677,468581687610;-0,58;20;1114,00000;754700,00;HRK;HRK
XZAG;PODR;HRPODRRA0004;2022-01-26;CT;678,00;686,00;678,00;684,00;681,810126582280;0,88;15;790,00000;538630,00;HRK;HRK
XZAG;PODR;HRPODRRA0004;2022-01-25;CT;664,00;682,00;658,00;678,00;669,816640986130;2,11;32;1298,00000;869422,00;HRK;HRK
XZAG;PODR;HRPODRRA0004;2022-01-24;CT;684,00;684,00;664,00;664,00;675,817589576550;-4,60;35;1842,00000;1244856,00;HRK;HRK
XZAG;PODR;HRPODRRA0004;2022-01-21;CT;694,00;696,00;684,00;696,00;692,102713178290;0,00;32;2064,00000;1428500,00;HRK;HRK
XZAG;PODR;HRPODRRA0004;2022-01-20;CT;706,00;706,00;692,00;696,00;698,051724137930;-0,57;25;3364,00000;2348246,00;HRK;HRK
XZAG;PODR;HRPODRRA0004;2022-01-19;CT;706,00;710,00;698,00;700,00;703,764514965740;-0,85;63;5546,00000;3903078,00;HRK;HRK
XZAG;PODR;HRPODRRA0004;2022-01-18;CT;706,00;708,00;700,00;706,00;705,030769230770;0,00;28;2470,00000;1741426,00;HRK;HRK
XZAG;PODR;HRPODRRA0004;2022-01-17;CT;688,00;710,00;688,00;706,00;703,815158546020;2,32;50;5172,00000;3640132,00;HRK;HRK
XZAG;PODR;HRPODRRA0004;2022-01-14;CT;670,00;700,00;670,00;690,00;682,512632594020;4,55;78;5185,00000;3538828,00;HRK;HRK
XZAG;PODR;HRPODRRA0004;2022-01-13;CT;664,00;664,00;660,00;660,00;663,821428571430;0,00;3;112,00000;74348,00;HRK;HRK
XZAG;PODR;HRPODRRA0004;2022-01-12;CT;656,00;660,00;654,00;660,00;657,374401095140;0,61;39;1461,00000;960424,00;HRK;HRK
XZAG;PODR;HRPODRRA0004;2022-01-11;CT;654,00;656,00;654,00;656,00;654,784466019420;-0,61;4;515,00000;337214,00;HRK;HRK
XZAG;PODR;HRPODRRA0004;2022-01-10;CT;652,00;660,00;652,00;660,00;658,054054054050;1,23;2;37,00000;24348,00;HRK;HRK
XZAG;PODR;HRPODRRA0004;2022-01-07;CT;652,00;660,00;652,00;652,00;652,416666666670;-1,21;9;96,00000;62632,00;HRK;HRK
XZAG;PODR;HRPODRRA0004;2022-01-05;CT;650,00;660,00;650,00;660,00;658,353591160220;0,92;8;181,00000;119162,00;HRK;HRK
XZAG;PODR;HRPODRRA0004;2022-01-04;CT;650,00;656,00;650,00;654,00;651,507772020730;-0,30;11;386,00000;251482,00;HRK;HRK
XZAG;PODR;HRPODRRA0004;2022-01-03;CT;638,00;656,00;638,00;656,00;646,962869729390;3,80;43;1589,00000;1028024,00;HRK;HRK
XZAG;PODR;HRPODRRA0004;2021-12-30;CT;636,00;636,00;630,00;632,00;635,770661157020;-0,32;9;968,00000;615426,00;HRK;HRK
XZAG;PODR;HRPODRRA0004;2021-12-29;CT;630,00;634,00;630,00;634,00;633,283154121860;0,32;7;279,00000;176686,00;HRK;HRK
XZAG;PODR;HRPODRRA0004;2021-12-28;CT;630,00;632,00;630,00;632,00;631,385214007780;0,64;9;257,00000;162266,00;HRK;HRK
XZAG;PODR;HRPODRRA0004;2021-12-27;CT;630,00;630,00;628,00;628,00;629,866310160430;0,00;6;374,00000;235570,00;HRK;HRK
XZAG;PODR;HRPODRRA0004;2021-12-23;CT;628,00;630,00;628,00;628,00;628,148514851490;-0,95;9;202,00000;126886,00;HRK;HRK
XZAG;PODR;HRPODRRA0004;2021-12-22;CT;630,00;634,00;630,00;634,00;630,160734787600;0,96;3;1742,00000;1097740,00;HRK;HRK
XZAG;PODR;HRPODRRA0004;2021-12-21;CT;630,00;634,00;626,00;628,00;628,079320113310;-0,32;7;2118,00000;1330272,00;HRK;HRK
XZAG;PODR;HRPODRRA0004;2021-12-20;CT;634,00;634,00;626,00;630,00;628,333333333330;-0,63;12;270,00000;169650,00;HRK;HRK
XZAG;PODR;HRPODRRA0004;2021-12-17;CT;634,00;634,00;630,00;634,00;633,725000000000;-0,31;12;2560,00000;1622336,00;HRK;HRK
XZAG;PODR;HRPODRRA0004;2021-12-16;CT;628,00;636,00;628,00;636,00;633,918960244650;0,95;13;2616,00000;1658332,00;HRK;HRK
XZAG;PODR;HRPODRRA0004;2021-12-15;CT;628,00;630,00;626,00;630,00;626,670038910510;-0,32;12;2570,00000;1610542,00;HRK;HRK
XZAG;PODR;HRPODRRA0004;2021-12-14;CT;630,00;632,00;628,00;632,00;630,058299595140;0,64;12;2470,00000;1556244,00;HRK;HRK
XZAG;PODR;HRPODRRA0004;2021-12-13;CT;624,00;630,00;624,00;628,00;625,891127303900;0,00;15;2333,00000;1460204,00;HRK;HRK
XZAG;PODR;HRPODRRA0004;2021-12-10;CT;628,00;628,00;624,00;628,00;626,117879300620;0,32;16;3546,00000;2220214,00;HRK;HRK
XZAG;PODR;HRPODRRA0004;2021-12-09;CT;626,00;626,00;626,00;626,00;626,000000000000;0,32;2;20,00000;12520,00;HRK;HRK
XZAG;PODR;HRPODRRA0004;2021-12-08;CT;628,00;630,00;624,00;624,00;627,028213166140;-0,64;12;638,00000;400044,00;HRK;HRK
XZAG;PODR;HRPODRRA0004;2021-12-07;CT;620,00;628,00;620,00;628,00;622,190243902440;1,29;11;4100,00000;2550980,00;HRK;HRK
XZAG;PODR;HRPODRRA0004;2021-12-06;CT;622,00;622,00;620,00;620,00;620,280000000000;0,00;4;50,00000;31014,00;HRK;HRK
XZAG;PODR;HRPODRRA0004;2021-12-03;CT;616,00;624,00;616,00;620,00;619,318503538930;0,98;17;989,00000;612506,00;HRK;HRK
XZAG;PODR;HRPODRRA0004;2021-12-02;CT;624,00;624,00;614,00;614,00;616,818181818180;-1,60;6;132,00000;81420,00;HRK;HRK
XZAG;PODR;HRPODRRA0004;2021-12-01;CT;610,00;624,00;610,00;624,00;620,033970276010;2,30;10;471,00000;292036,00;HRK;HRK
XZAG;PODR;HRPODRRA0004;2021-11-29;CT;614,00;614,00;610,00;610,00;612,137931034480;-0,33;7;145,00000;88760,00;HRK;HRK
XZAG;PODR;HRPODRRA0004;2021-11-26;CT;622,00;622,00;612,00;612,00;614,357117246320;-1,61;23;2789,00000;1713442,00;HRK;HRK
XZAG;PODR;HRPODRRA0004;2021-11-25;CT;624,00;624,00;622,00;622,00;622,215053763440;-0,32;5;93,00000;57866,00;HRK;HRK
XZAG;PODR;HRPODRRA0004;2021-11-24;CT;626,00;626,00;622,00;624,00;624,600000000000;0,00;4;40,00000;24984,00;HRK;HRK
XZAG;PODR;HRPODRRA0004;2021-11-23;CT;626,00;626,00;624,00;624,00;624,106508875740;-0,64;5;169,00000;105474,00;HRK;HRK
XZAG;PODR;HRPODRRA0004;2021-11-22;CT;628,00;628,00;628,00;628,00;628,000000000000;0,32;1;7,00000;4396,00;HRK;HRK
XZAG;PODR;HRPODRRA0004;2021-11-19;CT;626,00;626,00;624,00;626,00;625,042944785280;0,32;8;163,00000;101882,00;HRK;HRK
XZAG;PODR;HRPODRRA0004;2021-11-17;CT;626,00;626,00;624,00;624,00;625,247058823530;-0,32;5;85,00000;53146,00;HRK;HRK
XZAG;PODR;HRPODRRA0004;2021-11-16;CT;632,00;632,00;626,00;626,00;629,340101522840;-0,95;22;591,00000;371940,00;HRK;HRK
XZAG;PODR;HRPODRRA0004;2021-11-15;CT;638,00;638,00;632,00;632,00;637,142857142860;-0,94;9;105,00000;66900,00;HRK;HRK
XZAG;PODR;HRPODRRA0004;2021-11-12;CT;636,00;638,00;634,00;638,00;634,653846153850;0,31;7;104,00000;66004,00;HRK;HRK
XZAG;PODR;HRPODRRA0004;2021-11-11;CT;630,00;636,00;630,00;636,00;633,380281690140;0,00;7;71,00000;44970,00;HRK;HRK
XZAG;PODR;HRPODRRA0004;2021-11-10;CT;634,00;640,00;634,00;636,00;635,556521739130;0,00;16;230,00000;146178,00;HRK;HRK
XZAG;PODR;HRPODRRA0004;2021-11-09;CT;640,00;640,00;636,00;636,00;636,497607655500;0,00;7;209,00000;133028,00;HRK;HRK
XZAG;PODR;HRPODRRA0004;2021-11-08;CT;640,00;640,00;636,00;636,00;639,411042944790;0,00;8;163,00000;104224,00;HRK;HRK
XZAG;PODR;HRPODRRA0004;2021-11-05;CT;636,00;640,00;636,00;636,00;636,266055045870;0,00;14;218,00000;138706,00;HRK;HRK
XZAG;PODR;HRPODRRA0004;2021-11-04;CT;636,00;640,00;636,00;636,00;636,269430051810;0,32;9;193,00000;122800,00;HRK;HRK
XZAG;PODR;HRPODRRA0004;2021-11-03;CT;636,00;636,00;634,00;634,00;635,948051948050;-0,63;12;308,00000;195872,00;HRK;HRK
XZAG;PODR;HRPODRRA0004;2021-11-02;CT;642,00;642,00;638,00;638,00;640,719512195120;-0,62;16;820,00000;525390,00;HRK;HRK
XZAG;PODR;HRPODRRA0004;2021-10-29;CT;640,00;648,00;640,00;642,00;642,360975609760;0,31;17;205,00000;131684,00;HRK;HRK
XZAG;PODR;HRPODRRA0004;2021-10-28;CT;630,00;640,00;630,00;640,00;635,893129770990;1,59;6;131,00000;83302,00;HRK;HRK
XZAG;PODR;HRPODRRA0004;2021-10-27;CT;632,00;640,00;628,00;630,00;629,934749620640;-0,32;13;1318,00000;830254,00;HRK;HRK
XZAG;PODR;HRPODRRA0004;2021-10-26;CT;632,00;632,00;632,00;632,00;632,000000000000;-1,25;3;66,00000;41712,00;HRK;HRK
XZAG;PODR;HRPODRRA0004;2021-10-25;CT;640,00;640,00;638,00;640,00;639,904761904760;0,31;3;84,00000;53752,00;HRK;HRK
XZAG;PODR;HRPODRRA0004;2021-10-22;CT;640,00;640,00;638,00;638,00;638,292682926830;-0,31;6;246,00000;157020,00;HRK;HRK
XZAG;PODR;HRPODRRA0004;2021-10-21;CT;642,00;642,00;640,00;640,00;640,971428571430;-0,62;16;350,00000;224340,00;HRK;HRK
XZAG;PODR;HRPODRRA0004;2021-10-20;CT;650,00;650,00;644,00;644,00;645,944444444440;-0,92;4;36,00000;23254,00;HRK;HRK
XZAG;PODR;HRPODRRA0004;2021-10-19;CT;648,00;650,00;644,00;650,00;648,192307692310;0,31;10;156,00000;101118,00;HRK;HRK
XZAG;PODR;HRPODRRA0004;2021-10-18;CT;654,00;654,00;648,00;648,00;650,109504132230;-0,61;19;968,00000;629306,00;HRK;HRK
XZAG;PODR;HRPODRRA0004;2021-10-15;CT;654,00;658,00;650,00;652,00;652,313099041530;-0,31;20;1565,00000;1020870,00;HRK;HRK
XZAG;PODR;HRPODRRA0004;2021-10-14;CT;650,00;660,00;650,00;654,00;653,315658657830;1,55;41;3621,00000;2365656,00;HRK;HRK
XZAG;PODR;HRPODRRA0004;2021-10-13;CT;636,00;650,00;626,00;644,00;643,385432473440;1,26;38;1318,00000;847982,00;HRK;HRK
XZAG;PODR;HRPODRRA0004;2021-10-12;CT;630,00;636,00;630,00;636,00;635,455882352940;1,27;16;544,00000;345688,00;HRK;HRK
XZAG;PODR;HRPODRRA0004;2021-10-11;CT;630,00;634,00;624,00;628,00;628,061728395060;-0,95;43;810,00000;508730,00;HRK;HRK
XZAG;PODR;HRPODRRA0004;2021-10-08;CT;648,00;648,00;630,00;634,00;637,437641723360;-2,16;40;882,00000;562220,00;HRK;HRK
XZAG;PODR;HRPODRRA0004;2021-10-07;CT;650,00;658,00;648,00;648,00;650,972527472530;-0,31;20;1092,00000;710862,00;HRK;HRK
XZAG;PODR;HRPODRRA0004;2021-10-06;CT;650,00;656,00;646,00;650,00;650,428853754940;0,00;22;1012,00000;658234,00;HRK;HRK
XZAG;PODR;HRPODRRA0004;2021-10-05;CT;662,00;662,00;638,00;650,00;653,779678412590;-3,27;66;2923,00000;1910998,00;HRK;HRK
XZAG;PODR;HRPODRRA0004;2021-10-04;CT;698,00;698,00;670,00;672,00;679,885828198620;-2,61;105;5518,00000;3751610,00;HRK;HRK
XZAG;PODR;HRPODRRA0004;2021-10-01;CT;664,00;724,00;664,00;690,00;703,737872230480;3,92;273;15481,00000;10894566,00;HRK;HRK
XZAG;PODR;HRPODRRA0004;2021-09-30;BLOCK;;660,00;660,00;660,00;660,000000000000;;1;4000,00000;2640000,00;HRK;HRK
XZAG;PODR;HRPODRRA0004;2021-09-30;CT;638,00;664,00;638,00;664,00;656,732239083310;4,40;123;16145,00000;10602942,00;HRK;HRK
XZAG;PODR;HRPODRRA0004;2021-09-29;CT;628,00;648,00;628,00;636,00;636,164272329790;1,27;114;6404,00000;4073996,00;HRK;HRK
XZAG;PODR;HRPODRRA0004;2021-09-28;CT;620,00;628,00;618,00;628,00;623,260795315930;1,95;66;4099,00000;2554746,00;HRK;HRK
XZAG;PODR;HRPODRRA0004;2021-09-27;CT;606,00;616,00;602,00;616,00;608,920150305310;1,65;43;4258,00000;2592782,00;HRK;HRK
XZAG;PODR;HRPODRRA0004;2021-09-24;CT;602,00;606,00;600,00;606,00;603,746042216360;0,66;33;3032,00000;1830558,00;HRK;HRK
XZAG;PODR;HRPODRRA0004;2021-09-23;CT;598,00;602,00;598,00;602,00;599,911704312120;0,67;7;974,00000;584314,00;HRK;HRK
XZAG;PODR;HRPODRRA0004;2021-09-22;CT;600,00;600,00;598,00;598,00;599,956856702620;-0,33;6;649,00000;389372,00;HRK;HRK
XZAG;PODR;HRPODRRA0004;2021-09-21;CT;598,00;600,00;598,00;600,00;599,986632592880;0,00;10;30522,00000;18312792,00;HRK;HRK
XZAG;PODR;HRPODRRA0004;2021-09-20;CT;600,00;600,00;600,00;600,00;600,000000000000;0,33;5;14020,00000;8412000,00;HRK;HRK
XZAG;PODR;HRPODRRA0004;2021-09-17;CT;600,00;602,00;598,00;598,00;599,980882152120;-0,33;17;14646,00000;8787320,00;HRK;HRK
XZAG;PODR;HRPODRRA0004;2021-09-16;CT;602,00;602,00;598,00;600,00;600,007352941180;0,67;9;15232,00000;9139312,00;HRK;HRK
XZAG;PODR;HRPODRRA0004;2021-09-15;CT;596,00;602,00;596,00;596,00;596,299319727890;0,00;9;441,00000;262968,00;HRK;HRK
XZAG;PODR;HRPODRRA0004;2021-09-14;CT;598,00;600,00;596,00;596,00;599,979410017820;-0,33;4;5051,00000;3030496,00;HRK;HRK
XZAG;PODR;HRPODRRA0004;2021-09-13;CT;600,00;600,00;596,00;598,00;596,849816849820;-0,33;7;273,00000;162940,00;HRK;HRK
XZAG;PODR;HRPODRRA0004;2021-09-10;CT;600,00;600,00;596,00;600,00;599,747145187600;0,67;11;1226,00000;735290,00;HRK;HRK
XZAG;PODR;HRPODRRA0004;2021-09-09;CT;596,00;596,00;596,00;596,00;596,000000000000;0,00;3;65,00000;38740,00;HRK;HRK
XZAG;PODR;HRPODRRA0004;2021-09-08;CT;596,00;596,00;596,00;596,00;596,000000000000;0,00;4;208,00000;123968,00;HRK;HRK
XZAG;PODR;HRPODRRA0004;2021-09-07;CT;596,00;596,00;596,00;596,00;596,000000000000;-0,67;6;404,00000;240784,00;HRK;HRK
XZAG;PODR;HRPODRRA0004;2021-09-06;CT;598,00;602,00;598,00;600,00;599,836629406710;0,00;7;1163,00000;697610,00;HRK;HRK
XZAG;PODR;HRPODRRA0004;2021-09-03;CT;598,00;600,00;598,00;600,00;599,669565217390;0,67;6;230,00000;137924,00;HRK;HRK
XZAG;PODR;HRPODRRA0004;2021-09-02;CT;600,00;600,00;596,00;596,00;599,625779625780;-0,67;11;481,00000;288420,00;HRK;HRK
XZAG;PODR;HRPODRRA0004;2021-09-01;CT;596,00;604,00;596,00;600,00;599,695270461630;0,67;26;3531,00000;2117524,00;HRK;HRK
XZAG;PODR;HRPODRRA0004;2021-08-31;CT;590,00;596,00;590,00;596,00;592,582191780820;1,02;10;292,00000;173034,00;HRK;HRK
XZAG;PODR;HRPODRRA0004;2021-08-30;CT;584,00;590,00;584,00;590,00;588,836938435940;1,03;10;1202,00000;707782,00;HRK;HRK
XZAG;PODR;HRPODRRA0004;2021-08-27;CT;584,00;584,00;584,00;584,00;584,000000000000;-1,02;1;30,00000;17520,00;HRK;HRK
XZAG;PODR;HRPODRRA0004;2021-08-26;CT;586,00;590,00;586,00;590,00;588,500000000000;1,03;2;16,00000;9416,00;HRK;HRK
XZAG;PODR;HRPODRRA0004;2021-08-25;CT;584,00;584,00;584,00;584,00;584,000000000000;0,34;1;10,00000;5840,00;HRK;HRK
XZAG;PODR;HRPODRRA0004;2021-08-23;CT;586,00;586,00;582,00;582,00;584,054517920240;-0,34;7;7924,00000;4628048,00;HRK;HRK
XZAG;PODR;HRPODRRA0004;2021-08-20;CT;588,00;588,00;584,00;584,00;585,720000000000;0,34;2;100,00000;58572,00;HRK;HRK
XZAG;PODR;HRPODRRA0004;2021-08-19;CT;582,00;582,00;582,00;582,00;582,000000000000;-0,68;1;5,00000;2910,00;HRK;HRK
XZAG;PODR;HRPODRRA0004;2021-08-18;CT;580,00;586,00;580,00;586,00;582,097560975610;0,69;4;41,00000;23866,00;HRK;HRK
XZAG;PODR;HRPODRRA0004;2021-08-17;CT;576,00;582,00;576,00;582,00;580,250664641090;0,69;13;2633,00000;1527800,00;HRK;HRK
XZAG;PODR;HRPODRRA0004;2021-08-16;CT;578,00;578,00;578,00;578,00;578,000000000000;0,70;2;294,00000;169932,00;HRK;HRK
XZAG;PODR;HRPODRRA0004;2021-08-13;CT;574,00;574,00;574,00;574,00;574,000000000000;0,00;5;427,00000;245098,00;HRK;HRK
XZAG;PODR;HRPODRRA0004;2021-08-12;CT;576,00;576,00;574,00;574,00;574,095057034220;0,00;10;526,00000;301974,00;HRK;HRK
XZAG;PODR;HRPODRRA0004;2021-08-11;CT;574,00;576,00;574,00;574,00;574,172185430460;-0,35;8;151,00000;86700,00;HRK;HRK
XZAG;PODR;HRPODRRA0004;2021-08-10;CT;576,00;576,00;576,00;576,00;576,000000000000;0,00;2;100,00000;57600,00;HRK;HRK
XZAG;PODR;HRPODRRA0004;2021-08-09;CT;576,00;576,00;576,00;576,00;576,000000000000;0,00;3;191,00000;110016,00;HRK;HRK
XZAG;PODR;HRPODRRA0004;2021-08-06;CT;576,00;576,00;576,00;576,00;576,000000000000;-0,35;2;35,00000;20160,00;HRK;HRK
XZAG;PODR;HRPODRRA0004;2021-08-04;CT;576,00;578,00;576,00;578,00;577,534482758620;-0,69;5;116,00000;66994,00;HRK;HRK
XZAG;PODR;HRPODRRA0004;2021-08-03;CT;582,00;582,00;576,00;582,00;579,000000000000;0,00;3;4,00000;2316,00;HRK;HRK
XZAG;PODR;HRPODRRA0004;2021-08-02;CT;582,00;582,00;580,00;582,00;581,933333333330;0,69;3;30,00000;17458,00;HRK;HRK
XZAG;PODR;HRPODRRA0004;2021-07-30;CT;578,00;578,00;578,00;578,00;578,000000000000;-0,69;2;420,00000;242760,00;HRK;HRK
XZAG;PODR;HRPODRRA0004;2021-07-29;CT;580,00;586,00;580,00;582,00;581,139344262300;0,34;10;244,00000;141798,00;HRK;HRK
XZAG;PODR;HRPODRRA0004;2021-07-28;CT;582,00;584,00;580,00;580,00;582,000000000000;-0,68;6;302,00000;175764,00;HRK;HRK
XZAG;PODR;HRPODRRA0004;2021-07-27;CT;584,00;586,00;584,00;584,00;585,904761904760;-0,34;3;210,00000;123040,00;HRK;HRK
XZAG;PODR;HRPODRRA0004;2021-07-26;CT;584,00;586,00;582,00;586,00;585,982668977470;0,00;10;4616,00000;2704896,00;HRK;HRK
XZAG;PODR;HRPODRRA0004;2021-07-23;CT;582,00;586,00;582,00;586,00;584,135731807030;0,34;13;2446,00000;1428796,00;HRK;HRK
XZAG;PODR;HRPODRRA0004;2021-07-22;CT;582,00;586,00;582,00;584,00;583,173257236040;0,00;13;2453,00000;1430524,00;HRK;HRK
XZAG;PODR;HRPODRRA0004;2021-07-21;CT;584,00;584,00;584,00;584,00;584,000000000000;0,34;2;18,00000;10512,00;HRK;HRK
XZAG;PODR;HRPODRRA0004;2021-07-20;CT;582,00;582,00;580,00;582,00;581,983702737940;0,34;22;3068,00000;1785526,00;HRK;HRK
XZAG;PODR;HRPODRRA0004;2021-07-19;CT;582,00;582,00;580,00;580,00;580,104417670680;-0,34;8;249,00000;144446,00;HRK;HRK
XZAG;PODR;HRPODRRA0004;2021-07-16;CT;584,00;584,00;582,00;582,00;582,019801980200;0,34;4;101,00000;58784,00;HRK;HRK
XZAG;PODR;HRPODRRA0004;2021-07-15;CT;580,00;580,00;580,00;580,00;580,000000000000;0,00;4;167,00000;96860,00;HRK;HRK
XZAG;PODR;HRPODRRA0004;2021-07-14;CT;586,00;586,00;580,00;580,00;580,663414634150;-0,34;8;205,00000;119036,00;HRK;HRK
XZAG;PODR;HRPODRRA0004;2021-07-13;CT;586,00;586,00;582,00;582,00;582,019900497510;-0,68;5;4020,00000;2339720,00;HRK;HRK
XZAG;PODR;HRPODRRA0004;2021-07-12;CT;586,00;586,00;586,00;586,00;586,000000000000;0,69;2;10,00000;5860,00;HRK;HRK
XZAG;PODR;HRPODRRA0004;2021-07-09;CT;590,00;590,00;582,00;582,00;582,266666666670;0,34;6;105,00000;61138,00;HRK;HRK
XZAG;PODR;HRPODRRA0004;2021-07-07;CT;582,00;590,00;580,00;580,00;582,230958230960;-0,34;14;407,00000;236968,00;HRK;HRK
XZAG;PODR;HRPODRRA0004;2021-07-06;CT;588,00;588,00;582,00;582,00;584,619318181820;-1,36;12;704,00000;411572,00;HRK;HRK
XZAG;PODR;HRPODRRA0004;2021-07-05;CT;586,00;590,00;586,00;590,00;588,376470588240;0,68;3;170,00000;100024,00;HRK;HRK
XZAG;PODR;HRPODRRA0004;2021-07-02;CT;590,00;590,00;586,00;586,00;587,366336633660;-0,68;4;101,00000;59324,00;HRK;HRK
XZAG;PODR;HRPODRRA0004;2021-07-01;CT;590,00;590,00;590,00;590,00;590,000000000000;0,34;3;97,00000;57230,00;HRK;HRK
XZAG;PODR;HRPODRRA0004;2021-06-30;CT;590,00;590,00;588,00;588,00;588,373831775700;-1,34;13;321,00000;188868,00;HRK;HRK
XZAG;PODR;HRPODRRA0004;2021-06-29;CT;594,00;596,00;594,00;596,00;595,280000000000;0,34;3;50,00000;29764,00;HRK;HRK
XZAG;PODR;HRPODRRA0004;2021-06-28;CT;590,00;594,00;590,00;594,00;591,923809523810;0,00;6;420,00000;248608,00;HRK;HRK
XZAG;PODR;HRPODRRA0004;2021-06-25;CT;592,00;594,00;588,00;594,00;590,387500000000;0,34;7;160,00000;94462,00;HRK;HRK
XZAG;PODR;HRPODRRA0004;2021-06-24;CT;592,00;592,00;590,00;592,00;591,764705882350;0,34;4;34,00000;20120,00;HRK;HRK
XZAG;PODR;HRPODRRA0004;2021-06-23;CT;590,00;590,00;590,00;590,00;590,000000000000;-0,34;3;60,00000;35400,00;HRK;HRK
XZAG;PODR;HRPODRRA0004;2021-06-21;CT;594,00;594,00;592,00;592,00;592,796680497930;-0,34;7;482,00000;285728,00;HRK;HRK
XZAG;PODR;HRPODRRA0004;2021-06-18;CT;596,00;596,00;594,00;594,00;594,125000000000;-0,34;3;16,00000;9506,00;HRK;HRK
XZAG;PODR;HRPODRRA0004;2021-06-17;CT;588,00;596,00;588,00;596,00;590,797202797200;0,34;12;572,00000;337936,00;HRK;HRK
XZAG;PODR;HRPODRRA0004;2021-06-16;CT;590,00;594,00;588,00;594,00;591,413793103450;0,68;8;812,00000;480228,00;HRK;HRK
XZAG;PODR;HRPODRRA0004;2021-06-15;CT;590,00;592,00;588,00;590,00;590,246575342470;0,34;13;1168,00000;689408,00;HRK;HRK
XZAG;PODR;HRPODRRA0004;2021-06-14;CT;590,00;590,00;588,00;588,00;588,306595365420;-0,68;6;561,00000;330040,00;HRK;HRK
XZAG;PODR;HRPODRRA0004;2021-06-11;CT;592,00;592,00;590,00;592,00;591,438356164380;0,00;6;146,00000;86350,00;HRK;HRK
XZAG;PODR;HRPODRRA0004;2021-06-10;CT;592,00;592,00;590,00;592,00;591,326599326600;0,00;6;297,00000;175624,00;HRK;HRK
XZAG;PODR;HRPODRRA0004;2021-06-09;CT;592,00;592,00;592,00;592,00;592,000000000000;0,34;2;4,00000;2368,00;HRK;HRK
XZAG;PODR;HRPODRRA0004;2021-06-08;CT;592,00;594,00;590,00;590,00;591,260869565220;0,00;5;460,00000;271980,00;HRK;HRK
XZAG;PODR;HRPODRRA0004;2021-06-07;CT;594,00;594,00;588,00;590,00;589,803921568630;0,34;5;204,00000;120320,00;HRK;HRK
XZAG;PODR;HRPODRRA0004;2021-06-04;CT;592,00;594,00;588,00;588,00;590,237329042640;-1,34;18;2486,00000;1467330,00;HRK;HRK
XZAG;PODR;HRPODRRA0004;2021-06-02;CT;592,00;596,00;592,00;596,00;592,888888888890;0,34;4;90,00000;53360,00;HRK;HRK
XZAG;PODR;HRPODRRA0004;2021-06-01;CT;592,00;594,00;592,00;594,00;592,555555555560;0,34;2;18,00000;10666,00;HRK;HRK
XZAG;PODR;HRPODRRA0004;2021-05-31;CT;594,00;594,00;592,00;592,00;593,264516129030;-1,00;4;155,00000;91956,00;HRK;HRK
XZAG;PODR;HRPODRRA0004;2021-05-28;CT;598,00;600,00;596,00;598,00;598,557463672390;0,00;10;757,00000;453108,00;HRK;HRK
XZAG;PODR;HRPODRRA0004;2021-05-27;CT;596,00;598,00;596,00;598,00;597,333333333330;0,00;2;30,00000;17920,00;HRK;HRK
XZAG;PODR;HRPODRRA0004;2021-05-26;CT;594,00;600,00;594,00;598,00;599,451063829790;0,67;7;470,00000;281742,00;HRK;HRK
XZAG;PODR;HRPODRRA0004;2021-05-25;CT;598,00;598,00;594,00;594,00;594,770588235290;-1,00;12;680,00000;404444,00;HRK;HRK
XZAG;PODR;HRPODRRA0004;2021-05-24;CT;596,00;600,00;596,00;600,00;597,448873483540;0,67;13;577,00000;344728,00;HRK;HRK
XZAG;PODR;HRPODRRA0004;2021-05-21;CT;596,00;604,00;596,00;596,00;598,736156351790;0,00;9;614,00000;367624,00;HRK;HRK
XZAG;PODR;HRPODRRA0004;2021-05-20;CT;600,00;600,00;596,00;596,00;599,483583750700;-0,67;7;1797,00000;1077272,00;HRK;HRK
XZAG;PODR;HRPODRRA0004;2021-05-19;CT;604,00;610,00;600,00;600,00;606,885883660620;-0,33;47;5398,00000;3275970,00;HRK;HRK
XZAG;PODR;HRPODRRA0004;2021-05-18;CT;600,00;606,00;598,00;602,00;602,731128074640;0,33;26;2358,00000;1421240,00;HRK;HRK
XZAG;PODR;HRPODRRA0004;2021-05-17;CT;592,00;600,00;592,00;600,00;596,055577610160;1,69;22;2519,00000;1501464,00;HRK;HRK
XZAG;PODR;HRPODRRA0004;2021-05-14;CT;590,00;592,00;588,00;590,00;590,526168224300;0,00;20;2140,00000;1263726,00;HRK;HRK
XZAG;PODR;HRPODRRA0004;2021-05-13;CT;594,00;594,00;588,00;590,00;590,561743341400;-1,01;17;2065,00000;1219510,00;HRK;HRK
XZAG;PODR;HRPODRRA0004;2021-05-12;CT;596,00;598,00;592,00;596,00;594,613481756340;0,68;18;1617,00000;961490,00;HRK;HRK
XZAG;PODR;HRPODRRA0004;2021-05-11;CT;594,00;598,00;592,00;592,00;594,788912579960;-1,00;19;938,00000;557912,00;HRK;HRK
XZAG;PODR;HRPODRRA0004;2021-05-10;CT;594,00;598,00;590,00;598,00;592,948674562890;1,70;26;1773,00000;1051298,00;HRK;HRK
XZAG;PODR;HRPODRRA0004;2021-05-07;CT;580,00;588,00;580,00;588,00;583,820804195800;0,34;13;2288,00000;1335782,00;HRK;HRK
XZAG;PODR;HRPODRRA0004;2021-05-06;CT;580,00;586,00;576,00;586,00;579,059917355370;2,81;11;968,00000;560530,00;HRK;HRK
XZAG;PODR;HRPODRRA0004;2021-05-05;CT;570,00;574,00;570,00;570,00;571,671583087510;1,06;17;1017,00000;581390,00;HRK;HRK
XZAG;PODR;HRPODRRA0004;2021-05-04;CT;562,00;568,00;560,00;564,00;566,435955056180;0,36;6;445,00000;252064,00;HRK;HRK
XZAG;PODR;HRPODRRA0004;2021-05-03;CT;556,00;562,00;552,00;562,00;554,259862468330;1,08;24;5526,00000;3062840,00;HRK;HRK
XZAG;PODR;HRPODRRA0004;2021-04-30;CT;554,00;556,00;550,00;556,00;551,618677042800;1,09;5;257,00000;141766,00;HRK;HRK
XZAG;PODR;HRPODRRA0004;2021-04-29;CT;554,00;556,00;550,00;550,00;552,012578616350;-0,72;11;318,00000;175540,00;HRK;HRK
XZAG;PODR;HRPODRRA0004;2021-04-28;CT;554,00;556,00;554,00;554,00;554,032857527610;0,73;19;3713,00000;2057124,00;HRK;HRK
XZAG;PODR;HRPODRRA0004;2021-04-27;CT;550,00;552,00;550,00;550,00;550,166666666670;-0,72;4;36,00000;19806,00;HRK;HRK
XZAG;PODR;HRPODRRA0004;2021-04-26;CT;550,00;554,00;550,00;554,00;553,241809672390;0,36;12;641,00000;354628,00;HRK;HRK
XZAG;PODR;HRPODRRA0004;2021-04-23;CT;550,00;552,00;550,00;552,00;551,009900990100;0,00;4;1010,00000;556520,00;HRK;HRK
XZAG;PODR;HRPODRRA0004;2021-04-22;CT;552,00;552,00;552,00;552,00;552,000000000000;0,36;1;14,00000;7728,00;HRK;HRK
XZAG;PODR;HRPODRRA0004;2021-04-21;CT;548,00;550,00;548,00;550,00;549,122950819670;0,36;10;1952,00000;1071888,00;HRK;HRK
XZAG;PODR;HRPODRRA0004;2021-04-20;CT;548,00;552,00;548,00;548,00;550,553410553410;-1,08;8;777,00000;427780,00;HRK;HRK
XZAG;PODR;HRPODRRA0004;2021-04-19;CT;550,00;554,00;548,00;554,00;550,070838252660;0,73;8;847,00000;465910,00;HRK;HRK
XZAG;PODR;HRPODRRA0004;2021-04-16;CT;548,00;550,00;548,00;550,00;549,020618556700;0,00;5;194,00000;106510,00;HRK;HRK
XZAG;PODR;HRPODRRA0004;2021-04-15;CT;550,00;552,00;550,00;550,00;550,260869565220;-0,72;5;69,00000;37968,00;HRK;HRK
XZAG;PODR;HRPODRRA0004;2021-04-14;CT;548,00;554,00;548,00;554,00;550,423529411760;0,73;4;85,00000;46786,00;HRK;HRK
XZAG;PODR;HRPODRRA0004;2021-04-13;CT;550,00;554,00;550,00;550,00;550,090628218330;-0,72;5;971,00000;534138,00;HRK;HRK
XZAG;PODR;HRPODRRA0004;2021-04-12;CT;552,00;556,00;550,00;554,00;550,410958904110;-0,36;11;657,00000;361620,00;HRK;HRK
XZAG;PODR;HRPODRRA0004;2021-04-09;CT;554,00;556,00;554,00;556,00;554,035294117650;0,00;5;170,00000;94186,00;HRK;HRK
XZAG;PODR;HRPODRRA0004;2021-04-08;CT;550,00;556,00;548,00;556,00;549,167112299470;0,00;15;1496,00000;821554,00;HRK;HRK
XZAG;PODR;HRPODRRA0004;2021-04-07;CT;550,00;556,00;550,00;556,00;552,740506329110;1,09;13;316,00000;174666,00;HRK;HRK
XZAG;PODR;HRPODRRA0004;2021-04-06;CT;550,00;552,00;548,00;550,00;549,965928449740;0,00;13;587,00000;322830,00;HRK;HRK
XZAG;PODR;HRPODRRA0004;2021-04-01;CT;548,00;550,00;548,00;550,00;549,408866995070;0,00;8;203,00000;111530,00;HRK;HRK
XZAG;PODR;HRPODRRA0004;2021-03-31;CT;544,00;550,00;542,00;550,00;545,352697095440;1,85;14;1205,00000;657150,00;HRK;HRK
XZAG;PODR;HRPODRRA0004;2021-03-30;CT;534,00;540,00;532,00;540,00;536,807770961150;2,27;12;1956,00000;1049996,00;HRK;HRK
XZAG;PODR;HRPODRRA0004;2021-03-29;CT;524,00;528,00;524,00;528,00;527,678160919540;2,33;5;435,00000;229540,00;HRK;HRK
XZAG;PODR;HRPODRRA0004;2021-03-26;CT;520,00;522,00;510,00;516,00;511,653811925240;-1,53;37;6742,00000;3449570,00;HRK;HRK
XZAG;PODR;HRPODRRA0004;2021-03-25;CT;536,00;536,00;524,00;524,00;527,699371677140;-1,87;20;2069,00000;1091810,00;HRK;HRK
XZAG;PODR;HRPODRRA0004;2021-03-24;CT;540,00;540,00;534,00;534,00;536,359897172240;-1,48;6;778,00000;417288,00;HRK;HRK
XZAG;PODR;HRPODRRA0004;2021-03-23;CT;542,00;542,00;540,00;542,00;541,807387862800;0,00;13;758,00000;410690,00;HRK;HRK
XZAG;PODR;HRPODRRA0004;2021-03-22;CT;540,00;542,00;540,00;542,00;540,292682926830;0,37;4;123,00000;66456,00;HRK;HRK
XZAG;PODR;HRPODRRA0004;2021-03-19;CT;544,00;546,00;540,00;540,00;540,653739612190;-0,74;24;1805,00000;975880,00;HRK;HRK
XZAG;PODR;HRPODRRA0004;2021-03-18;CT;544,00;546,00;544,00;544,00;544,152542372880;0,00;4;118,00000;64210,00;HRK;HRK
XZAG;PODR;HRPODRRA0004;2021-03-17;CT;550,00;550,00;544,00;544,00;546,088077336200;-0,37;19;931,00000;508408,00;HRK;HRK
XZAG;PODR;HRPODRRA0004;2021-03-16;CT;564,00;564,00;546,00;546,00;558,940836940840;-2,85;9;693,00000;387346,00;HRK;HRK
XZAG;PODR;HRPODRRA0004;2021-03-15;CT;568,00;568,00;562,00;562,00;562,367149758450;0,00;7;207,00000;116410,00;HRK;HRK
XZAG;PODR;HRPODRRA0004;2021-03-12;CT;522,00;570,00;522,00;562,00;548,227219626170;7,25;54;3424,00000;1877130,00;HRK;HRK
XZAG;PODR;HRPODRRA0004;2021-03-10;CT;516,00;524,00;516,00;524,00;523,311557788940;0,77;10;796,00000;416556,00;HRK;HRK
XZAG;PODR;HRPODRRA0004;2021-03-09;CT;520,00;520,00;520,00;520,00;520,000000000000;0,00;10;622,00000;323440,00;HRK;HRK
XZAG;PODR;HRPODRRA0004;2021-03-08;CT;520,00;524,00;520,00;520,00;520,486486486490;0,39;3;74,00000;38516,00;HRK;HRK
XZAG;PODR;HRPODRRA0004;2021-03-05;CT;518,00;518,00;518,00;518,00;518,000000000000;0,00;4;148,00000;76664,00;HRK;HRK
XZAG;PODR;HRPODRRA0004;2021-03-04;CT;516,00;524,00;516,00;518,00;518,732673267330;0,39;20;1515,00000;785880,00;HRK;HRK
XZAG;PODR;HRPODRRA0004;2021-03-03;CT;508,00;518,00;506,00;516,00;512,607902735560;1,18;18;1645,00000;843240,00;HRK;HRK
XZAG;PODR;HRPODRRA0004;2021-03-02;CT;506,00;510,00;502,00;510,00;509,529268292680;1,59;13;820,00000;417814,00;HRK;HRK
XZAG;PODR;HRPODRRA0004;2021-03-01;CT;506,00;506,00;502,00;502,00;504,269896193770;0,00;5;289,00000;145734,00;HRK;HRK
XZAG;PODR;HRPODRRA0004;2021-02-26;CT;502,00;506,00;500,00;502,00;504,379968203500;0,00;14;1258,00000;634510,00;HRK;HRK
XZAG;PODR;HRPODRRA0004;2021-02-25;CT;502,00;502,00;502,00;502,00;502,000000000000;-0,40;1;10,00000;5020,00;HRK;HRK
XZAG;PODR;HRPODRRA0004;2021-02-24;CT;502,00;504,00;502,00;504,00;503,957356076760;0,40;4;469,00000;236356,00;HRK;HRK
XZAG;PODR;HRPODRRA0004;2021-02-23;CT;502,00;504,00;500,00;502,00;502,680874929890;-0,40;11;1783,00000;896280,00;HRK;HRK
XZAG;PODR;HRPODRRA0004;2021-02-22;CT;508,00;508,00;500,00;504,00;504,124714828900;-0,40;13;1315,00000;662924,00;HRK;HRK
XZAG;PODR;HRPODRRA0004;2021-02-19;CT;500,00;508,00;500,00;506,00;502,866666666670;0,40;12;1470,00000;739214,00;HRK;HRK
XZAG;PODR;HRPODRRA0004;2021-02-18;CT;506,00;506,00;504,00;504,00;504,367346938780;0,00;7;1225,00000;617850,00;HRK;HRK
XZAG;PODR;HRPODRRA0004;2021-02-17;CT;502,00;504,00;500,00;504,00;501,971684053650;0,80;13;1342,00000;673646,00;HRK;HRK
XZAG;PODR;HRPODRRA0004;2021-02-16;CT;500,00;500,00;497,00;500,00;499,868708971550;0,00;5;457,00000;228440,00;HRK;HRK
XZAG;PODR;HRPODRRA0004;2021-02-15;CT;492,00;502,00;491,00;500,00;497,584454409570;0,40;21;1338,00000;665768,00;HRK;HRK
XZAG;PODR;HRPODRRA0004;2021-02-12;CT;492,00;500,00;492,00;498,00;495,438848920860;0,61;15;556,00000;275464,00;HRK;HRK
XZAG;PODR;HRPODRRA0004;2021-02-11;CT;494,00;500,00;492,00;495,00;499,307915457940;0,00;19;2413,00000;1204830,00;HRK;HRK
XZAG;PODR;HRPODRRA0004;2021-02-10;CT;493,00;495,00;490,00;495,00;492,962671905700;0,61;8;509,00000;250918,00;HRK;HRK
XZAG;PODR;HRPODRRA0004;2021-02-09;CT;492,00;493,00;490,00;492,00;491,381543921920;0,41;10;1127,00000;553787,00;HRK;HRK
XZAG;PODR;HRPODRRA0004;2021-02-08;CT;490,00;490,00;490,00;490,00;490,000000000000;0,00;6;8056,00000;3947440,00;HRK;HRK
XZAG;PODR;HRPODRRA0004;2021-02-05;CT;490,00;490,00;490,00;490,00;490,000000000000;-0,41;10;988,00000;484120,00;HRK;HRK
XZAG;PODR;HRPODRRA0004;2021-02-04;CT;492,00;492,00;492,00;492,00;492,000000000000;0,41;2;55,00000;27060,00;HRK;HRK
XZAG;PODR;HRPODRRA0004;2021-02-03;CT;490,00;495,00;490,00;490,00;492,069281045750;0,00;28;765,00000;376433,00;HRK;HRK
XZAG;PODR;HRPODRRA0004;2021-02-02;CT;490,00;494,00;490,00;490,00;492,771637122000;0,00;13;959,00000;472568,00;HRK;HRK
XZAG;PODR;HRPODRRA0004;2021-02-01;CT;490,00;491,00;490,00;490,00;490,260606060610;0,00;5;330,00000;161786,00;HRK;HRK
XZAG;PODR;HRPODRRA0004;2021-01-29;CT;490,00;490,00;490,00;490,00;490,000000000000;0,00;2;62,00000;30380,00;HRK;HRK
XZAG;PODR;HRPODRRA0004;2021-01-28;CT;491,00;491,00;489,00;490,00;489,903954802260;-1,01;6;177,00000;86713,00;HRK;HRK
XZAG;PODR;HRPODRRA0004;2021-01-27;CT;492,00;495,00;492,00;495,00;493,144578313250;-0,20;5;249,00000;122793,00;HRK;HRK
XZAG;PODR;HRPODRRA0004;2021-01-26;CT;492,00;496,00;492,00;496,00;493,000000000000;1,02;3;8,00000;3944,00;HRK;HRK
XZAG;PODR;HRPODRRA0004;2021-01-25;CT;492,00;492,00;491,00;491,00;491,097911227150;-0,41;9;766,00000;376181,00;HRK;HRK
XZAG;PODR;HRPODRRA0004;2021-01-22;CT;497,00;497,00;493,00;493,00;495,356401384080;-0,80;18;1734,00000;858948,00;HRK;HRK
XZAG;PODR;HRPODRRA0004;2021-01-21;CT;500,00;500,00;497,00;497,00;498,079019073570;-0,60;9;367,00000;182795,00;HRK;HRK
XZAG;PODR;HRPODRRA0004;2021-01-20;CT;499,00;500,00;499,00;500,00;499,983962264150;0,60;10;1060,00000;529983,00;HRK;HRK
XZAG;PODR;HRPODRRA0004;2021-01-19;CT;500,00;500,00;497,00;497,00;497,466135458170;-0,60;8;251,00000;124864,00;HRK;HRK
XZAG;PODR;HRPODRRA0004;2021-01-18;CT;498,00;500,00;497,00;500,00;497,444545730780;-0,40;18;3291,00000;1637090,00;HRK;HRK
XZAG;PODR;HRPODRRA0004;2021-01-15;CT;500,00;502,00;498,00;502,00;501,743031358880;0,40;13;1148,00000;576001,00;HRK;HRK
XZAG;PODR;HRPODRRA0004;2021-01-14;CT;493,00;502,00;492,00;500,00;497,674481074480;1,21;27;4095,00000;2037977,00;HRK;HRK
XZAG;PODR;HRPODRRA0004;2021-01-13;CT;495,00;496,00;492,00;494,00;495,249619482500;0,20;10;1314,00000;650758,00;HRK;HRK
XZAG;PODR;HRPODRRA0004;2021-01-12;CT;493,00;495,00;492,00;493,00;494,385964912280;-1,20;6;855,00000;422700,00;HRK;HRK
XZAG;PODR;HRPODRRA0004;2021-01-11;CT;495,00;499,00;495,00;499,00;497,508591065290;1,01;7;291,00000;144775,00;HRK;HRK
XZAG;PODR;HRPODRRA0004;2021-01-08;CT;491,00;494,00;490,00;494,00;492,227744011440;0,82;16;2797,00000;1376761,00;HRK;HRK
XZAG;PODR;HRPODRRA0004;2021-01-07;CT;487,00;490,00;487,00;490,00;489,901162790700;0,41;12;688,00000;337052,00;HRK;HRK
XZAG;PODR;HRPODRRA0004;2021-01-05;CT;486,00;489,00;486,00;488,00;487,940989134510;1,04;21;5338,00000;2604629,00;HRK;HRK
XZAG;PODR;HRPODRRA0004;2021-01-04;CT;482,00;486,00;482,00;483,00;483,786516853930;-0,41;8;356,00000;172228,00;HRK;HRK
XZAG;PODR;HRPODRRA0004;2020-12-30;CT;485,00;485,00;485,00;485,00;485,000000000000;-0,21;4;425,00000;206125,00;HRK;HRK
XZAG;PODR;HRPODRRA0004;2020-12-29;CT;483,00;486,00;481,00;486,00;484,358267716540;0,21;5;254,00000;123027,00;HRK;HRK
XZAG;PODR;HRPODRRA0004;2020-12-28;CT;484,00;485,00;484,00;485,00;484,277108433730;0,62;6;830,00000;401950,00;HRK;HRK
XZAG;PODR;HRPODRRA0004;2020-12-23;CT;480,00;482,00;480,00;482,00;480,666666666670;-0,41;2;30,00000;14420,00;HRK;HRK
XZAG;PODR;HRPODRRA0004;2020-12-22;CT;484,00;484,00;484,00;484,00;484,000000000000;1,68;1;2,00000;968,00;HRK;HRK
XZAG;PODR;HRPODRRA0004;2020-12-21;CT;480,00;483,00;476,00;476,00;477,046002190580;-1,45;10;913,00000;435543,00;HRK;HRK
XZAG;PODR;HRPODRRA0004;2020-12-18;CT;478,00;483,00;477,00;483,00;482,197537198560;1,05;10;1949,00000;939803,00;HRK;HRK
XZAG;PODR;HRPODRRA0004;2020-12-17;CT;481,00;481,00;477,00;478,00;478,308875739640;-1,24;9;845,00000;404171,00;HRK;HRK
XZAG;PODR;HRPODRRA0004;2020-12-16;CT;484,00;484,00;482,00;484,00;483,411764705880;0,21;3;34,00000;16436,00;HRK;HRK
XZAG;PODR;HRPODRRA0004;2020-12-15;CT;476,00;483,00;476,00;483,00;479,819126819130;1,26;6;481,00000;230793,00;HRK;HRK
XZAG;PODR;HRPODRRA0004;2020-12-14;CT;480,00;480,00;474,00;477,00;476,129836629410;0,42;8;1163,00000;553739,00;HRK;HRK
XZAG;PODR;HRPODRRA0004;2020-12-11;CT;479,00;479,00;473,00;475,00;476,495755517830;-1,66;9;589,00000;280656,00;HRK;HRK
XZAG;PODR;HRPODRRA0004;2020-12-09;CT;483,00;483,00;483,00;483,00;483,000000000000;0,63;3;215,00000;103845,00;HRK;HRK
XZAG;PODR;HRPODRRA0004;2020-12-08;CT;474,00;480,00;474,00;480,00;479,077809798270;0,21;7;694,00000;332480,00;HRK;HRK
XZAG;PODR;HRPODRRA0004;2020-12-07;CT;474,00;479,00;474,00;479,00;477,888888888890;1,70;5;90,00000;43010,00;HRK;HRK
XZAG;PODR;HRPODRRA0004;2020-12-04;CT;474,00;478,00;471,00;471,00;473,937282229970;1,29;6;287,00000;136020,00;HRK;HRK
XZAG;PODR;HRPODRRA0004;2020-12-03;CT;466,00;466,00;465,00;465,00;465,047619047620;-0,64;3;210,00000;97660,00;HRK;HRK
XZAG;PODR;HRPODRRA0004;2020-12-02;CT;462,00;473,00;462,00;468,00;466,702970297030;1,30;8;707,00000;329959,00;HRK;HRK
XZAG;PODR;HRPODRRA0004;2020-12-01;CT;463,00;463,00;462,00;462,00;462,055718475070;-0,43;8;341,00000;157561,00;HRK;HRK
XZAG;PODR;HRPODRRA0004;2020-11-30;CT;464,00;464,00;464,00;464,00;464,000000000000;0,43;1;150,00000;69600,00;HRK;HRK
XZAG;PODR;HRPODRRA0004;2020-11-27;CT;462,00;464,00;462,00;462,00;462,952380952380;0,00;8;315,00000;145830,00;HRK;HRK
XZAG;PODR;HRPODRRA0004;2020-11-26;CT;462,00;464,00;460,00;462,00;461,545595054100;0,00;10;647,00000;298620,00;HRK;HRK
XZAG;PODR;HRPODRRA0004;2020-11-25;CT;461,00;462,00;460,00;462,00;460,709677419350;0,00;3;310,00000;142820,00;HRK;HRK
XZAG;PODR;HRPODRRA0004;2020-11-24;CT;465,00;465,00;461,00;462,00;462,433183856500;-0,65;17;2230,00000;1031226,00;HRK;HRK
XZAG;PODR;HRPODRRA0004;2020-11-23;CT;460,00;465,00;460,00;465,00;460,183854022670;1,75;10;3617,00000;1664485,00;HRK;HRK
XZAG;PODR;HRPODRRA0004;2020-11-20;CT;459,00;459,00;457,00;457,00;457,416666666670;-0,22;4;144,00000;65868,00;HRK;HRK
XZAG;PODR;HRPODRRA0004;2020-11-19;CT;460,00;460,00;458,00;458,00;459,600000000000;-0,43;2;250,00000;114900,00;HRK;HRK
XZAG;PODR;HRPODRRA0004;2020-11-17;CT;457,00;461,00;453,00;460,00;459,889931604900;1,55;21;6287,00000;2891328,00;HRK;HRK
XZAG;PODR;HRPODRRA0004;2020-11-16;CT;452,00;457,00;452,00;453,00;454,425925925930;0,44;9;1350,00000;613475,00;HRK;HRK
XZAG;PODR;HRPODRRA0004;2020-11-13;CT;455,00;455,00;451,00;451,00;453,807308970100;-1,31;9;301,00000;136596,00;HRK;HRK
XZAG;PODR;HRPODRRA0004;2020-11-12;CT;457,00;457,00;455,00;457,00;456,393442622950;0,44;5;122,00000;55680,00;HRK;HRK
XZAG;PODR;HRPODRRA0004;2020-11-11;CT;452,00;455,00;452,00;455,00;453,599636363640;1,11;12;2750,00000;1247399,00;HRK;HRK
XZAG;PODR;HRPODRRA0004;2020-11-10;CT;450,00;450,00;450,00;450,00;450,000000000000;0,22;6;802,00000;360900,00;HRK;HRK
XZAG;PODR;HRPODRRA0004;2020-11-09;CT;447,00;450,00;444,00;449,00;447,562446167100;0,00;17;1161,00000;519620,00;HRK;HRK
XZAG;PODR;HRPODRRA0004;2020-11-06;CT;447,00;449,00;447,00;449,00;448,333333333330;0,45;3;150,00000;67250,00;HRK;HRK
XZAG;PODR;HRPODRRA0004;2020-11-05;CT;449,00;449,00;447,00;447,00;448,627118644070;-0,22;2;118,00000;52938,00;HRK;HRK
XZAG;PODR;HRPODRRA0004;2020-11-04;CT;448,00;448,00;448,00;448,00;448,000000000000;0,00;2;109,00000;48832,00;HRK;HRK
XZAG;PODR;HRPODRRA0004;2020-11-03;CT;447,00;450,00;445,00;448,00;449,897786458330;-0,44;9;3072,00000;1382086,00;HRK;HRK
XZAG;PODR;HRPODRRA0004;2020-11-02;CT;448,00;450,00;447,00;450,00;448,361426256080;-0,66;8;617,00000;276639,00;HRK;HRK
XZAG;PODR;HRPODRRA0004;2020-10-30;CT;449,00;453,00;449,00;453,00;450,156367544330;1,80;7;1861,00000;837741,00;HRK;HRK
XZAG;PODR;HRPODRRA0004;2020-10-29;CT;444,00;446,00;444,00;445,00;445,139860139860;0,00;7;286,00000;127310,00;HRK;HRK
XZAG;PODR;HRPODRRA0004;2020-10-28;CT;445,00;446,00;445,00;445,00;445,547287899860;0,00;19;1438,00000;640697,00;HRK;HRK
XZAG;PODR;HRPODRRA0004;2020-10-27;CT;446,00;446,00;445,00;445,00;445,220000000000;-0,22;2;100,00000;44522,00;HRK;HRK
XZAG;PODR;HRPODRRA0004;2020-10-26;CT;449,00;452,00;446,00;446,00;447,719931856900;-0,67;27;5870,00000;2628116,00;HRK;HRK
XZAG;PODR;HRPODRRA0004;2020-10-23;CT;449,00;450,00;449,00;449,00;449,846153846150;-0,22;4;260,00000;116960,00;HRK;HRK
XZAG;PODR;HRPODRRA0004;2020-10-22;CT;450,00;450,00;450,00;450,00;450,000000000000;0,22;1;11,00000;4950,00;HRK;HRK
XZAG;PODR;HRPODRRA0004;2020-10-21;CT;450,00;450,00;449,00;449,00;449,500000000000;-0,22;3;40,00000;17980,00;HRK;HRK
XZAG;PODR;HRPODRRA0004;2020-10-20;CT;451,00;451,00;450,00;450,00;450,483870967740;0,00;2;31,00000;13965,00;HRK;HRK
XZAG;PODR;HRPODRRA0004;2020-10-19;CT;448,00;450,00;448,00;450,00;448,980392156860;0,00;8;1020,00000;457960,00;HRK;HRK
XZAG;PODR;HRPODRRA0004;2020-10-16;CT;450,00;450,00;448,00;450,00;448,865671641790;0,00;4;201,00000;90222,00;HRK;HRK
XZAG;PODR;HRPODRRA0004;2020-10-15;CT;449,00;450,00;449,00;450,00;449,996264009960;0,22;7;2409,00000;1084041,00;HRK;HRK
XZAG;PODR;HRPODRRA0004;2020-10-14;CT;446,00;450,00;446,00;449,00;448,736923076920;0,67;11;1300,00000;583358,00;HRK;HRK
XZAG;PODR;HRPODRRA0004;2020-10-13;CT;446,00;446,00;446,00;446,00;446,000000000000;0,00;4;120,00000;53520,00;HRK;HRK
XZAG;PODR;HRPODRRA0004;2020-10-12;CT;444,00;446,00;444,00;446,00;445,700000000000;-0,67;2;100,00000;44570,00;HRK;HRK
XZAG;PODR;HRPODRRA0004;2020-10-09;CT;446,00;449,00;445,00;449,00;447,736782902140;1,35;12;1778,00000;796076,00;HRK;HRK
XZAG;PODR;HRPODRRA0004;2020-10-08;CT;442,00;448,00;442,00;443,00;443,395604395600;0,00;3;91,00000;40349,00;HRK;HRK
XZAG;PODR;HRPODRRA0004;2020-10-07;CT;443,00;443,00;443,00;443,00;443,000000000000;-0,45;2;38,00000;16834,00;HRK;HRK
XZAG;PODR;HRPODRRA0004;2020-10-06;CT;446,00;447,00;441,00;445,00;445,353689567430;-0,22;7;393,00000;175024,00;HRK;HRK
XZAG;PODR;HRPODRRA0004;2020-10-05;CT;446,00;446,00;446,00;446,00;446,000000000000;0,68;1;8,00000;3568,00;HRK;HRK
XZAG;PODR;HRPODRRA0004;2020-10-02;CT;443,00;443,00;443,00;443,00;443,000000000000;0,00;8;386,00000;170998,00;HRK;HRK
XZAG;PODR;HRPODRRA0004;2020-10-01;CT;444,00;444,00;443,00;443,00;443,083333333330;-0,45;7;600,00000;265850,00;HRK;HRK
XZAG;PODR;HRPODRRA0004;2020-09-30;CT;445,00;445,00;445,00;445,00;445,000000000000;0,00;8;1186,00000;527770,00;HRK;HRK
XZAG;PODR;HRPODRRA0004;2020-09-29;CT;445,00;445,00;445,00;445,00;445,000000000000;-0,45;14;1724,00000;767180,00;HRK;HRK
XZAG;PODR;HRPODRRA0004;2020-09-28;CT;446,00;448,00;446,00;447,00;447,119318181820;-0,67;15;528,00000;236079,00;HRK;HRK
XZAG;PODR;HRPODRRA0004;2020-09-25;CT;455,00;459,00;448,00;450,00;451,498190045250;-1,32;42;4420,00000;1995622,00;HRK;HRK
XZAG;PODR;HRPODRRA0004;2020-09-24;BLOCK;;449,00;449,00;449,00;449,000000000000;;1;4686,00000;2104014,00;HRK;HRK
XZAG;PODR;HRPODRRA0004;2020-09-24;CT;448,00;462,00;445,00;456,00;451,190124045800;1,79;45;4192,00000;1891389,00;HRK;HRK
XZAG;PODR;HRPODRRA0004;2020-09-23;CT;434,00;450,00;434,00;448,00;444,592215833700;4,19;37;2261,00000;1005223,00;HRK;HRK
XZAG;PODR;HRPODRRA0004;2020-09-22;CT;429,00;430,00;429,00;430,00;429,279279279280;1,18;5;555,00000;238250,00;HRK;HRK
XZAG;PODR;HRPODRRA0004;2020-09-21;CT;425,00;430,00;424,00;425,00;426,572602739730;0,00;11;1095,00000;467097,00;HRK;HRK
XZAG;PODR;HRPODRRA0004;2020-09-18;CT;428,00;428,00;425,00;425,00;426,224000000000;0,00;3;500,00000;213112,00;HRK;HRK
XZAG;PODR;HRPODRRA0004;2020-09-16;CT;425,00;425,00;425,00;425,00;425,000000000000;-0,70;1;13,00000;5525,00;HRK;HRK
XZAG;PODR;HRPODRRA0004;2020-09-15;CT;427,00;430,00;427,00;428,00;428,986562150060;1,42;12;893,00000;383085,00;HRK;HRK
XZAG;PODR;HRPODRRA0004;2020-09-14;CT;423,00;423,00;422,00;422,00;422,181434599160;-0,71;4;237,00000;100057,00;HRK;HRK
XZAG;PODR;HRPODRRA0004;2020-09-11;CT;423,00;427,00;422,00;425,00;423,919607843140;0,95;11;1020,00000;432398,00;HRK;HRK
XZAG;PODR;HRPODRRA0004;2020-09-10;CT;422,00;422,00;421,00;421,00;421,239819004520;0,24;5;884,00000;372376,00;HRK;HRK
XZAG;PODR;HRPODRRA0004;2020-09-09;CT;420,00;420,00;420,00;420,00;420,000000000000;-0,24;10;1507,00000;632940,00;HRK;HRK
XZAG;PODR;HRPODRRA0004;2020-09-08;CT;422,00;422,00;421,00;421,00;421,034129692830;-0,71;4;293,00000;123363,00;HRK;HRK
XZAG;PODR;HRPODRRA0004;2020-09-07;CT;423,00;424,00;423,00;424,00;423,062500000000;-0,24;5;96,00000;40614,00;HRK;HRK
XZAG;PODR;HRPODRRA0004;2020-09-04;CT;424,00;426,00;424,00;425,00;424,771653543310;0,00;19;2159,00000;917082,00;HRK;HRK
XZAG;PODR;HRPODRRA0004;2020-09-02;CT;426,00;426,00;424,00;425,00;425,126696832580;-0,47;11;1547,00000;657671,00;HRK;HRK
XZAG;PODR;HRPODRRA0004;2020-09-01;CT;423,00;427,00;423,00;427,00;423,613636363640;1,18;2;176,00000;74556,00;HRK;HRK
XZAG;PODR;HRPODRRA0004;2020-08-31;CT;422,00;422,00;422,00;422,00;422,000000000000;0,24;2;126,00000;53172,00;HRK;HRK
XZAG;PODR;HRPODRRA0004;2020-08-28;CT;423,00;423,00;420,00;421,00;421,527322404370;-0,71;21;2196,00000;925674,00;HRK;HRK
XZAG;PODR;HRPODRRA0004;2020-08-27;CT;421,00;424,00;421,00;424,00;423,840782122910;0,47;3;358,00000;151735,00;HRK;HRK
XZAG;PODR;HRPODRRA0004;2020-08-26;CT;421,00;424,00;421,00;422,00;422,462829736210;0,24;11;834,00000;352334,00;HRK;HRK
XZAG;PODR;HRPODRRA0004;2020-08-25;CT;422,00;423,00;421,00;421,00;422,217391304350;-0,24;5;46,00000;19422,00;HRK;HRK
XZAG;PODR;HRPODRRA0004;2020-08-24;CT;422,00;422,00;422,00;422,00;422,000000000000;0,00;1;620,00000;261640,00;HRK;HRK
XZAG;PODR;HRPODRRA0004;2020-08-21;CT;422,00;422,00;422,00;422,00;422,000000000000;0,00;6;878,00000;370516,00;HRK;HRK
XZAG;PODR;HRPODRRA0004;2020-08-20;CT;422,00;422,00;420,00;422,00;421,896885069820;0,00;4;931,00000;392786,00;HRK;HRK
XZAG;PODR;HRPODRRA0004;2020-08-17;CT;420,00;422,00;420,00;422,00;420,643678160920;0,48;2;87,00000;36596,00;HRK;HRK
XZAG;PODR;HRPODRRA0004;2020-08-14;CT;422,00;422,00;419,00;420,00;420,760869565220;-0,71;4;46,00000;19355,00;HRK;HRK
XZAG;PODR;HRPODRRA0004;2020-08-13;CT;423,00;423,00;423,00;423,00;423,000000000000;0,24;2;350,00000;148050,00;HRK;HRK
XZAG;PODR;HRPODRRA0004;2020-08-12;CT;420,00;422,00;419,00;422,00;419,393939393940;1,20;6;66,00000;27680,00;HRK;HRK
XZAG;PODR;HRPODRRA0004;2020-08-11;CT;419,00;419,00;417,00;417,00;418,070000000000;-1,18;4;200,00000;83614,00;HRK;HRK
XZAG;PODR;HRPODRRA0004;2020-08-10;CT;422,00;422,00;418,00;422,00;421,833333333330;0,72;4;120,00000;50620,00;HRK;HRK
XZAG;PODR;HRPODRRA0004;2020-08-07;CT;419,00;419,00;419,00;419,00;419,000000000000;-0,24;7;373,00000;156287,00;HRK;HRK
XZAG;PODR;HRPODRRA0004;2020-08-06;CT;418,00;422,00;418,00;420,00;420,153782894740;0,48;10;1216,00000;510907,00;HRK;HRK
XZAG;PODR;HRPODRRA0004;2020-08-04;CT;418,00;418,00;418,00;418,00;418,000000000000;0,24;2;2818,00000;1177924,00;HRK;HRK
XZAG;PODR;HRPODRRA0004;2020-08-03;CT;418,00;418,00;417,00;417,00;417,995475113120;-0,71;4;3315,00000;1385655,00;HRK;HRK
XZAG;PODR;HRPODRRA0004;2020-07-31;CT;418,00;421,00;418,00;420,00;419,934426229510;0,00;7;427,00000;179312,00;HRK;HRK
XZAG;PODR;HRPODRRA0004;2020-07-30;CT;418,00;420,00;417,00;420,00;418,073594024600;0,00;6;4552,00000;1903071,00;HRK;HRK
XZAG;PODR;HRPODRRA0004;2020-07-29;CT;415,00;420,00;415,00;420,00;418,522727272730;0,72;7;792,00000;331470,00;HRK;HRK
XZAG;PODR;HRPODRRA0004;2020-07-28;CT;415,00;417,00;415,00;417,00;416,818181818180;0,00;3;440,00000;183400,00;HRK;HRK
XZAG;PODR;HRPODRRA0004;2020-07-27;CT;410,00;417,00;410,00;417,00;411,104017440050;1,71;15;3211,00000;1320055,00;HRK;HRK
XZAG;PODR;HRPODRRA0004;2020-07-24;CT;410,00;412,00;410,00;410,00;410,066006600660;-0,24;10;1212,00000;497000,00;HRK;HRK
XZAG;PODR;HRPODRRA0004;2020-07-23;CT;412,00;412,00;411,00;411,00;411,988575780650;-0,24;5;1313,00000;540941,00;HRK;HRK
XZAG;PODR;HRPODRRA0004;2020-07-22;CT;413,00;413,00;412,00;412,00;412,455916473320;-0,24;7;862,00000;355537,00;HRK;HRK
XZAG;PODR;HRPODRRA0004;2020-07-21;CT;414,00;415,00;413,00;413,00;414,732209737830;0,00;5;534,00000;221467,00;HRK;HRK
XZAG;PODR;HRPODRRA0004;2020-07-20;CT;413,00;414,00;408,00;413,00;411,506578947370;-0,48;12;4256,00000;1751372,00;HRK;HRK
XZAG;PODR;HRPODRRA0004;2020-07-17;CT;415,00;415,00;415,00;415,00;415,000000000000;-0,24;1;3,00000;1245,00;HRK;HRK
XZAG;PODR;HRPODRRA0004;2020-07-16;CT;416,00;416,00;416,00;416,00;416,000000000000;0,24;2;115,00000;47840,00;HRK;HRK
XZAG;PODR;HRPODRRA0004;2020-07-15;CT;415,00;415,00;415,00;415,00;415,000000000000;0,48;1;6,00000;2490,00;HRK;HRK
XZAG;PODR;HRPODRRA0004;2020-07-14;CT;413,00;413,00;413,00;413,00;413,000000000000;-0,48;4;246,00000;101598,00;HRK;HRK
XZAG;PODR;HRPODRRA0004;2020-07-13;CT;413,00;415,00;413,00;415,00;414,626773596550;0,24;10;1621,00000;672110,00;HRK;HRK
XZAG;PODR;HRPODRRA0004;2020-07-10;CT;414,00;414,00;414,00;414,00;414,000000000000;0,00;6;156,00000;64584,00;HRK;HRK
XZAG;PODR;HRPODRRA0004;2020-07-09;CT;414,00;414,00;414,00;414,00;414,000000000000;-0,48;4;400,00000;165600,00;HRK;HRK
XZAG;PODR;HRPODRRA0004;2020-07-08;CT;415,00;416,00;415,00;416,00;415,021479713600;0,48;7;419,00000;173894,00;HRK;HRK
XZAG;PODR;HRPODRRA0004;2020-07-07;CT;415,00;415,00;414,00;414,00;414,031250000000;-0,24;2;384,00000;158988,00;HRK;HRK
XZAG;PODR;HRPODRRA0004;2020-07-03;CT;413,00;415,00;412,00;415,00;414,093425605540;-0,24;4;289,00000;119673,00;HRK;HRK
XZAG;PODR;HRPODRRA0004;2020-07-02;CT;414,00;417,00;414,00;416,00;415,224598930480;0,73;6;187,00000;77647,00;HRK;HRK
XZAG;PODR;HRPODRRA0004;2020-07-01;CT;415,00;416,00;413,00;413,00;414,983833718240;-0,72;5;433,00000;179688,00;HRK;HRK
XZAG;PODR;HRPODRRA0004;2020-06-30;CT;416,00;416,00;416,00;416,00;416,000000000000;0,00;2;23,00000;9568,00;HRK;HRK
XZAG;PODR;HRPODRRA0004;2020-06-29;CT;408,00;416,00;407,00;416,00;409,674943566590;1,71;8;443,00000;181486,00;HRK;HRK
XZAG;PODR;HRPODRRA0004;2020-06-26;CT;412,00;412,00;409,00;409,00;411,727272727270;0,00;3;330,00000;135870,00;HRK;HRK
XZAG;PODR;HRPODRRA0004;2020-06-25;CT;410,00;411,00;405,00;409,00;407,538504777970;-0,24;14;1779,00000;725011,00;HRK;HRK
XZAG;PODR;HRPODRRA0004;2020-06-24;CT;412,00;412,00;410,00;410,00;410,847457627120;-1,44;12;295,00000;121200,00;HRK;HRK
XZAG;PODR;HRPODRRA0004;2020-06-23;CT;420,00;420,00;416,00;416,00;416,036036036040;-0,95;4;111,00000;46180,00;HRK;HRK
XZAG;PODR;HRPODRRA0004;2020-06-19;CT;419,00;420,00;419,00;420,00;419,936708860760;0,72;6;316,00000;132700,00;HRK;HRK
XZAG;PODR;HRPODRRA0004;2020-06-18;CT;417,00;418,00;417,00;417,00;417,068825910930;0,00;6;247,00000;103016,00;HRK;HRK
XZAG;PODR;HRPODRRA0004;2020-06-17;CT;417,00;417,00;417,00;417,00;417,000000000000;0,24;1;100,00000;41700,00;HRK;HRK
XZAG;PODR;HRPODRRA0004;2020-06-16;CT;415,00;416,00;414,00;416,00;414,696132596690;0,00;5;543,00000;225180,00;HRK;HRK
XZAG;PODR;HRPODRRA0004;2020-06-15;CT;416,00;416,00;415,00;416,00;415,891322662170;0,00;15;1187,00000;493663,00;HRK;HRK
XZAG;PODR;HRPODRRA0004;2020-06-12;CT;415,00;417,00;415,00;416,00;415,920110192840;-0,48;20;1815,00000;754895,00;HRK;HRK
XZAG;PODR;HRPODRRA0004;2020-06-10;CT;421,00;421,00;418,00;418,00;420,254521098460;-0,71;11;1493,00000;627440,00;HRK;HRK
XZAG;PODR;HRPODRRA0004;2020-06-09;CT;422,00;422,00;421,00;421,00;421,794427710840;-0,24;13;1328,00000;560143,00;HRK;HRK
XZAG;PODR;HRPODRRA0004;2020-06-08;CT;424,00;424,00;422,00;422,00;422,624676445210;0,00;8;1159,00000;489822,00;HRK;HRK
XZAG;PODR;HRPODRRA0004;2020-06-05;CT;422,00;425,00;422,00;422,00;422,134885977680;0,00;21;2061,00000;870020,00;HRK;HRK
XZAG;PODR;HRPODRRA0004;2020-06-04;CT;421,00;422,00;420,00;422,00;421,184143222510;0,24;8;391,00000;164683,00;HRK;HRK
XZAG;PODR;HRPODRRA0004;2020-06-03;CT;420,00;425,00;420,00;421,00;422,273394495410;0,48;11;1090,00000;460278,00;HRK;HRK
XZAG;PODR;HRPODRRA0004;2020-06-02;CT;418,00;419,00;418,00;419,00;418,946332737030;0,96;7;559,00000;234191,00;HRK;HRK
XZAG;PODR;HRPODRRA0004;2020-06-01;CT;417,00;417,00;415,00;415,00;415,960380348650;-0,48;7;631,00000;262471,00;HRK;HRK
XZAG;PODR;HRPODRRA0004;2020-05-29;CT;417,00;420,00;417,00;417,00;418,480263157890;0,24;11;304,00000;127218,00;HRK;HRK
XZAG;PODR;HRPODRRA0004;2020-05-28;CT;417,00;417,00;413,00;416,00;415,466019417480;-1,19;15;618,00000;256758,00;HRK;HRK
XZAG;PODR;HRPODRRA0004;2020-05-27;CT;420,00;421,00;420,00;421,00;420,675675675680;0,24;2;37,00000;15565,00;HRK;HRK
XZAG;PODR;HRPODRRA0004;2020-05-26;CT;417,00;420,00;417,00;420,00;418,383172561630;1,69;25;1866,00000;780703,00;HRK;HRK
XZAG;PODR;HRPODRRA0004;2020-05-25;CT;415,00;415,00;413,00;413,00;414,195467422100;-1,20;3;353,00000;146211,00;HRK;HRK
XZAG;PODR;HRPODRRA0004;2020-05-22;CT;418,00;418,00;418,00;418,00;418,000000000000;0,24;4;145,00000;60610,00;HRK;HRK
XZAG;PODR;HRPODRRA0004;2020-05-21;CT;411,00;417,00;409,00;417,00;410,946873987690;0,72;15;3087,00000;1268593,00;HRK;HRK
XZAG;PODR;HRPODRRA0004;2020-05-19;CT;414,00;415,00;412,00;414,00;413,345802919710;-0,24;21;2192,00000;906054,00;HRK;HRK
XZAG;PODR;HRPODRRA0004;2020-05-18;CT;415,00;415,00;415,00;415,00;415,000000000000;0,00;2;5,00000;2075,00;HRK;HRK
XZAG;PODR;HRPODRRA0004;2020-05-14;CT;410,00;415,00;410,00;415,00;410,133915574960;1,22;8;687,00000;281762,00;HRK;HRK
XZAG;PODR;HRPODRRA0004;2020-05-13;CT;411,00;411,00;410,00;410,00;410,596899224810;0,00;5;129,00000;52967,00;HRK;HRK
XZAG;PODR;HRPODRRA0004;2020-05-12;CT;410,00;412,00;410,00;410,00;410,015075376880;0,00;5;398,00000;163186,00;HRK;HRK
XZAG;PODR;HRPODRRA0004;2020-05-11;CT;410,00;410,00;410,00;410,00;410,000000000000;0,00;3;140,00000;57400,00;HRK;HRK
XZAG;PODR;HRPODRRA0004;2020-05-08;CT;411,00;413,00;410,00;410,00;410,389391979300;0,00;17;1546,00000;634462,00;HRK;HRK
XZAG;PODR;HRPODRRA0004;2020-05-07;CT;410,00;415,00;410,00;410,00;410,172413793100;-0,24;3;406,00000;166530,00;HRK;HRK
XZAG;PODR;HRPODRRA0004;2020-05-06;CT;413,00;413,00;411,00;411,00;411,918154761900;-0,24;6;672,00000;276809,00;HRK;HRK
XZAG;PODR;HRPODRRA0004;2020-05-05;CT;415,00;415,00;412,00;412,00;413,360655737700;-0,72;5;122,00000;50430,00;HRK;HRK
XZAG;PODR;HRPODRRA0004;2020-05-04;CT;418,00;418,00;413,00;415,00;414,455752212390;-0,24;23;1356,00000;562002,00;HRK;HRK
XZAG;PODR;HRPODRRA0004;2020-04-30;CT;406,00;420,00;405,00;416,00;415,192728347620;1,46;53;3383,00000;1404597,00;HRK;HRK
XZAG;PODR;HRPODRRA0004;2020-04-29;CT;410,00;410,00;410,00;410,00;410,000000000000;-0,73;2;6,00000;2460,00;HRK;HRK
XZAG;PODR;HRPODRRA0004;2020-04-28;CT;406,00;413,00;406,00;413,00;409,429368678060;2,23;31;2867,00000;1173834,00;HRK;HRK
XZAG;PODR;HRPODRRA0004;2020-04-27;CT;404,00;405,00;404,00;404,00;404,033003300330;0,50;9;303,00000;122422,00;HRK;HRK
XZAG;PODR;HRPODRRA0004;2020-04-24;CT;399,00;402,00;399,00;402,00;399,852621167160;0,25;11;1011,00000;404251,00;HRK;HRK
XZAG;PODR;HRPODRRA0004;2020-04-23;CT;399,00;401,00;399,00;401,00;400,080103359170;0,50;6;387,00000;154831,00;HRK;HRK
XZAG;PODR;HRPODRRA0004;2020-04-22;CT;395,00;399,00;393,00;399,00;395,609696969700;-0,25;15;825,00000;326378,00;HRK;HRK
XZAG;PODR;HRPODRRA0004;2020-04-21;CT;400,00;400,00;393,00;400,00;397,349034385300;-0,50;21;2123,00000;843572,00;HRK;HRK
XZAG;PODR;HRPODRRA0004;2020-04-20;CT;399,00;402,00;399,00;402,00;400,464566929130;2,29;11;254,00000;101718,00;HRK;HRK
XZAG;PODR;HRPODRRA0004;2020-04-17;CT;397,00;401,00;393,00;393,00;396,759601181680;0,00;27;2708,00000;1074425,00;HRK;HRK
XZAG;PODR;HRPODRRA0004;2020-04-16;CT;398,00;398,00;393,00;393,00;395,406557377050;-1,50;6;610,00000;241198,00;HRK;HRK
XZAG;PODR;HRPODRRA0004;2020-04-15;CT;402,00;405,00;398,00;399,00;399,217834394900;-0,50;18;785,00000;313386,00;HRK;HRK
XZAG;PODR;HRPODRRA0004;2020-04-14;CT;403,00;403,00;401,00;401,00;401,954248366010;0,00;5;153,00000;61499,00;HRK;HRK
XZAG;PODR;HRPODRRA0004;2020-04-09;CT;403,00;407,00;397,00;401,00;400,709265175720;0,50;27;939,00000;376266,00;HRK;HRK
XZAG;PODR;HRPODRRA0004;2020-04-08;CT;403,00;403,00;398,00;399,00;400,963494132990;-1,97;17;767,00000;307539,00;HRK;HRK
XZAG;PODR;HRPODRRA0004;2020-04-07;CT;408,00;419,00;393,00;407,00;409,360590277780;1,24;117;5760,00000;2357917,00;HRK;HRK
XZAG;PODR;HRPODRRA0004;2020-04-06;CT;386,00;404,00;385,00;402,00;393,295665341660;4,69;77;5283,00000;2077781,00;HRK;HRK
XZAG;PODR;HRPODRRA0004;2020-04-03;CT;375,00;384,00;375,00;384,00;377,765182186230;1,32;13;494,00000;186616,00;HRK;HRK
XZAG;PODR;HRPODRRA0004;2020-04-02;CT;383,00;383,00;375,00;379,00;379,178524374180;1,07;33;3036,00000;1151186,00;HRK;HRK
XZAG;PODR;HRPODRRA0004;2020-04-01;CT;369,00;380,00;364,00;375,00;372,906576200420;1,35;38;1916,00000;714489,00;HRK;HRK
XZAG;PODR;HRPODRRA0004;2020-03-31;CT;370,00;375,00;369,00;370,00;370,171785028790;1,65;28;1042,00000;385719,00;HRK;HRK
XZAG;PODR;HRPODRRA0004;2020-03-30;CT;364,00;366,00;364,00;364,00;365,069282136890;0,28;21;1198,00000;437353,00;HRK;HRK
XZAG;PODR;HRPODRRA0004;2020-03-27;CT;367,00;373,00;363,00;363,00;368,356880359330;0,00;38;2449,00000;902106,00;HRK;HRK
XZAG;PODR;HRPODRRA0004;2020-03-26;CT;364,00;364,00;360,00;363,00;361,324966974900;-0,55;26;757,00000;273523,00;HRK;HRK
XZAG;PODR;HRPODRRA0004;2020-03-25;CT;371,00;374,00;359,00;365,00;365,821057492500;1,39;80;4331,00000;1584371,00;HRK;HRK
XZAG;PODR;HRPODRRA0004;2020-03-24;CT;361,00;369,00;356,00;360,00;361,707028265850;3,75;57;2618,00000;946949,00;HRK;HRK
XZAG;PODR;HRPODRRA0004;2020-03-23;CT;354,00;354,00;333,00;347,00;344,685962117190;-3,07;38;5649,00000;1947131,00;HRK;HRK
XZAG;PODR;HRPODRRA0004;2020-03-20;CT;341,00;367,00;341,00;358,00;354,911888806160;5,60;60;4029,00000;1429940,00;HRK;HRK
XZAG;PODR;HRPODRRA0004;2020-03-19;CT;335,00;339,00;325,00;339,00;334,091690096840;2,73;55;6402,00000;2138855,00;HRK;HRK
XZAG;PODR;HRPODRRA0004;2020-03-18;CT;339,00;339,00;328,00;330,00;333,348743137820;-3,23;59;3461,00000;1153720,00;HRK;HRK
XZAG;PODR;HRPODRRA0004;2020-03-17;CT;337,00;341,00;335,00;341,00;337,575421940930;3,33;34;3792,00000;1280086,00;HRK;HRK
XZAG;PODR;HRPODRRA0004;2020-03-16;CT;350,00;350,00;321,00;330,00;334,687861271680;-11,53;46;1211,00000;405307,00;HRK;HRK
XZAG;PODR;HRPODRRA0004;2020-03-13;BLOCK;;320,00;320,00;320,00;320,000000000000;;1;10462,00000;3347840,00;HRK;HRK
XZAG;PODR;HRPODRRA0004;2020-03-13;CT;319,00;379,00;315,00;373,00;328,100806838920;16,56;143;20822,00000;6831715,00;HRK;HRK
XZAG;PODR;HRPODRRA0004;2020-03-12;CT;355,00;355,00;320,00;320,00;335,211582568810;-13,98;13;1744,00000;584609,00;HRK;HRK
XZAG;PODR;HRPODRRA0004;2020-03-11;CT;385,00;385,00;370,00;372,00;374,544372574390;-2,87;39;3865,00000;1447614,00;HRK;HRK
XZAG;PODR;HRPODRRA0004;2020-03-10;CT;382,00;390,00;382,00;383,00;385,770439680230;0,52;80;11008,00000;4246561,00;HRK;HRK
XZAG;PODR;HRPODRRA0004;2020-03-09;CT;408,00;408,00;381,00;381,00;394,811324741180;-8,63;84;4733,00000;1868642,00;HRK;HRK
XZAG;PODR;HRPODRRA0004;2020-03-06;CT;423,00;423,00;415,00;417,00;420,188075230090;-2,11;26;2499,00000;1050050,00;HRK;HRK
XZAG;PODR;HRPODRRA0004;2020-03-05;CT;427,00;427,00;425,00;426,00;425,352579852580;0,24;20;4884,00000;2077422,00;HRK;HRK
XZAG;PODR;HRPODRRA0004;2020-03-04;CT;427,00;427,00;421,00;425,00;424,701492537310;-1,16;14;1005,00000;426825,00;HRK;HRK
XZAG;PODR;HRPODRRA0004;2020-03-03;CT;433,00;438,00;430,00;430,00;431,431380259540;0,94;26;2543,00000;1097130,00;HRK;HRK
XZAG;PODR;HRPODRRA0004;2020-03-02;CT;441,00;441,00;426,00;426,00;431,056443024490;-2,52;36;1878,00000;809524,00;HRK;HRK
XZAG;PODR;HRPODRRA0004;2020-02-28;CT;442,00;444,00;437,00;437,00;442,373278236910;-2,02;27;2178,00000;963489,00;HRK;HRK
XZAG;PODR;HRPODRRA0004;2020-02-27;CT;450,00;450,00;444,00;446,00;447,952655889150;-0,89;18;866,00000;387927,00;HRK;HRK
XZAG;PODR;HRPODRRA0004;2020-02-26;CT;446,00;452,00;443,00;450,00;446,023858921160;1,12;14;964,00000;429967,00;HRK;HRK
XZAG;PODR;HRPODRRA0004;2020-02-25;CT;439,00;446,00;439,00;445,00;441,757516339870;1,14;25;1530,00000;675889,00;HRK;HRK
XZAG;PODR;HRPODRRA0004;2020-02-24;CT;459,00;459,00;440,00;440,00;445,594292803970;-4,35;42;4030,00000;1795745,00;HRK;HRK
XZAG;PODR;HRPODRRA0004;2020-02-21;CT;460,00;460,00;459,00;460,00;459,364800000000;0,00;11;625,00000;287103,00;HRK;HRK
XZAG;PODR;HRPODRRA0004;2020-02-20;CT;462,00;462,00;460,00;460,00;461,204301075270;-0,65;8;837,00000;386028,00;HRK;HRK
XZAG;PODR;HRPODRRA0004;2020-02-19;CT;463,00;463,00;463,00;463,00;463,000000000000;0,22;1;10,00000;4630,00;HRK;HRK
XZAG;PODR;HRPODRRA0004;2020-02-18;CT;463,00;463,00;462,00;462,00;462,948616600790;0,22;4;506,00000;234252,00;HRK;HRK
XZAG;PODR;HRPODRRA0004;2020-02-17;CT;463,00;463,00;460,00;461,00;460,992331980150;0,44;7;2217,00000;1022020,00;HRK;HRK
XZAG;PODR;HRPODRRA0004;2020-02-14;CT;460,00;460,00;459,00;459,00;459,180000000000;-0,86;4;200,00000;91836,00;HRK;HRK
XZAG;PODR;HRPODRRA0004;2020-02-13;CT;463,00;463,00;463,00;463,00;463,000000000000;0,00;1;15,00000;6945,00;HRK;HRK
XZAG;PODR;HRPODRRA0004;2020-02-12;CT;465,00;466,00;459,00;463,00;462,770331017570;-0,43;20;2447,00000;1132399,00;HRK;HRK
XZAG;PODR;HRPODRRA0004;2020-02-11;CT;471,00;472,00;465,00;465,00;469,725165562910;0,00;11;302,00000;141857,00;HRK;HRK
XZAG;PODR;HRPODRRA0004;2020-02-10;CT;465,00;469,00;465,00;465,00;465,493506493510;0,22;9;693,00000;322587,00;HRK;HRK
XZAG;PODR;HRPODRRA0004;2020-02-07;CT;464,00;464,00;464,00;464,00;464,000000000000;0,00;1;91,00000;42224,00;HRK;HRK
XZAG;PODR;HRPODRRA0004;2020-02-06;CT;462,00;464,00;461,00;464,00;462,482887700530;0,65;17;1870,00000;864843,00;HRK;HRK
XZAG;PODR;HRPODRRA0004;2020-02-05;CT;469,00;469,00;461,00;461,00;465,170257123000;-1,50;14;1439,00000;669380,00;HRK;HRK
XZAG;PODR;HRPODRRA0004;2020-02-04;CT;472,00;473,00;467,00;468,00;468,537267080750;0,21;9;966,00000;452607,00;HRK;HRK
XZAG;PODR;HRPODRRA0004;2020-02-03;CT;471,00;471,00;466,00;467,00;470,226415094340;-2,10;10;901,00000;423674,00;HRK;HRK
XZAG;PODR;HRPODRRA0004;2020-01-31;CT;475,00;477,00;475,00;477,00;475,565989847720;0,63;5;394,00000;187373,00;HRK;HRK
XZAG;PODR;HRPODRRA0004;2020-01-30;CT;474,00;474,00;473,00;474,00;473,936530324400;0,85;9;709,00000;336021,00;HRK;HRK
XZAG;PODR;HRPODRRA0004;2020-01-29;CT;470,00;470,00;470,00;470,00;470,000000000000;-0,63;1;17,00000;7990,00;HRK;HRK
XZAG;PODR;HRPODRRA0004;2020-01-28;BLOCK;;465,00;465,00;465,00;465,000000000000;;1;15000,00000;6975000,00;HRK;HRK
XZAG;PODR;HRPODRRA0004;2020-01-28;CT;473,00;473,00;470,00;473,00;471,287044220330;-0,21;17;1289,00000;607489,00;HRK;HRK
XZAG;PODR;HRPODRRA0004;2020-01-27;CT;476,00;476,00;473,00;474,00;474,072289156630;0,21;4;83,00000;39348,00;HRK;HRK
XZAG;PODR;HRPODRRA0004;2020-01-24;CT;474,00;474,00;473,00;473,00;473,156250000000;-0,21;2;32,00000;15141,00;HRK;HRK
XZAG;PODR;HRPODRRA0004;2020-01-23;CT;474,00;474,00;474,00;474,00;474,000000000000;0,21;1;15,00000;7110,00;HRK;HRK
XZAG;PODR;HRPODRRA0004;2020-01-22;CT;475,00;475,00;473,00;473,00;474,783422459890;-0,21;16;1122,00000;532707,00;HRK;HRK
XZAG;PODR;HRPODRRA0004;2020-01-21;CT;477,00;477,00;474,00;474,00;474,998694516970;-0,63;10;766,00000;363849,00;HRK;HRK
XZAG;PODR;HRPODRRA0004;2020-01-20;CT;478,00;478,00;477,00;477,00;477,156626506020;0,21;3;83,00000;39604,00;HRK;HRK
XZAG;PODR;HRPODRRA0004;2020-01-17;CT;476,00;476,00;476,00;476,00;476,000000000000;0,00;3;341,00000;162316,00;HRK;HRK
XZAG;PODR;HRPODRRA0004;2020-01-16;CT;477,00;477,00;475,00;476,00;475,550000000000;-0,21;13;1680,00000;798924,00;HRK;HRK
XZAG;PODR;HRPODRRA0004;2020-01-15;CT;477,00;477,00;476,00;477,00;476,070512820510;0,21;4;156,00000;74267,00;HRK;HRK
XZAG;PODR;HRPODRRA0004;2020-01-14;CT;475,00;478,00;474,00;476,00;475,891129032260;-0,21;9;496,00000;236042,00;HRK;HRK
XZAG;PODR;HRPODRRA0004;2020-01-13;CT;478,00;478,00;473,00;477,00;475,594421847760;0,42;18;1721,00000;818498,00;HRK;HRK
XZAG;PODR;HRPODRRA0004;2020-01-10;CT;472,00;477,00;472,00;475,00;474,867298578200;0,85;3;211,00000;100197,00;HRK;HRK
XZAG;PODR;HRPODRRA0004;2020-01-09;CT;478,00;480,00;471,00;471,00;475,963338157260;-1,88;28;2073,00000;986672,00;HRK;HRK
XZAG;PODR;HRPODRRA0004;2020-01-08;CT;480,00;480,00;480,00;480,00;480,000000000000;0,84;2;62,00000;29760,00;HRK;HRK
XZAG;PODR;HRPODRRA0004;2020-01-07;CT;483,00;483,00;476,00;476,00;479,041397849460;-1,24;15;1860,00000;891017,00;HRK;HRK
XZAG;PODR;HRPODRRA0004;2020-01-03;CT;482,00;485,00;480,00;482,00;480,772960054630;-0,62;23;2929,00000;1408184,00;HRK;HRK
XZAG;PODR;HRPODRRA0004;2020-01-02;CT;485,00;486,00;485,00;485,00;485,410071942450;0,21;10;278,00000;134944,00;HRK;HRK
